construct,source_dataset,source_item,moderator,level,year,n,mean_0_100,se,lo,hi,format,weight,note
climate_belief,geiger2026_vdL2019,belief_pre: climate belief pre (1-7),ALL,ALL,2017,3151.0,70.246,0.523,1,7,7-pt composite,UNWEIGHTED (online sample),vdL2019 US CONTROL arm n=3151
climate_belief,geiger2026_vdL2019,belief_pre: climate belief pre (1-7),party,Democrat,2017,996.0,81.498,0.695,1,7,7-pt composite,UNWEIGHTED (online sample),vdL2019 US CONTROL arm
climate_belief,geiger2026_vdL2019,belief_pre: climate belief pre (1-7),party,Independent,2017,835.0,69.96,1.02,1,7,7-pt composite,UNWEIGHTED (online sample),vdL2019 US CONTROL arm
climate_belief,geiger2026_vdL2019,belief_pre: climate belief pre (1-7),party,Republican,2017,733.0,55.018,1.206,1,7,7-pt composite,UNWEIGHTED (online sample),vdL2019 US CONTROL arm
climate_belief,geiger2026_veckalov,belief_climate_change: belief climate change (1-7),ALL,ALL,2022,125.0,86.933,2.122,1,7,7-pt,UNWEIGHTED (online sample),US CONTROL ARM ONLY (n~125)
climate_belief,geiger2026_veckalov,belief_climate_change: belief climate change (1-7),age_band,18-29,2022,69.0,88.164,2.507,1,7,7-pt,UNWEIGHTED (online sample),US CONTROL ARM ONLY
climate_belief,geiger2026_veckalov,belief_climate_change: belief climate change (1-7),gender,Male,2022,83.0,88.353,2.503,1,7,7-pt,UNWEIGHTED (online sample),US CONTROL ARM ONLY
climate_belief,geiger2026_veckalov,belief_climate_change: belief climate change (1-7),ideology,Left(0-4),2022,78.0,95.94,1.496,1,7,7-pt,UNWEIGHTED (online sample),US CONTROL ARM ONLY
climate_belief,geiger2026_veckalov,belief_climate_change: belief climate change (1-7),ideology,Right(6-10),2022,28.0,66.667,5.422,1,7,7-pt,UNWEIGHTED (online sample),US CONTROL ARM ONLY
climate_belief,geiger2026_veckalov,belief_crisis: belief climate crisis (1-7),ALL,ALL,2022,125.0,80.667,2.345,1,7,7-pt,UNWEIGHTED (online sample),US CONTROL ARM ONLY (n~125)
climate_belief,geiger2026_veckalov,belief_crisis: belief climate crisis (1-7),age_band,18-29,2022,69.0,81.884,2.832,1,7,7-pt,UNWEIGHTED (online sample),US CONTROL ARM ONLY
climate_belief,geiger2026_veckalov,belief_crisis: belief climate crisis (1-7),gender,Male,2022,83.0,84.538,2.568,1,7,7-pt,UNWEIGHTED (online sample),US CONTROL ARM ONLY
climate_belief,geiger2026_veckalov,belief_crisis: belief climate crisis (1-7),ideology,Left(0-4),2022,78.0,92.094,1.543,1,7,7-pt,UNWEIGHTED (online sample),US CONTROL ARM ONLY
climate_belief,geiger2026_veckalov,belief_crisis: belief climate crisis (1-7),ideology,Right(6-10),2022,28.0,55.952,5.7,1,7,7-pt,UNWEIGHTED (online sample),US CONTROL ARM ONLY
climate_belief,geiger2026_veckalov,belief_human_causation: belief human causation (1-7),ALL,ALL,2022,122.0,80.874,1.837,1,7,7-pt,UNWEIGHTED (online sample),US CONTROL ARM ONLY (n~125)
climate_belief,geiger2026_veckalov,belief_human_causation: belief human causation (1-7),age_band,18-29,2022,68.0,81.863,2.256,1,7,7-pt,UNWEIGHTED (online sample),US CONTROL ARM ONLY
climate_belief,geiger2026_veckalov,belief_human_causation: belief human causation (1-7),gender,Male,2022,82.0,82.317,2.152,1,7,7-pt,UNWEIGHTED (online sample),US CONTROL ARM ONLY
climate_belief,geiger2026_veckalov,belief_human_causation: belief human causation (1-7),ideology,Left(0-4),2022,78.0,87.179,1.636,1,7,7-pt,UNWEIGHTED (online sample),US CONTROL ARM ONLY
climate_belief,geiger2026_veckalov,belief_human_causation: belief human causation (1-7),ideology,Right(6-10),2022,26.0,66.667,5.23,1,7,7-pt,UNWEIGHTED (online sample),US CONTROL ARM ONLY
climate_belief,voelkel2026,Belief_Post 0-100 slider (climate belief),ALL,ALL,2024,3109.0,65.438,0.404,0,100,0-100 slider (composite of 3-6 items),UNWEIGHTED (quota sample),"CONTROL ARM ONLY (3 innocuous-text controls pooled), post-treatment"
climate_belief,voelkel2026,Belief_Post 0-100 slider (climate belief),age_band,18-24,2024,301.0,74.1,1.044,0,100,0-100 slider (composite of 3-6 items),UNWEIGHTED (quota sample),"CONTROL ARM ONLY (3 innocuous-text controls pooled), post-treatment"
climate_belief,voelkel2026,Belief_Post 0-100 slider (climate belief),age_band,25-34,2024,434.0,68.088,0.988,0,100,0-100 slider (composite of 3-6 items),UNWEIGHTED (quota sample),"CONTROL ARM ONLY (3 innocuous-text controls pooled), post-treatment"
climate_belief,voelkel2026,Belief_Post 0-100 slider (climate belief),age_band,35-44,2024,594.0,65.991,0.861,0,100,0-100 slider (composite of 3-6 items),UNWEIGHTED (quota sample),"CONTROL ARM ONLY (3 innocuous-text controls pooled), post-treatment"
climate_belief,voelkel2026,Belief_Post 0-100 slider (climate belief),age_band,45-54,2024,533.0,65.368,0.955,0,100,0-100 slider (composite of 3-6 items),UNWEIGHTED (quota sample),"CONTROL ARM ONLY (3 innocuous-text controls pooled), post-treatment"
climate_belief,voelkel2026,Belief_Post 0-100 slider (climate belief),age_band,55-64,2024,539.0,62.965,1.063,0,100,0-100 slider (composite of 3-6 items),UNWEIGHTED (quota sample),"CONTROL ARM ONLY (3 innocuous-text controls pooled), post-treatment"
climate_belief,voelkel2026,Belief_Post 0-100 slider (climate belief),age_band,65+,2024,708.0,61.602,0.901,0,100,0-100 slider (composite of 3-6 items),UNWEIGHTED (quota sample),"CONTROL ARM ONLY (3 innocuous-text controls pooled), post-treatment"
climate_belief,voelkel2026,Belief_Post 0-100 slider (climate belief),education,Bachelor or Postgraduate,2024,1145.0,67.742,0.661,0,100,0-100 slider (composite of 3-6 items),UNWEIGHTED (quota sample),"CONTROL ARM ONLY (3 innocuous-text controls pooled), post-treatment"
climate_belief,voelkel2026,Belief_Post 0-100 slider (climate belief),education,HS or less,2024,886.0,63.568,0.74,0,100,0-100 slider (composite of 3-6 items),UNWEIGHTED (quota sample),"CONTROL ARM ONLY (3 innocuous-text controls pooled), post-treatment"
climate_belief,voelkel2026,Belief_Post 0-100 slider (climate belief),education,Some college,2024,1078.0,64.527,0.697,0,100,0-100 slider (composite of 3-6 items),UNWEIGHTED (quota sample),"CONTROL ARM ONLY (3 innocuous-text controls pooled), post-treatment"
climate_belief,voelkel2026,Belief_Post 0-100 slider (climate belief),gender,Female,2024,1706.0,66.404,0.503,0,100,0-100 slider (composite of 3-6 items),UNWEIGHTED (quota sample),"CONTROL ARM ONLY (3 innocuous-text controls pooled), post-treatment"
climate_belief,voelkel2026,Belief_Post 0-100 slider (climate belief),gender,Male,2024,1374.0,63.857,0.656,0,100,0-100 slider (composite of 3-6 items),UNWEIGHTED (quota sample),"CONTROL ARM ONLY (3 innocuous-text controls pooled), post-treatment"
climate_belief,voelkel2026,Belief_Post 0-100 slider (climate belief),ideology,Conservative(6-7),2024,755.0,48.462,0.853,0,100,0-100 slider (composite of 3-6 items),UNWEIGHTED (quota sample),"CONTROL ARM ONLY (3 innocuous-text controls pooled), post-treatment"
climate_belief,voelkel2026,Belief_Post 0-100 slider (climate belief),ideology,Liberal(3),2024,275.0,74.061,1.058,0,100,0-100 slider (composite of 3-6 items),UNWEIGHTED (quota sample),"CONTROL ARM ONLY (3 innocuous-text controls pooled), post-treatment"
climate_belief,voelkel2026,Belief_Post 0-100 slider (climate belief),ideology,Moderate-cons(4-5),2024,1341.0,65.246,0.514,0,100,0-100 slider (composite of 3-6 items),UNWEIGHTED (quota sample),"CONTROL ARM ONLY (3 innocuous-text controls pooled), post-treatment"
climate_belief,voelkel2026,Belief_Post 0-100 slider (climate belief),ideology,Very liberal(1-2),2024,738.0,79.939,0.619,0,100,0-100 slider (composite of 3-6 items),UNWEIGHTED (quota sample),"CONTROL ARM ONLY (3 innocuous-text controls pooled), post-treatment"
climate_belief,voelkel2026,Belief_Post 0-100 slider (climate belief),income,inc1-2,2024,980.0,66.652,0.689,0,100,0-100 slider (composite of 3-6 items),UNWEIGHTED (quota sample),"CONTROL ARM ONLY (3 innocuous-text controls pooled), post-treatment"
climate_belief,voelkel2026,Belief_Post 0-100 slider (climate belief),income,inc3-4,2024,1023.0,65.137,0.709,0,100,0-100 slider (composite of 3-6 items),UNWEIGHTED (quota sample),"CONTROL ARM ONLY (3 innocuous-text controls pooled), post-treatment"
climate_belief,voelkel2026,Belief_Post 0-100 slider (climate belief),income,inc5-6,2024,585.0,62.754,0.997,0,100,0-100 slider (composite of 3-6 items),UNWEIGHTED (quota sample),"CONTROL ARM ONLY (3 innocuous-text controls pooled), post-treatment"
climate_belief,voelkel2026,Belief_Post 0-100 slider (climate belief),income,inc7+,2024,412.0,66.794,1.109,0,100,0-100 slider (composite of 3-6 items),UNWEIGHTED (quota sample),"CONTROL ARM ONLY (3 innocuous-text controls pooled), post-treatment"
climate_belief,voelkel2026,Belief_Post 0-100 slider (climate belief),party,Democrat,2024,1372.0,76.471,0.466,0,100,0-100 slider (composite of 3-6 items),UNWEIGHTED (quota sample),"CONTROL ARM ONLY (3 innocuous-text controls pooled), post-treatment"
climate_belief,voelkel2026,Belief_Post 0-100 slider (climate belief),party,Independent,2024,400.0,67.072,0.972,0,100,0-100 slider (composite of 3-6 items),UNWEIGHTED (quota sample),"CONTROL ARM ONLY (3 innocuous-text controls pooled), post-treatment"
climate_belief,voelkel2026,Belief_Post 0-100 slider (climate belief),party,Republican,2024,1337.0,53.626,0.609,0,100,0-100 slider (composite of 3-6 items),UNWEIGHTED (quota sample),"CONTROL ARM ONLY (3 innocuous-text controls pooled), post-treatment"
climate_belief,voelkel2026,Belief_Post 0-100 slider (climate belief),race,Asian,2024,152.0,71.434,1.515,0,100,0-100 slider (composite of 3-6 items),UNWEIGHTED (quota sample),"CONTROL ARM ONLY (3 innocuous-text controls pooled), post-treatment"
climate_belief,voelkel2026,Belief_Post 0-100 slider (climate belief),race,Black,2024,406.0,68.253,0.897,0,100,0-100 slider (composite of 3-6 items),UNWEIGHTED (quota sample),"CONTROL ARM ONLY (3 innocuous-text controls pooled), post-treatment"
climate_belief,voelkel2026,Belief_Post 0-100 slider (climate belief),race,Hispanic,2024,274.0,68.431,1.261,0,100,0-100 slider (composite of 3-6 items),UNWEIGHTED (quota sample),"CONTROL ARM ONLY (3 innocuous-text controls pooled), post-treatment"
climate_belief,voelkel2026,Belief_Post 0-100 slider (climate belief),race,Other,2024,79.0,66.502,2.711,0,100,0-100 slider (composite of 3-6 items),UNWEIGHTED (quota sample),"CONTROL ARM ONLY (3 innocuous-text controls pooled), post-treatment"
climate_belief,voelkel2026,Belief_Post 0-100 slider (climate belief),race,White,2024,2198.0,64.092,0.501,0,100,0-100 slider (composite of 3-6 items),UNWEIGHTED (quota sample),"CONTROL ARM ONLY (3 innocuous-text controls pooled), post-treatment"
climate_belief,voelkel2026,Belief_Pre 0-100 slider (climate belief),ALL,ALL,2024,3181.0,65.0,0.395,0,100,0-100 slider (composite of 3-6 items),UNWEIGHTED (quota sample),"CONTROL ARM ONLY (3 innocuous-text controls pooled), baseline pre-treatment"
climate_belief,voelkel2026,Belief_Pre 0-100 slider (climate belief),age_band,18-24,2024,310.0,74.253,1.019,0,100,0-100 slider (composite of 3-6 items),UNWEIGHTED (quota sample),"CONTROL ARM ONLY (3 innocuous-text controls pooled), baseline pre-treatment"
climate_belief,voelkel2026,Belief_Pre 0-100 slider (climate belief),age_band,25-34,2024,437.0,68.502,0.983,0,100,0-100 slider (composite of 3-6 items),UNWEIGHTED (quota sample),"CONTROL ARM ONLY (3 innocuous-text controls pooled), baseline pre-treatment"
climate_belief,voelkel2026,Belief_Pre 0-100 slider (climate belief),age_band,35-44,2024,605.0,65.663,0.839,0,100,0-100 slider (composite of 3-6 items),UNWEIGHTED (quota sample),"CONTROL ARM ONLY (3 innocuous-text controls pooled), baseline pre-treatment"
climate_belief,voelkel2026,Belief_Pre 0-100 slider (climate belief),age_band,45-54,2024,552.0,65.111,0.923,0,100,0-100 slider (composite of 3-6 items),UNWEIGHTED (quota sample),"CONTROL ARM ONLY (3 innocuous-text controls pooled), baseline pre-treatment"
climate_belief,voelkel2026,Belief_Pre 0-100 slider (climate belief),age_band,55-64,2024,553.0,62.458,1.014,0,100,0-100 slider (composite of 3-6 items),UNWEIGHTED (quota sample),"CONTROL ARM ONLY (3 innocuous-text controls pooled), baseline pre-treatment"
climate_belief,voelkel2026,Belief_Pre 0-100 slider (climate belief),age_band,65+,2024,724.0,60.228,0.887,0,100,0-100 slider (composite of 3-6 items),UNWEIGHTED (quota sample),"CONTROL ARM ONLY (3 innocuous-text controls pooled), baseline pre-treatment"
climate_belief,voelkel2026,Belief_Pre 0-100 slider (climate belief),education,Bachelor or Postgraduate,2024,1168.0,67.041,0.643,0,100,0-100 slider (composite of 3-6 items),UNWEIGHTED (quota sample),"CONTROL ARM ONLY (3 innocuous-text controls pooled), baseline pre-treatment"
climate_belief,voelkel2026,Belief_Pre 0-100 slider (climate belief),education,HS or less,2024,907.0,63.593,0.717,0,100,0-100 slider (composite of 3-6 items),UNWEIGHTED (quota sample),"CONTROL ARM ONLY (3 innocuous-text controls pooled), baseline pre-treatment"
climate_belief,voelkel2026,Belief_Pre 0-100 slider (climate belief),education,Some college,2024,1106.0,63.999,0.691,0,100,0-100 slider (composite of 3-6 items),UNWEIGHTED (quota sample),"CONTROL ARM ONLY (3 innocuous-text controls pooled), baseline pre-treatment"
climate_belief,voelkel2026,Belief_Pre 0-100 slider (climate belief),gender,Female,2024,1746.0,65.737,0.495,0,100,0-100 slider (composite of 3-6 items),UNWEIGHTED (quota sample),"CONTROL ARM ONLY (3 innocuous-text controls pooled), baseline pre-treatment"
climate_belief,voelkel2026,Belief_Pre 0-100 slider (climate belief),gender,Male,2024,1406.0,63.72,0.639,0,100,0-100 slider (composite of 3-6 items),UNWEIGHTED (quota sample),"CONTROL ARM ONLY (3 innocuous-text controls pooled), baseline pre-treatment"
climate_belief,voelkel2026,Belief_Pre 0-100 slider (climate belief),ideology,Conservative(6-7),2024,772.0,47.747,0.822,0,100,0-100 slider (composite of 3-6 items),UNWEIGHTED (quota sample),"CONTROL ARM ONLY (3 innocuous-text controls pooled), baseline pre-treatment"
climate_belief,voelkel2026,Belief_Pre 0-100 slider (climate belief),ideology,Liberal(3),2024,278.0,73.042,1.005,0,100,0-100 slider (composite of 3-6 items),UNWEIGHTED (quota sample),"CONTROL ARM ONLY (3 innocuous-text controls pooled), baseline pre-treatment"
climate_belief,voelkel2026,Belief_Pre 0-100 slider (climate belief),ideology,Moderate-cons(4-5),2024,1376.0,64.774,0.505,0,100,0-100 slider (composite of 3-6 items),UNWEIGHTED (quota sample),"CONTROL ARM ONLY (3 innocuous-text controls pooled), baseline pre-treatment"
climate_belief,voelkel2026,Belief_Pre 0-100 slider (climate belief),ideology,Very liberal(1-2),2024,755.0,80.093,0.587,0,100,0-100 slider (composite of 3-6 items),UNWEIGHTED (quota sample),"CONTROL ARM ONLY (3 innocuous-text controls pooled), baseline pre-treatment"
climate_belief,voelkel2026,Belief_Pre 0-100 slider (climate belief),income,inc1-2,2024,1005.0,66.246,0.679,0,100,0-100 slider (composite of 3-6 items),UNWEIGHTED (quota sample),"CONTROL ARM ONLY (3 innocuous-text controls pooled), baseline pre-treatment"
climate_belief,voelkel2026,Belief_Pre 0-100 slider (climate belief),income,inc3-4,2024,1039.0,64.611,0.69,0,100,0-100 slider (composite of 3-6 items),UNWEIGHTED (quota sample),"CONTROL ARM ONLY (3 innocuous-text controls pooled), baseline pre-treatment"
climate_belief,voelkel2026,Belief_Pre 0-100 slider (climate belief),income,inc5-6,2024,598.0,62.959,0.968,0,100,0-100 slider (composite of 3-6 items),UNWEIGHTED (quota sample),"CONTROL ARM ONLY (3 innocuous-text controls pooled), baseline pre-treatment"
climate_belief,voelkel2026,Belief_Pre 0-100 slider (climate belief),income,inc7+,2024,426.0,65.412,1.08,0,100,0-100 slider (composite of 3-6 items),UNWEIGHTED (quota sample),"CONTROL ARM ONLY (3 innocuous-text controls pooled), baseline pre-treatment"
climate_belief,voelkel2026,Belief_Pre 0-100 slider (climate belief),party,Democrat,2024,1400.0,76.063,0.454,0,100,0-100 slider (composite of 3-6 items),UNWEIGHTED (quota sample),"CONTROL ARM ONLY (3 innocuous-text controls pooled), baseline pre-treatment"
climate_belief,voelkel2026,Belief_Pre 0-100 slider (climate belief),party,Independent,2024,409.0,66.491,0.956,0,100,0-100 slider (composite of 3-6 items),UNWEIGHTED (quota sample),"CONTROL ARM ONLY (3 innocuous-text controls pooled), baseline pre-treatment"
climate_belief,voelkel2026,Belief_Pre 0-100 slider (climate belief),party,Republican,2024,1372.0,53.267,0.593,0,100,0-100 slider (composite of 3-6 items),UNWEIGHTED (quota sample),"CONTROL ARM ONLY (3 innocuous-text controls pooled), baseline pre-treatment"
climate_belief,voelkel2026,Belief_Pre 0-100 slider (climate belief),race,Asian,2024,156.0,72.271,1.433,0,100,0-100 slider (composite of 3-6 items),UNWEIGHTED (quota sample),"CONTROL ARM ONLY (3 innocuous-text controls pooled), baseline pre-treatment"
climate_belief,voelkel2026,Belief_Pre 0-100 slider (climate belief),race,Black,2024,412.0,68.649,0.857,0,100,0-100 slider (composite of 3-6 items),UNWEIGHTED (quota sample),"CONTROL ARM ONLY (3 innocuous-text controls pooled), baseline pre-treatment"
climate_belief,voelkel2026,Belief_Pre 0-100 slider (climate belief),race,Hispanic,2024,277.0,67.434,1.284,0,100,0-100 slider (composite of 3-6 items),UNWEIGHTED (quota sample),"CONTROL ARM ONLY (3 innocuous-text controls pooled), baseline pre-treatment"
climate_belief,voelkel2026,Belief_Pre 0-100 slider (climate belief),race,Other,2024,84.0,68.556,2.526,0,100,0-100 slider (composite of 3-6 items),UNWEIGHTED (quota sample),"CONTROL ARM ONLY (3 innocuous-text controls pooled), baseline pre-treatment"
climate_belief,voelkel2026,Belief_Pre 0-100 slider (climate belief),race,White,2024,2252.0,63.397,0.489,0,100,0-100 slider (composite of 3-6 items),UNWEIGHTED (quota sample),"CONTROL ARM ONLY (3 innocuous-text controls pooled), baseline pre-treatment"
climate_belief_happening,ccam,happening: global warming is happening (% yes),ALL,ALL,2020-2024,10294.0,72.354,0.482,0,1,binary % ,weight_aggregate,
climate_belief_happening,ccam,happening: global warming is happening (% yes),ALL,ALL,2008,2155.0,71.196,1.264,0,1,binary %,weight_aggregate,annual trend
climate_belief_happening,ccam,happening: global warming is happening (% yes),ALL,ALL,2010,1021.0,61.043,2.016,0,1,binary %,weight_aggregate,annual trend
climate_belief_happening,ccam,happening: global warming is happening (% yes),ALL,ALL,2011,1978.0,63.505,1.285,0,1,binary %,weight_aggregate,annual trend
climate_belief_happening,ccam,happening: global warming is happening (% yes),ALL,ALL,2012,1061.0,70.07,1.77,0,1,binary %,weight_aggregate,annual trend
climate_belief_happening,ccam,happening: global warming is happening (% yes),ALL,ALL,2013,1867.0,63.162,1.444,0,1,binary %,weight_aggregate,annual trend
climate_belief_happening,ccam,happening: global warming is happening (% yes),ALL,ALL,2014,2286.0,65.015,1.118,0,1,binary %,weight_aggregate,annual trend
climate_belief_happening,ccam,happening: global warming is happening (% yes),ALL,ALL,2015,2593.0,65.006,1.036,0,1,binary %,weight_aggregate,annual trend
climate_belief_happening,ccam,happening: global warming is happening (% yes),ALL,ALL,2016,2430.0,70.288,1.057,0,1,binary %,weight_aggregate,annual trend
climate_belief_happening,ccam,happening: global warming is happening (% yes),ALL,ALL,2017,2570.0,70.809,0.986,0,1,binary %,weight_aggregate,annual trend
climate_belief_happening,ccam,happening: global warming is happening (% yes),ALL,ALL,2018,2391.0,71.481,1.065,0,1,binary %,weight_aggregate,annual trend
climate_belief_happening,ccam,happening: global warming is happening (% yes),ALL,ALL,2019,2593.0,70.428,0.963,0,1,binary %,weight_aggregate,annual trend
climate_belief_happening,ccam,happening: global warming is happening (% yes),ALL,ALL,2020,2063.0,72.991,1.11,0,1,binary %,weight_aggregate,annual trend
climate_belief_happening,ccam,happening: global warming is happening (% yes),ALL,ALL,2021,2043.0,73.18,1.078,0,1,binary %,weight_aggregate,annual trend
climate_belief_happening,ccam,happening: global warming is happening (% yes),ALL,ALL,2022,2103.0,71.109,1.063,0,1,binary %,weight_aggregate,annual trend
climate_belief_happening,ccam,happening: global warming is happening (% yes),ALL,ALL,2023,2042.0,73.271,1.064,0,1,binary %,weight_aggregate,annual trend
climate_belief_happening,ccam,happening: global warming is happening (% yes),ALL,ALL,2024,2043.0,71.421,1.066,0,1,binary %,weight_aggregate,annual trend
climate_belief_happening,ccam,happening: global warming is happening (% yes),age_band,18-34 years,2020-2024,1984.0,76.638,1.038,0,1,binary %,weight_aggregate,
climate_belief_happening,ccam,happening: global warming is happening (% yes),age_band,35-54 years,2020-2024,3130.0,72.154,0.849,0,1,binary %,weight_aggregate,
climate_belief_happening,ccam,happening: global warming is happening (% yes),age_band,55+ years,2020-2024,5180.0,69.584,0.68,0,1,binary %,weight_aggregate,
climate_belief_happening,ccam,happening: global warming is happening (% yes),education,Bachelor+,2020-2024,4218.0,82.578,0.599,0,1,binary %,weight_aggregate,
climate_belief_happening,ccam,happening: global warming is happening (% yes),education,HS or less,2020-2024,3254.0,64.626,0.908,0,1,binary %,weight_aggregate,
climate_belief_happening,ccam,happening: global warming is happening (% yes),education,Some college,2020-2024,2822.0,70.494,0.902,0,1,binary %,weight_aggregate,
climate_belief_happening,ccam,happening: global warming is happening (% yes),gender,Female,2020-2024,5188.0,73.824,0.669,0,1,binary %,weight_aggregate,
climate_belief_happening,ccam,happening: global warming is happening (% yes),gender,Male,2020-2024,5106.0,70.801,0.694,0,1,binary %,weight_aggregate,
climate_belief_happening,ccam,happening: global warming is happening (% yes),ideology,"Moderate, middle of the road",2020-2024,4225.0,77.515,0.718,0,1,binary %,weight_aggregate,
climate_belief_happening,ccam,happening: global warming is happening (% yes),ideology,Somewhat conservative,2020-2024,2117.0,52.069,1.179,0,1,binary %,weight_aggregate,
climate_belief_happening,ccam,happening: global warming is happening (% yes),ideology,Somewhat liberal,2020-2024,1791.0,93.513,0.697,0,1,binary %,weight_aggregate,
climate_belief_happening,ccam,happening: global warming is happening (% yes),ideology,Very conservative,2020-2024,1065.0,33.208,1.597,0,1,binary %,weight_aggregate,
climate_belief_happening,ccam,happening: global warming is happening (% yes),ideology,Very liberal,2020-2024,917.0,93.189,0.986,0,1,binary %,weight_aggregate,
climate_belief_happening,ccam,happening: global warming is happening (% yes),income,"$100,000 or more",2020-2024,4552.0,75.724,0.682,0,1,binary %,weight_aggregate,
climate_belief_happening,ccam,happening: global warming is happening (% yes),income,"$50,000 to $99,999",2020-2024,3095.0,71.243,0.885,0,1,binary %,weight_aggregate,
climate_belief_happening,ccam,happening: global warming is happening (% yes),income,"Less than $50,000",2020-2024,2647.0,68.533,0.996,0,1,binary %,weight_aggregate,
climate_belief_happening,ccam,happening: global warming is happening (% yes),party,Democrats,2020-2024,4426.0,91.839,0.484,0,1,binary %,weight_aggregate,
climate_belief_happening,ccam,happening: global warming is happening (% yes),party,Independent/Other,2020-2024,1065.0,73.536,1.504,0,1,binary %,weight_aggregate,
climate_belief_happening,ccam,happening: global warming is happening (% yes),party,Republicans,2020-2024,3960.0,50.759,0.86,0,1,binary %,weight_aggregate,
climate_belief_happening,ccam,happening: global warming is happening (% yes),race,"Black, Non-Hispanic",2020-2024,971.0,75.77,1.521,0,1,binary %,weight_aggregate,
climate_belief_happening,ccam,happening: global warming is happening (% yes),race,Hispanic,2020-2024,1263.0,77.592,1.253,0,1,binary %,weight_aggregate,
climate_belief_happening,ccam,happening: global warming is happening (% yes),race,"Other, Non-Hispanic",2020-2024,788.0,82.759,1.565,0,1,binary %,weight_aggregate,
climate_belief_happening,ccam,happening: global warming is happening (% yes),race,"White, Non-Hispanic",2020-2024,7272.0,68.799,0.583,0,1,binary %,weight_aggregate,
climate_candidate,voelkel2026,Candidate_Post 0-100 slider (candidate support),ALL,ALL,2024,3048.0,32.533,0.39,0,100,0-100 slider (composite of 3-6 items),UNWEIGHTED (quota sample),"CONTROL ARM ONLY (3 innocuous-text controls pooled), post-treatment"
climate_candidate,voelkel2026,Candidate_Post 0-100 slider (candidate support),age_band,18-24,2024,295.0,39.236,1.104,0,100,0-100 slider (composite of 3-6 items),UNWEIGHTED (quota sample),"CONTROL ARM ONLY (3 innocuous-text controls pooled), post-treatment"
climate_candidate,voelkel2026,Candidate_Post 0-100 slider (candidate support),age_band,25-34,2024,427.0,32.686,0.991,0,100,0-100 slider (composite of 3-6 items),UNWEIGHTED (quota sample),"CONTROL ARM ONLY (3 innocuous-text controls pooled), post-treatment"
climate_candidate,voelkel2026,Candidate_Post 0-100 slider (candidate support),age_band,35-44,2024,581.0,33.966,0.878,0,100,0-100 slider (composite of 3-6 items),UNWEIGHTED (quota sample),"CONTROL ARM ONLY (3 innocuous-text controls pooled), post-treatment"
climate_candidate,voelkel2026,Candidate_Post 0-100 slider (candidate support),age_band,45-54,2024,525.0,31.504,0.918,0,100,0-100 slider (composite of 3-6 items),UNWEIGHTED (quota sample),"CONTROL ARM ONLY (3 innocuous-text controls pooled), post-treatment"
climate_candidate,voelkel2026,Candidate_Post 0-100 slider (candidate support),age_band,55-64,2024,526.0,32.919,0.976,0,100,0-100 slider (composite of 3-6 items),UNWEIGHTED (quota sample),"CONTROL ARM ONLY (3 innocuous-text controls pooled), post-treatment"
climate_candidate,voelkel2026,Candidate_Post 0-100 slider (candidate support),age_band,65+,2024,694.0,28.877,0.851,0,100,0-100 slider (composite of 3-6 items),UNWEIGHTED (quota sample),"CONTROL ARM ONLY (3 innocuous-text controls pooled), post-treatment"
climate_candidate,voelkel2026,Candidate_Post 0-100 slider (candidate support),education,Bachelor or Postgraduate,2024,1130.0,33.019,0.637,0,100,0-100 slider (composite of 3-6 items),UNWEIGHTED (quota sample),"CONTROL ARM ONLY (3 innocuous-text controls pooled), post-treatment"
climate_candidate,voelkel2026,Candidate_Post 0-100 slider (candidate support),education,HS or less,2024,867.0,32.248,0.758,0,100,0-100 slider (composite of 3-6 items),UNWEIGHTED (quota sample),"CONTROL ARM ONLY (3 innocuous-text controls pooled), post-treatment"
climate_candidate,voelkel2026,Candidate_Post 0-100 slider (candidate support),education,Some college,2024,1051.0,32.246,0.647,0,100,0-100 slider (composite of 3-6 items),UNWEIGHTED (quota sample),"CONTROL ARM ONLY (3 innocuous-text controls pooled), post-treatment"
climate_candidate,voelkel2026,Candidate_Post 0-100 slider (candidate support),gender,Female,2024,1673.0,32.11,0.508,0,100,0-100 slider (composite of 3-6 items),UNWEIGHTED (quota sample),"CONTROL ARM ONLY (3 innocuous-text controls pooled), post-treatment"
climate_candidate,voelkel2026,Candidate_Post 0-100 slider (candidate support),gender,Male,2024,1346.0,33.003,0.614,0,100,0-100 slider (composite of 3-6 items),UNWEIGHTED (quota sample),"CONTROL ARM ONLY (3 innocuous-text controls pooled), post-treatment"
climate_candidate,voelkel2026,Candidate_Post 0-100 slider (candidate support),ideology,Conservative(6-7),2024,744.0,22.567,0.795,0,100,0-100 slider (composite of 3-6 items),UNWEIGHTED (quota sample),"CONTROL ARM ONLY (3 innocuous-text controls pooled), post-treatment"
climate_candidate,voelkel2026,Candidate_Post 0-100 slider (candidate support),ideology,Liberal(3),2024,271.0,37.034,1.179,0,100,0-100 slider (composite of 3-6 items),UNWEIGHTED (quota sample),"CONTROL ARM ONLY (3 innocuous-text controls pooled), post-treatment"
climate_candidate,voelkel2026,Candidate_Post 0-100 slider (candidate support),ideology,Moderate-cons(4-5),2024,1308.0,34.712,0.558,0,100,0-100 slider (composite of 3-6 items),UNWEIGHTED (quota sample),"CONTROL ARM ONLY (3 innocuous-text controls pooled), post-treatment"
climate_candidate,voelkel2026,Candidate_Post 0-100 slider (candidate support),ideology,Very liberal(1-2),2024,725.0,37.147,0.789,0,100,0-100 slider (composite of 3-6 items),UNWEIGHTED (quota sample),"CONTROL ARM ONLY (3 innocuous-text controls pooled), post-treatment"
climate_candidate,voelkel2026,Candidate_Post 0-100 slider (candidate support),income,inc1-2,2024,952.0,33.227,0.698,0,100,0-100 slider (composite of 3-6 items),UNWEIGHTED (quota sample),"CONTROL ARM ONLY (3 innocuous-text controls pooled), post-treatment"
climate_candidate,voelkel2026,Candidate_Post 0-100 slider (candidate support),income,inc3-4,2024,1006.0,31.861,0.685,0,100,0-100 slider (composite of 3-6 items),UNWEIGHTED (quota sample),"CONTROL ARM ONLY (3 innocuous-text controls pooled), post-treatment"
climate_candidate,voelkel2026,Candidate_Post 0-100 slider (candidate support),income,inc5-6,2024,575.0,31.332,0.862,0,100,0-100 slider (composite of 3-6 items),UNWEIGHTED (quota sample),"CONTROL ARM ONLY (3 innocuous-text controls pooled), post-treatment"
climate_candidate,voelkel2026,Candidate_Post 0-100 slider (candidate support),income,inc7+,2024,408.0,33.502,1.135,0,100,0-100 slider (composite of 3-6 items),UNWEIGHTED (quota sample),"CONTROL ARM ONLY (3 innocuous-text controls pooled), post-treatment"
climate_candidate,voelkel2026,Candidate_Post 0-100 slider (candidate support),party,Democrat,2024,1347.0,37.788,0.57,0,100,0-100 slider (composite of 3-6 items),UNWEIGHTED (quota sample),"CONTROL ARM ONLY (3 innocuous-text controls pooled), post-treatment"
climate_candidate,voelkel2026,Candidate_Post 0-100 slider (candidate support),party,Independent,2024,389.0,34.691,1.011,0,100,0-100 slider (composite of 3-6 items),UNWEIGHTED (quota sample),"CONTROL ARM ONLY (3 innocuous-text controls pooled), post-treatment"
climate_candidate,voelkel2026,Candidate_Post 0-100 slider (candidate support),party,Republican,2024,1312.0,26.499,0.582,0,100,0-100 slider (composite of 3-6 items),UNWEIGHTED (quota sample),"CONTROL ARM ONLY (3 innocuous-text controls pooled), post-treatment"
climate_candidate,voelkel2026,Candidate_Post 0-100 slider (candidate support),race,Asian,2024,149.0,37.381,1.594,0,100,0-100 slider (composite of 3-6 items),UNWEIGHTED (quota sample),"CONTROL ARM ONLY (3 innocuous-text controls pooled), post-treatment"
climate_candidate,voelkel2026,Candidate_Post 0-100 slider (candidate support),race,Black,2024,399.0,35.866,1.098,0,100,0-100 slider (composite of 3-6 items),UNWEIGHTED (quota sample),"CONTROL ARM ONLY (3 innocuous-text controls pooled), post-treatment"
climate_candidate,voelkel2026,Candidate_Post 0-100 slider (candidate support),race,Hispanic,2024,271.0,34.31,1.34,0,100,0-100 slider (composite of 3-6 items),UNWEIGHTED (quota sample),"CONTROL ARM ONLY (3 innocuous-text controls pooled), post-treatment"
climate_candidate,voelkel2026,Candidate_Post 0-100 slider (candidate support),race,Other,2024,75.0,35.007,2.614,0,100,0-100 slider (composite of 3-6 items),UNWEIGHTED (quota sample),"CONTROL ARM ONLY (3 innocuous-text controls pooled), post-treatment"
climate_candidate,voelkel2026,Candidate_Post 0-100 slider (candidate support),race,White,2024,2154.0,31.271,0.46,0,100,0-100 slider (composite of 3-6 items),UNWEIGHTED (quota sample),"CONTROL ARM ONLY (3 innocuous-text controls pooled), post-treatment"
climate_candidate,voelkel2026,Candidate_Pre 0-100 slider (candidate support),ALL,ALL,2024,3180.0,34.657,0.381,0,100,0-100 slider (composite of 3-6 items),UNWEIGHTED (quota sample),"CONTROL ARM ONLY (3 innocuous-text controls pooled), baseline pre-treatment"
climate_candidate,voelkel2026,Candidate_Pre 0-100 slider (candidate support),age_band,18-24,2024,310.0,40.636,1.043,0,100,0-100 slider (composite of 3-6 items),UNWEIGHTED (quota sample),"CONTROL ARM ONLY (3 innocuous-text controls pooled), baseline pre-treatment"
climate_candidate,voelkel2026,Candidate_Pre 0-100 slider (candidate support),age_band,25-34,2024,437.0,34.765,0.996,0,100,0-100 slider (composite of 3-6 items),UNWEIGHTED (quota sample),"CONTROL ARM ONLY (3 innocuous-text controls pooled), baseline pre-treatment"
climate_candidate,voelkel2026,Candidate_Pre 0-100 slider (candidate support),age_band,35-44,2024,606.0,36.609,0.87,0,100,0-100 slider (composite of 3-6 items),UNWEIGHTED (quota sample),"CONTROL ARM ONLY (3 innocuous-text controls pooled), baseline pre-treatment"
climate_candidate,voelkel2026,Candidate_Pre 0-100 slider (candidate support),age_band,45-54,2024,552.0,33.856,0.927,0,100,0-100 slider (composite of 3-6 items),UNWEIGHTED (quota sample),"CONTROL ARM ONLY (3 innocuous-text controls pooled), baseline pre-treatment"
climate_candidate,voelkel2026,Candidate_Pre 0-100 slider (candidate support),age_band,55-64,2024,552.0,34.354,0.913,0,100,0-100 slider (composite of 3-6 items),UNWEIGHTED (quota sample),"CONTROL ARM ONLY (3 innocuous-text controls pooled), baseline pre-treatment"
climate_candidate,voelkel2026,Candidate_Pre 0-100 slider (candidate support),age_band,65+,2024,723.0,31.235,0.834,0,100,0-100 slider (composite of 3-6 items),UNWEIGHTED (quota sample),"CONTROL ARM ONLY (3 innocuous-text controls pooled), baseline pre-treatment"
climate_candidate,voelkel2026,Candidate_Pre 0-100 slider (candidate support),education,Bachelor or Postgraduate,2024,1167.0,35.235,0.625,0,100,0-100 slider (composite of 3-6 items),UNWEIGHTED (quota sample),"CONTROL ARM ONLY (3 innocuous-text controls pooled), baseline pre-treatment"
climate_candidate,voelkel2026,Candidate_Pre 0-100 slider (candidate support),education,HS or less,2024,907.0,33.842,0.727,0,100,0-100 slider (composite of 3-6 items),UNWEIGHTED (quota sample),"CONTROL ARM ONLY (3 innocuous-text controls pooled), baseline pre-treatment"
climate_candidate,voelkel2026,Candidate_Pre 0-100 slider (candidate support),education,Some college,2024,1106.0,34.716,0.642,0,100,0-100 slider (composite of 3-6 items),UNWEIGHTED (quota sample),"CONTROL ARM ONLY (3 innocuous-text controls pooled), baseline pre-treatment"
climate_candidate,voelkel2026,Candidate_Pre 0-100 slider (candidate support),gender,Female,2024,1746.0,34.362,0.495,0,100,0-100 slider (composite of 3-6 items),UNWEIGHTED (quota sample),"CONTROL ARM ONLY (3 innocuous-text controls pooled), baseline pre-treatment"
climate_candidate,voelkel2026,Candidate_Pre 0-100 slider (candidate support),gender,Male,2024,1405.0,34.926,0.603,0,100,0-100 slider (composite of 3-6 items),UNWEIGHTED (quota sample),"CONTROL ARM ONLY (3 innocuous-text controls pooled), baseline pre-treatment"
climate_candidate,voelkel2026,Candidate_Pre 0-100 slider (candidate support),ideology,Conservative(6-7),2024,771.0,23.484,0.759,0,100,0-100 slider (composite of 3-6 items),UNWEIGHTED (quota sample),"CONTROL ARM ONLY (3 innocuous-text controls pooled), baseline pre-treatment"
climate_candidate,voelkel2026,Candidate_Pre 0-100 slider (candidate support),ideology,Liberal(3),2024,279.0,39.361,1.163,0,100,0-100 slider (composite of 3-6 items),UNWEIGHTED (quota sample),"CONTROL ARM ONLY (3 innocuous-text controls pooled), baseline pre-treatment"
climate_candidate,voelkel2026,Candidate_Pre 0-100 slider (candidate support),ideology,Moderate-cons(4-5),2024,1375.0,37.08,0.546,0,100,0-100 slider (composite of 3-6 items),UNWEIGHTED (quota sample),"CONTROL ARM ONLY (3 innocuous-text controls pooled), baseline pre-treatment"
climate_candidate,voelkel2026,Candidate_Pre 0-100 slider (candidate support),ideology,Very liberal(1-2),2024,755.0,39.916,0.762,0,100,0-100 slider (composite of 3-6 items),UNWEIGHTED (quota sample),"CONTROL ARM ONLY (3 innocuous-text controls pooled), baseline pre-treatment"
climate_candidate,voelkel2026,Candidate_Pre 0-100 slider (candidate support),income,inc1-2,2024,1005.0,35.297,0.674,0,100,0-100 slider (composite of 3-6 items),UNWEIGHTED (quota sample),"CONTROL ARM ONLY (3 innocuous-text controls pooled), baseline pre-treatment"
climate_candidate,voelkel2026,Candidate_Pre 0-100 slider (candidate support),income,inc3-4,2024,1039.0,34.495,0.67,0,100,0-100 slider (composite of 3-6 items),UNWEIGHTED (quota sample),"CONTROL ARM ONLY (3 innocuous-text controls pooled), baseline pre-treatment"
climate_candidate,voelkel2026,Candidate_Pre 0-100 slider (candidate support),income,inc5-6,2024,598.0,32.647,0.883,0,100,0-100 slider (composite of 3-6 items),UNWEIGHTED (quota sample),"CONTROL ARM ONLY (3 innocuous-text controls pooled), baseline pre-treatment"
climate_candidate,voelkel2026,Candidate_Pre 0-100 slider (candidate support),income,inc7+,2024,426.0,35.988,1.077,0,100,0-100 slider (composite of 3-6 items),UNWEIGHTED (quota sample),"CONTROL ARM ONLY (3 innocuous-text controls pooled), baseline pre-treatment"
climate_candidate,voelkel2026,Candidate_Pre 0-100 slider (candidate support),party,Democrat,2024,1400.0,40.49,0.553,0,100,0-100 slider (composite of 3-6 items),UNWEIGHTED (quota sample),"CONTROL ARM ONLY (3 innocuous-text controls pooled), baseline pre-treatment"
climate_candidate,voelkel2026,Candidate_Pre 0-100 slider (candidate support),party,Independent,2024,409.0,38.288,0.954,0,100,0-100 slider (composite of 3-6 items),UNWEIGHTED (quota sample),"CONTROL ARM ONLY (3 innocuous-text controls pooled), baseline pre-treatment"
climate_candidate,voelkel2026,Candidate_Pre 0-100 slider (candidate support),party,Republican,2024,1371.0,27.618,0.565,0,100,0-100 slider (composite of 3-6 items),UNWEIGHTED (quota sample),"CONTROL ARM ONLY (3 innocuous-text controls pooled), baseline pre-treatment"
climate_candidate,voelkel2026,Candidate_Pre 0-100 slider (candidate support),race,Asian,2024,156.0,38.96,1.557,0,100,0-100 slider (composite of 3-6 items),UNWEIGHTED (quota sample),"CONTROL ARM ONLY (3 innocuous-text controls pooled), baseline pre-treatment"
climate_candidate,voelkel2026,Candidate_Pre 0-100 slider (candidate support),race,Black,2024,412.0,39.282,1.019,0,100,0-100 slider (composite of 3-6 items),UNWEIGHTED (quota sample),"CONTROL ARM ONLY (3 innocuous-text controls pooled), baseline pre-treatment"
climate_candidate,voelkel2026,Candidate_Pre 0-100 slider (candidate support),race,Hispanic,2024,277.0,36.876,1.367,0,100,0-100 slider (composite of 3-6 items),UNWEIGHTED (quota sample),"CONTROL ARM ONLY (3 innocuous-text controls pooled), baseline pre-treatment"
climate_candidate,voelkel2026,Candidate_Pre 0-100 slider (candidate support),race,Other,2024,84.0,34.753,2.421,0,100,0-100 slider (composite of 3-6 items),UNWEIGHTED (quota sample),"CONTROL ARM ONLY (3 innocuous-text controls pooled), baseline pre-treatment"
climate_candidate,voelkel2026,Candidate_Pre 0-100 slider (candidate support),race,White,2024,2251.0,33.236,0.452,0,100,0-100 slider (composite of 3-6 items),UNWEIGHTED (quota sample),"CONTROL ARM ONLY (3 innocuous-text controls pooled), baseline pre-treatment"
climate_change_belief_severity,anes2020,V202332 climate change affecting severe weather (1-5),ALL,ALL,2020,7381.0,62.58751629777706,0.5418396948663947,1,5,5-pt agreement/importance,V200010b (2020 post-election) / 2024 full-sample weight,weighted overall
climate_change_belief_severity,anes2020,V202332 climate change affecting severe weather (1-5),age_band,18-29,2020,858.0,65.53661734325173,1.5077934742292407,1,5,5-pt agreement/importance,V200010b (2020 post-election) / 2024 full-sample weight,post-election weight V200010b; US citizens 18+; party strict=leaners counted Independent
climate_change_belief_severity,anes2020,V202332 climate change affecting severe weather (1-5),age_band,30-44,2020,1789.0,63.53432126989979,0.9750273800254988,1,5,5-pt agreement/importance,V200010b (2020 post-election) / 2024 full-sample weight,post-election weight V200010b; US citizens 18+; party strict=leaners counted Independent
climate_change_belief_severity,anes2020,V202332 climate change affecting severe weather (1-5),age_band,45-59,2020,1698.0,58.64153499485641,1.1056059188650016,1,5,5-pt agreement/importance,V200010b (2020 post-election) / 2024 full-sample weight,post-election weight V200010b; US citizens 18+; party strict=leaners counted Independent
climate_change_belief_severity,anes2020,V202332 climate change affecting severe weather (1-5),age_band,60+,2020,2748.0,64.12034967668058,0.9221001215393022,1,5,5-pt agreement/importance,V200010b (2020 post-election) / 2024 full-sample weight,post-election weight V200010b; US citizens 18+; party strict=leaners counted Independent
climate_change_belief_severity,anes2020,V202332 climate change affecting severe weather (1-5),education,Bachelor's degree,2020,1866.0,65.66207947761451,0.9744026895524016,1,5,5-pt agreement/importance,V200010b (2020 post-election) / 2024 full-sample weight,post-election weight V200010b; US citizens 18+; party strict=leaners counted Independent
climate_change_belief_severity,anes2020,V202332 climate change affecting severe weather (1-5),education,Graduate degree (Masters+Doctorate),2020,1461.0,70.5137820203553,1.0295949770155304,1,5,5-pt agreement/importance,V200010b (2020 post-election) / 2024 full-sample weight,post-election weight V200010b; US citizens 18+; party strict=leaners counted Independent
climate_change_belief_severity,anes2020,V202332 climate change affecting severe weather (1-5),education,High school diploma / GED,2020,1148.0,58.51817961307554,1.230938279305907,1,5,5-pt agreement/importance,V200010b (2020 post-election) / 2024 full-sample weight,post-election weight V200010b; US citizens 18+; party strict=leaners counted Independent
climate_change_belief_severity,anes2020,V202332 climate change affecting severe weather (1-5),education,Less than high school,2020,309.0,62.986833646773015,2.3486671880904773,1,5,5-pt agreement/importance,V200010b (2020 post-election) / 2024 full-sample weight,post-election weight V200010b; US citizens 18+; party strict=leaners counted Independent
climate_change_belief_severity,anes2020,V202332 climate change affecting severe weather (1-5),education,Some college or Associate's degree,2020,2485.0,60.75683456465792,0.9450111072446572,1,5,5-pt agreement/importance,V200010b (2020 post-election) / 2024 full-sample weight,post-election weight V200010b; US citizens 18+; party strict=leaners counted Independent
climate_change_belief_severity,anes2020,V202332 climate change affecting severe weather (1-5),gender,Female,2020,3985.0,65.09926951748974,0.7077097824247698,1,5,5-pt agreement/importance,V200010b (2020 post-election) / 2024 full-sample weight,post-election weight V200010b; US citizens 18+; party strict=leaners counted Independent
climate_change_belief_severity,anes2020,V202332 climate change affecting severe weather (1-5),gender,Male,2020,3347.0,59.8860331111517,0.8297860320824829,1,5,5-pt agreement/importance,V200010b (2020 post-election) / 2024 full-sample weight,post-election weight V200010b; US citizens 18+; party strict=leaners counted Independent
climate_change_belief_severity,anes2020,V202332 climate change affecting severe weather (1-5),income,"$100,000 to $167,999",2020,1444.0,62.35536547957104,1.1639593687268406,1,5,5-pt agreement/importance,V200010b (2020 post-election) / 2024 full-sample weight,post-election weight V200010b; US citizens 18+; party strict=leaners counted Independent
climate_change_belief_severity,anes2020,V202332 climate change affecting severe weather (1-5),income,"$168,000 or more",2020,768.0,66.90396626039781,1.4959649671020203,1,5,5-pt agreement/importance,V200010b (2020 post-election) / 2024 full-sample weight,post-election weight V200010b; US citizens 18+; party strict=leaners counted Independent
climate_change_belief_severity,anes2020,V202332 climate change affecting severe weather (1-5),income,"$30,000 to $55,999",2020,1490.0,62.105519586527606,1.1841671578643056,1,5,5-pt agreement/importance,V200010b (2020 post-election) / 2024 full-sample weight,post-election weight V200010b; US citizens 18+; party strict=leaners counted Independent
climate_change_belief_severity,anes2020,V202332 climate change affecting severe weather (1-5),income,"$56,000 to $99,999",2020,1581.0,62.58656715288317,1.125509867283987,1,5,5-pt agreement/importance,V200010b (2020 post-election) / 2024 full-sample weight,post-election weight V200010b; US citizens 18+; party strict=leaners counted Independent
climate_change_belief_severity,anes2020,V202332 climate change affecting severe weather (1-5),income,"Less than $30,000",2020,1589.0,62.49712459263254,1.337868643098062,1,5,5-pt agreement/importance,V200010b (2020 post-election) / 2024 full-sample weight,post-election weight V200010b; US citizens 18+; party strict=leaners counted Independent
climate_change_belief_severity,anes2020,V202332 climate change affecting severe weather (1-5),party,Democrat,2020,2570.0,80.99708620724692,0.8031737520989967,1,5,5-pt agreement/importance,V200010b (2020 post-election) / 2024 full-sample weight,post-election weight V200010b; US citizens 18+; party strict=leaners counted Independent
climate_change_belief_severity,anes2020,V202332 climate change affecting severe weather (1-5),party,Independent,2020,2508.0,63.54468588796306,0.9070727446009196,1,5,5-pt agreement/importance,V200010b (2020 post-election) / 2024 full-sample weight,post-election weight V200010b; US citizens 18+; party strict=leaners counted Independent
climate_change_belief_severity,anes2020,V202332 climate change affecting severe weather (1-5),party,Republican,2020,2281.0,41.43855805741581,0.9010629472278248,1,5,5-pt agreement/importance,V200010b (2020 post-election) / 2024 full-sample weight,post-election weight V200010b; US citizens 18+; party strict=leaners counted Independent
climate_change_belief_severity,anes2020,V202332 climate change affecting severe weather (1-5),party_leanersfolded,Democrat,2020,3442.0,81.3237188440468,0.671013266483147,1,5,5-pt agreement/importance,V200010b (2020 post-election) / 2024 full-sample weight,post-election weight V200010b; US citizens 18+; party strict=leaners counted Independent
climate_change_belief_severity,anes2020,V202332 climate change affecting severe weather (1-5),party_leanersfolded,Independent,2020,866.0,61.44045488213699,1.5386322214907695,1,5,5-pt agreement/importance,V200010b (2020 post-election) / 2024 full-sample weight,post-election weight V200010b; US citizens 18+; party strict=leaners counted Independent
climate_change_belief_severity,anes2020,V202332 climate change affecting severe weather (1-5),party_leanersfolded,Republican,2020,3051.0,42.45875386098221,0.761089514462228,1,5,5-pt agreement/importance,V200010b (2020 post-election) / 2024 full-sample weight,post-election weight V200010b; US citizens 18+; party strict=leaners counted Independent
climate_change_belief_severity,anes2020,V202332 climate change affecting severe weather (1-5),race,Asian / Asian American,2020,245.0,71.61514824297322,2.404904705576921,1,5,5-pt agreement/importance,V200010b (2020 post-election) / 2024 full-sample weight,post-election weight V200010b; US citizens 18+; party strict=leaners counted Independent
climate_change_belief_severity,anes2020,V202332 climate change affecting severe weather (1-5),race,Black / African American,2020,639.0,68.48316729506263,1.7453042566167185,1,5,5-pt agreement/importance,V200010b (2020 post-election) / 2024 full-sample weight,post-election weight V200010b; US citizens 18+; party strict=leaners counted Independent
climate_change_belief_severity,anes2020,V202332 climate change affecting severe weather (1-5),race,Hispanic / Latino,2020,654.0,70.32019351821695,1.606767104579151,1,5,5-pt agreement/importance,V200010b (2020 post-election) / 2024 full-sample weight,post-election weight V200010b; US citizens 18+; party strict=leaners counted Independent
climate_change_belief_severity,anes2020,V202332 climate change affecting severe weather (1-5),race,Other,2020,387.0,64.52410535570033,2.3357483609179805,1,5,5-pt agreement/importance,V200010b (2020 post-election) / 2024 full-sample weight,post-election weight V200010b; US citizens 18+; party strict=leaners counted Independent
climate_change_belief_severity,anes2020,V202332 climate change affecting severe weather (1-5),race,White / Caucasian,2020,5377.0,59.426142676351496,0.6434341669670693,1,5,5-pt agreement/importance,V200010b (2020 post-election) / 2024 full-sample weight,post-election weight V200010b; US citizens 18+; party strict=leaners counted Independent
climate_companies,voelkel2026,Companies_Post 0-100 slider (companies should act),ALL,ALL,2024,3060.0,70.857,0.508,0,100,0-100 slider (composite of 3-6 items),UNWEIGHTED (quota sample),"CONTROL ARM ONLY (3 innocuous-text controls pooled), post-treatment"
climate_companies,voelkel2026,Companies_Post 0-100 slider (companies should act),age_band,18-24,2024,293.0,77.306,1.348,0,100,0-100 slider (composite of 3-6 items),UNWEIGHTED (quota sample),"CONTROL ARM ONLY (3 innocuous-text controls pooled), post-treatment"
climate_companies,voelkel2026,Companies_Post 0-100 slider (companies should act),age_band,25-34,2024,428.0,73.184,1.269,0,100,0-100 slider (composite of 3-6 items),UNWEIGHTED (quota sample),"CONTROL ARM ONLY (3 innocuous-text controls pooled), post-treatment"
climate_companies,voelkel2026,Companies_Post 0-100 slider (companies should act),age_band,35-44,2024,584.0,70.478,1.119,0,100,0-100 slider (composite of 3-6 items),UNWEIGHTED (quota sample),"CONTROL ARM ONLY (3 innocuous-text controls pooled), post-treatment"
climate_companies,voelkel2026,Companies_Post 0-100 slider (companies should act),age_band,45-54,2024,529.0,71.467,1.169,0,100,0-100 slider (composite of 3-6 items),UNWEIGHTED (quota sample),"CONTROL ARM ONLY (3 innocuous-text controls pooled), post-treatment"
climate_companies,voelkel2026,Companies_Post 0-100 slider (companies should act),age_band,55-64,2024,529.0,69.677,1.308,0,100,0-100 slider (composite of 3-6 items),UNWEIGHTED (quota sample),"CONTROL ARM ONLY (3 innocuous-text controls pooled), post-treatment"
climate_companies,voelkel2026,Companies_Post 0-100 slider (companies should act),age_band,65+,2024,697.0,67.469,1.165,0,100,0-100 slider (composite of 3-6 items),UNWEIGHTED (quota sample),"CONTROL ARM ONLY (3 innocuous-text controls pooled), post-treatment"
climate_companies,voelkel2026,Companies_Post 0-100 slider (companies should act),education,Bachelor or Postgraduate,2024,1135.0,71.991,0.824,0,100,0-100 slider (composite of 3-6 items),UNWEIGHTED (quota sample),"CONTROL ARM ONLY (3 innocuous-text controls pooled), post-treatment"
climate_companies,voelkel2026,Companies_Post 0-100 slider (companies should act),education,HS or less,2024,865.0,69.723,0.947,0,100,0-100 slider (composite of 3-6 items),UNWEIGHTED (quota sample),"CONTROL ARM ONLY (3 innocuous-text controls pooled), post-treatment"
climate_companies,voelkel2026,Companies_Post 0-100 slider (companies should act),education,Some college,2024,1060.0,70.569,0.881,0,100,0-100 slider (composite of 3-6 items),UNWEIGHTED (quota sample),"CONTROL ARM ONLY (3 innocuous-text controls pooled), post-treatment"
climate_companies,voelkel2026,Companies_Post 0-100 slider (companies should act),gender,Female,2024,1676.0,71.75,0.673,0,100,0-100 slider (composite of 3-6 items),UNWEIGHTED (quota sample),"CONTROL ARM ONLY (3 innocuous-text controls pooled), post-treatment"
climate_companies,voelkel2026,Companies_Post 0-100 slider (companies should act),gender,Male,2024,1356.0,69.35,0.78,0,100,0-100 slider (composite of 3-6 items),UNWEIGHTED (quota sample),"CONTROL ARM ONLY (3 innocuous-text controls pooled), post-treatment"
climate_companies,voelkel2026,Companies_Post 0-100 slider (companies should act),ideology,Conservative(6-7),2024,749.0,48.926,1.169,0,100,0-100 slider (composite of 3-6 items),UNWEIGHTED (quota sample),"CONTROL ARM ONLY (3 innocuous-text controls pooled), post-treatment"
climate_companies,voelkel2026,Companies_Post 0-100 slider (companies should act),ideology,Liberal(3),2024,270.0,80.769,1.229,0,100,0-100 slider (composite of 3-6 items),UNWEIGHTED (quota sample),"CONTROL ARM ONLY (3 innocuous-text controls pooled), post-treatment"
climate_companies,voelkel2026,Companies_Post 0-100 slider (companies should act),ideology,Moderate-cons(4-5),2024,1312.0,71.321,0.654,0,100,0-100 slider (composite of 3-6 items),UNWEIGHTED (quota sample),"CONTROL ARM ONLY (3 innocuous-text controls pooled), post-treatment"
climate_companies,voelkel2026,Companies_Post 0-100 slider (companies should act),ideology,Very liberal(1-2),2024,729.0,88.883,0.587,0,100,0-100 slider (composite of 3-6 items),UNWEIGHTED (quota sample),"CONTROL ARM ONLY (3 innocuous-text controls pooled), post-treatment"
climate_companies,voelkel2026,Companies_Post 0-100 slider (companies should act),income,inc1-2,2024,957.0,73.333,0.859,0,100,0-100 slider (composite of 3-6 items),UNWEIGHTED (quota sample),"CONTROL ARM ONLY (3 innocuous-text controls pooled), post-treatment"
climate_companies,voelkel2026,Companies_Post 0-100 slider (companies should act),income,inc3-4,2024,1012.0,70.546,0.888,0,100,0-100 slider (composite of 3-6 items),UNWEIGHTED (quota sample),"CONTROL ARM ONLY (3 innocuous-text controls pooled), post-treatment"
climate_companies,voelkel2026,Companies_Post 0-100 slider (companies should act),income,inc5-6,2024,578.0,67.595,1.228,0,100,0-100 slider (composite of 3-6 items),UNWEIGHTED (quota sample),"CONTROL ARM ONLY (3 innocuous-text controls pooled), post-treatment"
climate_companies,voelkel2026,Companies_Post 0-100 slider (companies should act),income,inc7+,2024,407.0,70.253,1.443,0,100,0-100 slider (composite of 3-6 items),UNWEIGHTED (quota sample),"CONTROL ARM ONLY (3 innocuous-text controls pooled), post-treatment"
climate_companies,voelkel2026,Companies_Post 0-100 slider (companies should act),party,Democrat,2024,1355.0,84.875,0.49,0,100,0-100 slider (composite of 3-6 items),UNWEIGHTED (quota sample),"CONTROL ARM ONLY (3 innocuous-text controls pooled), post-treatment"
climate_companies,voelkel2026,Companies_Post 0-100 slider (companies should act),party,Independent,2024,388.0,72.24,1.278,0,100,0-100 slider (composite of 3-6 items),UNWEIGHTED (quota sample),"CONTROL ARM ONLY (3 innocuous-text controls pooled), post-treatment"
climate_companies,voelkel2026,Companies_Post 0-100 slider (companies should act),party,Republican,2024,1317.0,56.027,0.823,0,100,0-100 slider (composite of 3-6 items),UNWEIGHTED (quota sample),"CONTROL ARM ONLY (3 innocuous-text controls pooled), post-treatment"
climate_companies,voelkel2026,Companies_Post 0-100 slider (companies should act),race,Asian,2024,151.0,77.309,1.819,0,100,0-100 slider (composite of 3-6 items),UNWEIGHTED (quota sample),"CONTROL ARM ONLY (3 innocuous-text controls pooled), post-treatment"
climate_companies,voelkel2026,Companies_Post 0-100 slider (companies should act),race,Black,2024,400.0,77.164,1.093,0,100,0-100 slider (composite of 3-6 items),UNWEIGHTED (quota sample),"CONTROL ARM ONLY (3 innocuous-text controls pooled), post-treatment"
climate_companies,voelkel2026,Companies_Post 0-100 slider (companies should act),race,Hispanic,2024,272.0,75.656,1.472,0,100,0-100 slider (composite of 3-6 items),UNWEIGHTED (quota sample),"CONTROL ARM ONLY (3 innocuous-text controls pooled), post-treatment"
climate_companies,voelkel2026,Companies_Post 0-100 slider (companies should act),race,Other,2024,75.0,73.44,3.138,0,100,0-100 slider (composite of 3-6 items),UNWEIGHTED (quota sample),"CONTROL ARM ONLY (3 innocuous-text controls pooled), post-treatment"
climate_companies,voelkel2026,Companies_Post 0-100 slider (companies should act),race,White,2024,2162.0,68.546,0.637,0,100,0-100 slider (composite of 3-6 items),UNWEIGHTED (quota sample),"CONTROL ARM ONLY (3 innocuous-text controls pooled), post-treatment"
climate_companies,voelkel2026,Companies_Pre 0-100 slider (companies should act),ALL,ALL,2024,3179.0,71.777,0.469,0,100,0-100 slider (composite of 3-6 items),UNWEIGHTED (quota sample),"CONTROL ARM ONLY (3 innocuous-text controls pooled), baseline pre-treatment"
climate_companies,voelkel2026,Companies_Pre 0-100 slider (companies should act),age_band,18-24,2024,310.0,77.772,1.222,0,100,0-100 slider (composite of 3-6 items),UNWEIGHTED (quota sample),"CONTROL ARM ONLY (3 innocuous-text controls pooled), baseline pre-treatment"
climate_companies,voelkel2026,Companies_Pre 0-100 slider (companies should act),age_band,25-34,2024,436.0,73.498,1.19,0,100,0-100 slider (composite of 3-6 items),UNWEIGHTED (quota sample),"CONTROL ARM ONLY (3 innocuous-text controls pooled), baseline pre-treatment"
climate_companies,voelkel2026,Companies_Pre 0-100 slider (companies should act),age_band,35-44,2024,606.0,71.284,1.043,0,100,0-100 slider (composite of 3-6 items),UNWEIGHTED (quota sample),"CONTROL ARM ONLY (3 innocuous-text controls pooled), baseline pre-treatment"
climate_companies,voelkel2026,Companies_Pre 0-100 slider (companies should act),age_band,45-54,2024,551.0,72.25,1.103,0,100,0-100 slider (composite of 3-6 items),UNWEIGHTED (quota sample),"CONTROL ARM ONLY (3 innocuous-text controls pooled), baseline pre-treatment"
climate_companies,voelkel2026,Companies_Pre 0-100 slider (companies should act),age_band,55-64,2024,551.0,70.651,1.186,0,100,0-100 slider (composite of 3-6 items),UNWEIGHTED (quota sample),"CONTROL ARM ONLY (3 innocuous-text controls pooled), baseline pre-treatment"
climate_companies,voelkel2026,Companies_Pre 0-100 slider (companies should act),age_band,65+,2024,725.0,69.086,1.069,0,100,0-100 slider (composite of 3-6 items),UNWEIGHTED (quota sample),"CONTROL ARM ONLY (3 innocuous-text controls pooled), baseline pre-treatment"
climate_companies,voelkel2026,Companies_Pre 0-100 slider (companies should act),education,Bachelor or Postgraduate,2024,1166.0,72.984,0.757,0,100,0-100 slider (composite of 3-6 items),UNWEIGHTED (quota sample),"CONTROL ARM ONLY (3 innocuous-text controls pooled), baseline pre-treatment"
climate_companies,voelkel2026,Companies_Pre 0-100 slider (companies should act),education,HS or less,2024,907.0,70.269,0.889,0,100,0-100 slider (composite of 3-6 items),UNWEIGHTED (quota sample),"CONTROL ARM ONLY (3 innocuous-text controls pooled), baseline pre-treatment"
climate_companies,voelkel2026,Companies_Pre 0-100 slider (companies should act),education,Some college,2024,1106.0,71.74,0.805,0,100,0-100 slider (composite of 3-6 items),UNWEIGHTED (quota sample),"CONTROL ARM ONLY (3 innocuous-text controls pooled), baseline pre-treatment"
climate_companies,voelkel2026,Companies_Pre 0-100 slider (companies should act),gender,Female,2024,1747.0,72.69,0.623,0,100,0-100 slider (composite of 3-6 items),UNWEIGHTED (quota sample),"CONTROL ARM ONLY (3 innocuous-text controls pooled), baseline pre-treatment"
climate_companies,voelkel2026,Companies_Pre 0-100 slider (companies should act),gender,Male,2024,1404.0,70.259,0.718,0,100,0-100 slider (composite of 3-6 items),UNWEIGHTED (quota sample),"CONTROL ARM ONLY (3 innocuous-text controls pooled), baseline pre-treatment"
climate_companies,voelkel2026,Companies_Pre 0-100 slider (companies should act),ideology,Conservative(6-7),2024,770.0,51.21,1.073,0,100,0-100 slider (composite of 3-6 items),UNWEIGHTED (quota sample),"CONTROL ARM ONLY (3 innocuous-text controls pooled), baseline pre-treatment"
climate_companies,voelkel2026,Companies_Pre 0-100 slider (companies should act),ideology,Liberal(3),2024,279.0,81.158,1.121,0,100,0-100 slider (composite of 3-6 items),UNWEIGHTED (quota sample),"CONTROL ARM ONLY (3 innocuous-text controls pooled), baseline pre-treatment"
climate_companies,voelkel2026,Companies_Pre 0-100 slider (companies should act),ideology,Moderate-cons(4-5),2024,1375.0,72.099,0.607,0,100,0-100 slider (composite of 3-6 items),UNWEIGHTED (quota sample),"CONTROL ARM ONLY (3 innocuous-text controls pooled), baseline pre-treatment"
climate_companies,voelkel2026,Companies_Pre 0-100 slider (companies should act),ideology,Very liberal(1-2),2024,755.0,88.7,0.565,0,100,0-100 slider (composite of 3-6 items),UNWEIGHTED (quota sample),"CONTROL ARM ONLY (3 innocuous-text controls pooled), baseline pre-treatment"
climate_companies,voelkel2026,Companies_Pre 0-100 slider (companies should act),income,inc1-2,2024,1004.0,73.345,0.806,0,100,0-100 slider (composite of 3-6 items),UNWEIGHTED (quota sample),"CONTROL ARM ONLY (3 innocuous-text controls pooled), baseline pre-treatment"
climate_companies,voelkel2026,Companies_Pre 0-100 slider (companies should act),income,inc3-4,2024,1040.0,71.97,0.818,0,100,0-100 slider (composite of 3-6 items),UNWEIGHTED (quota sample),"CONTROL ARM ONLY (3 innocuous-text controls pooled), baseline pre-treatment"
climate_companies,voelkel2026,Companies_Pre 0-100 slider (companies should act),income,inc5-6,2024,598.0,69.098,1.108,0,100,0-100 slider (composite of 3-6 items),UNWEIGHTED (quota sample),"CONTROL ARM ONLY (3 innocuous-text controls pooled), baseline pre-treatment"
climate_companies,voelkel2026,Companies_Pre 0-100 slider (companies should act),income,inc7+,2024,425.0,70.957,1.349,0,100,0-100 slider (composite of 3-6 items),UNWEIGHTED (quota sample),"CONTROL ARM ONLY (3 innocuous-text controls pooled), baseline pre-treatment"
climate_companies,voelkel2026,Companies_Pre 0-100 slider (companies should act),party,Democrat,2024,1401.0,84.811,0.465,0,100,0-100 slider (composite of 3-6 items),UNWEIGHTED (quota sample),"CONTROL ARM ONLY (3 innocuous-text controls pooled), baseline pre-treatment"
climate_companies,voelkel2026,Companies_Pre 0-100 slider (companies should act),party,Independent,2024,408.0,73.165,1.163,0,100,0-100 slider (composite of 3-6 items),UNWEIGHTED (quota sample),"CONTROL ARM ONLY (3 innocuous-text controls pooled), baseline pre-treatment"
climate_companies,voelkel2026,Companies_Pre 0-100 slider (companies should act),party,Republican,2024,1370.0,58.034,0.757,0,100,0-100 slider (composite of 3-6 items),UNWEIGHTED (quota sample),"CONTROL ARM ONLY (3 innocuous-text controls pooled), baseline pre-treatment"
climate_companies,voelkel2026,Companies_Pre 0-100 slider (companies should act),race,Asian,2024,156.0,77.0,1.681,0,100,0-100 slider (composite of 3-6 items),UNWEIGHTED (quota sample),"CONTROL ARM ONLY (3 innocuous-text controls pooled), baseline pre-treatment"
climate_companies,voelkel2026,Companies_Pre 0-100 slider (companies should act),race,Black,2024,411.0,77.307,1.034,0,100,0-100 slider (composite of 3-6 items),UNWEIGHTED (quota sample),"CONTROL ARM ONLY (3 innocuous-text controls pooled), baseline pre-treatment"
climate_companies,voelkel2026,Companies_Pre 0-100 slider (companies should act),race,Hispanic,2024,277.0,75.582,1.401,0,100,0-100 slider (composite of 3-6 items),UNWEIGHTED (quota sample),"CONTROL ARM ONLY (3 innocuous-text controls pooled), baseline pre-treatment"
climate_companies,voelkel2026,Companies_Pre 0-100 slider (companies should act),race,Other,2024,84.0,74.794,2.708,0,100,0-100 slider (composite of 3-6 items),UNWEIGHTED (quota sample),"CONTROL ARM ONLY (3 innocuous-text controls pooled), baseline pre-treatment"
climate_companies,voelkel2026,Companies_Pre 0-100 slider (companies should act),race,White,2024,2251.0,69.824,0.587,0,100,0-100 slider (composite of 3-6 items),UNWEIGHTED (quota sample),"CONTROL ARM ONLY (3 innocuous-text controls pooled), baseline pre-treatment"
climate_concern,anes2020,V202333 importance of climate change (1-5),ALL,ALL,2020,7383.0,57.42211184014415,0.554732850518331,1,5,5-pt agreement/importance,V200010b (2020 post-election) / 2024 full-sample weight,weighted overall
climate_concern,anes2020,V202333 importance of climate change (1-5),age_band,18-29,2020,858.0,63.46883828520089,1.547014235944071,1,5,5-pt agreement/importance,V200010b (2020 post-election) / 2024 full-sample weight,post-election weight V200010b; US citizens 18+; party strict=leaners counted Independent
climate_concern,anes2020,V202333 importance of climate change (1-5),age_band,30-44,2020,1789.0,56.94093778817408,1.0477579899199123,1,5,5-pt agreement/importance,V200010b (2020 post-election) / 2024 full-sample weight,post-election weight V200010b; US citizens 18+; party strict=leaners counted Independent
climate_concern,anes2020,V202333 importance of climate change (1-5),age_band,45-59,2020,1698.0,53.06397294645379,1.0698327543874613,1,5,5-pt agreement/importance,V200010b (2020 post-election) / 2024 full-sample weight,post-election weight V200010b; US citizens 18+; party strict=leaners counted Independent
climate_concern,anes2020,V202333 importance of climate change (1-5),age_band,60+,2020,2748.0,58.27810821068898,0.92260132144888,1,5,5-pt agreement/importance,V200010b (2020 post-election) / 2024 full-sample weight,post-election weight V200010b; US citizens 18+; party strict=leaners counted Independent
climate_concern,anes2020,V202333 importance of climate change (1-5),education,Bachelor's degree,2020,1869.0,60.70808034051211,0.9856703887642184,1,5,5-pt agreement/importance,V200010b (2020 post-election) / 2024 full-sample weight,post-election weight V200010b; US citizens 18+; party strict=leaners counted Independent
climate_concern,anes2020,V202333 importance of climate change (1-5),education,Graduate degree (Masters+Doctorate),2020,1461.0,64.87534207473907,1.0990047111425705,1,5,5-pt agreement/importance,V200010b (2020 post-election) / 2024 full-sample weight,post-election weight V200010b; US citizens 18+; party strict=leaners counted Independent
climate_concern,anes2020,V202333 importance of climate change (1-5),education,High school diploma / GED,2020,1147.0,53.74377243338132,1.283680757586287,1,5,5-pt agreement/importance,V200010b (2020 post-election) / 2024 full-sample weight,post-election weight V200010b; US citizens 18+; party strict=leaners counted Independent
climate_concern,anes2020,V202333 importance of climate change (1-5),education,Less than high school,2020,308.0,56.16722797745732,2.536363877032413,1,5,5-pt agreement/importance,V200010b (2020 post-election) / 2024 full-sample weight,post-election weight V200010b; US citizens 18+; party strict=leaners counted Independent
climate_concern,anes2020,V202333 importance of climate change (1-5),education,Some college or Associate's degree,2020,2485.0,55.69037989016832,0.9323082310336284,1,5,5-pt agreement/importance,V200010b (2020 post-election) / 2024 full-sample weight,post-election weight V200010b; US citizens 18+; party strict=leaners counted Independent
climate_concern,anes2020,V202333 importance of climate change (1-5),gender,Female,2020,3988.0,59.40101648836891,0.7314483874881055,1,5,5-pt agreement/importance,V200010b (2020 post-election) / 2024 full-sample weight,post-election weight V200010b; US citizens 18+; party strict=leaners counted Independent
climate_concern,anes2020,V202333 importance of climate change (1-5),gender,Male,2020,3346.0,55.28610099192822,0.8445902987708521,1,5,5-pt agreement/importance,V200010b (2020 post-election) / 2024 full-sample weight,post-election weight V200010b; US citizens 18+; party strict=leaners counted Independent
climate_concern,anes2020,V202333 importance of climate change (1-5),income,"$100,000 to $167,999",2020,1444.0,56.484418987447626,1.241279711511311,1,5,5-pt agreement/importance,V200010b (2020 post-election) / 2024 full-sample weight,post-election weight V200010b; US citizens 18+; party strict=leaners counted Independent
climate_concern,anes2020,V202333 importance of climate change (1-5),income,"$168,000 or more",2020,769.0,63.1654438823924,1.5539355369267231,1,5,5-pt agreement/importance,V200010b (2020 post-election) / 2024 full-sample weight,post-election weight V200010b; US citizens 18+; party strict=leaners counted Independent
climate_concern,anes2020,V202333 importance of climate change (1-5),income,"$30,000 to $55,999",2020,1489.0,57.78757714633018,1.2554471680857011,1,5,5-pt agreement/importance,V200010b (2020 post-election) / 2024 full-sample weight,post-election weight V200010b; US citizens 18+; party strict=leaners counted Independent
climate_concern,anes2020,V202333 importance of climate change (1-5),income,"$56,000 to $99,999",2020,1582.0,56.43551483883541,1.0788109054041557,1,5,5-pt agreement/importance,V200010b (2020 post-election) / 2024 full-sample weight,post-election weight V200010b; US citizens 18+; party strict=leaners counted Independent
climate_concern,anes2020,V202333 importance of climate change (1-5),income,"Less than $30,000",2020,1589.0,57.19801486593229,1.2468066569919782,1,5,5-pt agreement/importance,V200010b (2020 post-election) / 2024 full-sample weight,post-election weight V200010b; US citizens 18+; party strict=leaners counted Independent
climate_concern,anes2020,V202333 importance of climate change (1-5),party,Democrat,2020,2570.0,75.49629461973812,0.8159146897556941,1,5,5-pt agreement/importance,V200010b (2020 post-election) / 2024 full-sample weight,post-election weight V200010b; US citizens 18+; party strict=leaners counted Independent
climate_concern,anes2020,V202333 importance of climate change (1-5),party,Independent,2020,2508.0,58.38120124297205,0.925733232973956,1,5,5-pt agreement/importance,V200010b (2020 post-election) / 2024 full-sample weight,post-election weight V200010b; US citizens 18+; party strict=leaners counted Independent
climate_concern,anes2020,V202333 importance of climate change (1-5),party,Republican,2020,2283.0,36.63415776245036,0.9132284963116244,1,5,5-pt agreement/importance,V200010b (2020 post-election) / 2024 full-sample weight,post-election weight V200010b; US citizens 18+; party strict=leaners counted Independent
climate_concern,anes2020,V202333 importance of climate change (1-5),party_leanersfolded,Democrat,2020,3441.0,75.4918006658932,0.69641747491847,1,5,5-pt agreement/importance,V200010b (2020 post-election) / 2024 full-sample weight,post-election weight V200010b; US citizens 18+; party strict=leaners counted Independent
climate_concern,anes2020,V202333 importance of climate change (1-5),party_leanersfolded,Independent,2020,867.0,57.68462753782171,1.4946520192151094,1,5,5-pt agreement/importance,V200010b (2020 post-election) / 2024 full-sample weight,post-election weight V200010b; US citizens 18+; party strict=leaners counted Independent
climate_concern,anes2020,V202333 importance of climate change (1-5),party_leanersfolded,Republican,2020,3053.0,37.543322081059934,0.7771343626677826,1,5,5-pt agreement/importance,V200010b (2020 post-election) / 2024 full-sample weight,post-election weight V200010b; US citizens 18+; party strict=leaners counted Independent
climate_concern,anes2020,V202333 importance of climate change (1-5),race,Asian / Asian American,2020,244.0,67.05998850486462,2.5558115473620755,1,5,5-pt agreement/importance,V200010b (2020 post-election) / 2024 full-sample weight,post-election weight V200010b; US citizens 18+; party strict=leaners counted Independent
climate_concern,anes2020,V202333 importance of climate change (1-5),race,Black / African American,2020,640.0,61.67682455975032,1.733587489041429,1,5,5-pt agreement/importance,V200010b (2020 post-election) / 2024 full-sample weight,post-election weight V200010b; US citizens 18+; party strict=leaners counted Independent
climate_concern,anes2020,V202333 importance of climate change (1-5),race,Hispanic / Latino,2020,654.0,65.80079248600455,1.6592390441135396,1,5,5-pt agreement/importance,V200010b (2020 post-election) / 2024 full-sample weight,post-election weight V200010b; US citizens 18+; party strict=leaners counted Independent
climate_concern,anes2020,V202333 importance of climate change (1-5),race,Other,2020,388.0,60.747854563016126,2.434815491127896,1,5,5-pt agreement/importance,V200010b (2020 post-election) / 2024 full-sample weight,post-election weight V200010b; US citizens 18+; party strict=leaners counted Independent
climate_concern,anes2020,V202333 importance of climate change (1-5),race,White / Caucasian,2020,5377.0,54.218456729431885,0.6546204991525792,1,5,5-pt agreement/importance,V200010b (2020 post-election) / 2024 full-sample weight,post-election weight V200010b; US citizens 18+; party strict=leaners counted Independent
climate_concern,voelkel2026,Concern_Post 0-100 slider (climate concern/worry),ALL,ALL,2024,3118.0,60.424,0.567,0,100,0-100 slider (composite of 3-6 items),UNWEIGHTED (quota sample),"CONTROL ARM ONLY (3 innocuous-text controls pooled), post-treatment"
climate_concern,voelkel2026,Concern_Post 0-100 slider (climate concern/worry),age_band,18-24,2024,303.0,70.162,1.384,0,100,0-100 slider (composite of 3-6 items),UNWEIGHTED (quota sample),"CONTROL ARM ONLY (3 innocuous-text controls pooled), post-treatment"
climate_concern,voelkel2026,Concern_Post 0-100 slider (climate concern/worry),age_band,25-34,2024,432.0,65.39,1.393,0,100,0-100 slider (composite of 3-6 items),UNWEIGHTED (quota sample),"CONTROL ARM ONLY (3 innocuous-text controls pooled), post-treatment"
climate_concern,voelkel2026,Concern_Post 0-100 slider (climate concern/worry),age_band,35-44,2024,594.0,61.403,1.207,0,100,0-100 slider (composite of 3-6 items),UNWEIGHTED (quota sample),"CONTROL ARM ONLY (3 innocuous-text controls pooled), post-treatment"
climate_concern,voelkel2026,Concern_Post 0-100 slider (climate concern/worry),age_band,45-54,2024,535.0,59.067,1.346,0,100,0-100 slider (composite of 3-6 items),UNWEIGHTED (quota sample),"CONTROL ARM ONLY (3 innocuous-text controls pooled), post-treatment"
climate_concern,voelkel2026,Concern_Post 0-100 slider (climate concern/worry),age_band,55-64,2024,541.0,58.63,1.436,0,100,0-100 slider (composite of 3-6 items),UNWEIGHTED (quota sample),"CONTROL ARM ONLY (3 innocuous-text controls pooled), post-treatment"
climate_concern,voelkel2026,Concern_Post 0-100 slider (climate concern/worry),age_band,65+,2024,713.0,54.84,1.323,0,100,0-100 slider (composite of 3-6 items),UNWEIGHTED (quota sample),"CONTROL ARM ONLY (3 innocuous-text controls pooled), post-treatment"
climate_concern,voelkel2026,Concern_Post 0-100 slider (climate concern/worry),education,Bachelor or Postgraduate,2024,1150.0,61.874,0.913,0,100,0-100 slider (composite of 3-6 items),UNWEIGHTED (quota sample),"CONTROL ARM ONLY (3 innocuous-text controls pooled), post-treatment"
climate_concern,voelkel2026,Concern_Post 0-100 slider (climate concern/worry),education,HS or less,2024,889.0,60.318,1.069,0,100,0-100 slider (composite of 3-6 items),UNWEIGHTED (quota sample),"CONTROL ARM ONLY (3 innocuous-text controls pooled), post-treatment"
climate_concern,voelkel2026,Concern_Post 0-100 slider (climate concern/worry),education,Some college,2024,1079.0,58.966,0.979,0,100,0-100 slider (composite of 3-6 items),UNWEIGHTED (quota sample),"CONTROL ARM ONLY (3 innocuous-text controls pooled), post-treatment"
climate_concern,voelkel2026,Concern_Post 0-100 slider (climate concern/worry),gender,Female,2024,1707.0,62.91,0.727,0,100,0-100 slider (composite of 3-6 items),UNWEIGHTED (quota sample),"CONTROL ARM ONLY (3 innocuous-text controls pooled), post-treatment"
climate_concern,voelkel2026,Concern_Post 0-100 slider (climate concern/worry),gender,Male,2024,1382.0,56.892,0.895,0,100,0-100 slider (composite of 3-6 items),UNWEIGHTED (quota sample),"CONTROL ARM ONLY (3 innocuous-text controls pooled), post-treatment"
climate_concern,voelkel2026,Concern_Post 0-100 slider (climate concern/worry),ideology,Conservative(6-7),2024,759.0,33.018,1.154,0,100,0-100 slider (composite of 3-6 items),UNWEIGHTED (quota sample),"CONTROL ARM ONLY (3 innocuous-text controls pooled), post-treatment"
climate_concern,voelkel2026,Concern_Post 0-100 slider (climate concern/worry),ideology,Liberal(3),2024,274.0,73.408,1.287,0,100,0-100 slider (composite of 3-6 items),UNWEIGHTED (quota sample),"CONTROL ARM ONLY (3 innocuous-text controls pooled), post-treatment"
climate_concern,voelkel2026,Concern_Post 0-100 slider (climate concern/worry),ideology,Moderate-cons(4-5),2024,1345.0,61.015,0.755,0,100,0-100 slider (composite of 3-6 items),UNWEIGHTED (quota sample),"CONTROL ARM ONLY (3 innocuous-text controls pooled), post-treatment"
climate_concern,voelkel2026,Concern_Post 0-100 slider (climate concern/worry),ideology,Very liberal(1-2),2024,740.0,82.652,0.634,0,100,0-100 slider (composite of 3-6 items),UNWEIGHTED (quota sample),"CONTROL ARM ONLY (3 innocuous-text controls pooled), post-treatment"
climate_concern,voelkel2026,Concern_Post 0-100 slider (climate concern/worry),income,inc1-2,2024,986.0,63.657,0.969,0,100,0-100 slider (composite of 3-6 items),UNWEIGHTED (quota sample),"CONTROL ARM ONLY (3 innocuous-text controls pooled), post-treatment"
climate_concern,voelkel2026,Concern_Post 0-100 slider (climate concern/worry),income,inc3-4,2024,1022.0,59.194,1.0,0,100,0-100 slider (composite of 3-6 items),UNWEIGHTED (quota sample),"CONTROL ARM ONLY (3 innocuous-text controls pooled), post-treatment"
climate_concern,voelkel2026,Concern_Post 0-100 slider (climate concern/worry),income,inc5-6,2024,585.0,57.071,1.356,0,100,0-100 slider (composite of 3-6 items),UNWEIGHTED (quota sample),"CONTROL ARM ONLY (3 innocuous-text controls pooled), post-treatment"
climate_concern,voelkel2026,Concern_Post 0-100 slider (climate concern/worry),income,inc7+,2024,415.0,60.254,1.567,0,100,0-100 slider (composite of 3-6 items),UNWEIGHTED (quota sample),"CONTROL ARM ONLY (3 innocuous-text controls pooled), post-treatment"
climate_concern,voelkel2026,Concern_Post 0-100 slider (climate concern/worry),party,Democrat,2024,1378.0,78.771,0.526,0,100,0-100 slider (composite of 3-6 items),UNWEIGHTED (quota sample),"CONTROL ARM ONLY (3 innocuous-text controls pooled), post-treatment"
climate_concern,voelkel2026,Concern_Post 0-100 slider (climate concern/worry),party,Independent,2024,399.0,62.23,1.412,0,100,0-100 slider (composite of 3-6 items),UNWEIGHTED (quota sample),"CONTROL ARM ONLY (3 innocuous-text controls pooled), post-treatment"
climate_concern,voelkel2026,Concern_Post 0-100 slider (climate concern/worry),party,Republican,2024,1341.0,41.033,0.854,0,100,0-100 slider (composite of 3-6 items),UNWEIGHTED (quota sample),"CONTROL ARM ONLY (3 innocuous-text controls pooled), post-treatment"
climate_concern,voelkel2026,Concern_Post 0-100 slider (climate concern/worry),race,Asian,2024,152.0,67.461,1.936,0,100,0-100 slider (composite of 3-6 items),UNWEIGHTED (quota sample),"CONTROL ARM ONLY (3 innocuous-text controls pooled), post-treatment"
climate_concern,voelkel2026,Concern_Post 0-100 slider (climate concern/worry),race,Black,2024,406.0,70.722,1.272,0,100,0-100 slider (composite of 3-6 items),UNWEIGHTED (quota sample),"CONTROL ARM ONLY (3 innocuous-text controls pooled), post-treatment"
climate_concern,voelkel2026,Concern_Post 0-100 slider (climate concern/worry),race,Hispanic,2024,273.0,69.194,1.656,0,100,0-100 slider (composite of 3-6 items),UNWEIGHTED (quota sample),"CONTROL ARM ONLY (3 innocuous-text controls pooled), post-treatment"
climate_concern,voelkel2026,Concern_Post 0-100 slider (climate concern/worry),race,Other,2024,80.0,60.246,3.734,0,100,0-100 slider (composite of 3-6 items),UNWEIGHTED (quota sample),"CONTROL ARM ONLY (3 innocuous-text controls pooled), post-treatment"
climate_concern,voelkel2026,Concern_Post 0-100 slider (climate concern/worry),race,White,2024,2207.0,56.966,0.699,0,100,0-100 slider (composite of 3-6 items),UNWEIGHTED (quota sample),"CONTROL ARM ONLY (3 innocuous-text controls pooled), post-treatment"
climate_concern,voelkel2026,Concern_Pre 0-100 slider (climate concern/worry),ALL,ALL,2024,3180.0,60.239,0.555,0,100,0-100 slider (composite of 3-6 items),UNWEIGHTED (quota sample),"CONTROL ARM ONLY (3 innocuous-text controls pooled), baseline pre-treatment"
climate_concern,voelkel2026,Concern_Pre 0-100 slider (climate concern/worry),age_band,18-24,2024,310.0,69.271,1.374,0,100,0-100 slider (composite of 3-6 items),UNWEIGHTED (quota sample),"CONTROL ARM ONLY (3 innocuous-text controls pooled), baseline pre-treatment"
climate_concern,voelkel2026,Concern_Pre 0-100 slider (climate concern/worry),age_band,25-34,2024,437.0,65.223,1.375,0,100,0-100 slider (composite of 3-6 items),UNWEIGHTED (quota sample),"CONTROL ARM ONLY (3 innocuous-text controls pooled), baseline pre-treatment"
climate_concern,voelkel2026,Concern_Pre 0-100 slider (climate concern/worry),age_band,35-44,2024,605.0,61.172,1.178,0,100,0-100 slider (composite of 3-6 items),UNWEIGHTED (quota sample),"CONTROL ARM ONLY (3 innocuous-text controls pooled), baseline pre-treatment"
climate_concern,voelkel2026,Concern_Pre 0-100 slider (climate concern/worry),age_band,45-54,2024,552.0,58.719,1.312,0,100,0-100 slider (composite of 3-6 items),UNWEIGHTED (quota sample),"CONTROL ARM ONLY (3 innocuous-text controls pooled), baseline pre-treatment"
climate_concern,voelkel2026,Concern_Pre 0-100 slider (climate concern/worry),age_band,55-64,2024,553.0,58.157,1.392,0,100,0-100 slider (composite of 3-6 items),UNWEIGHTED (quota sample),"CONTROL ARM ONLY (3 innocuous-text controls pooled), baseline pre-treatment"
climate_concern,voelkel2026,Concern_Pre 0-100 slider (climate concern/worry),age_band,65+,2024,723.0,55.326,1.305,0,100,0-100 slider (composite of 3-6 items),UNWEIGHTED (quota sample),"CONTROL ARM ONLY (3 innocuous-text controls pooled), baseline pre-treatment"
climate_concern,voelkel2026,Concern_Pre 0-100 slider (climate concern/worry),education,Bachelor or Postgraduate,2024,1168.0,61.728,0.903,0,100,0-100 slider (composite of 3-6 items),UNWEIGHTED (quota sample),"CONTROL ARM ONLY (3 innocuous-text controls pooled), baseline pre-treatment"
climate_concern,voelkel2026,Concern_Pre 0-100 slider (climate concern/worry),education,HS or less,2024,906.0,60.137,1.041,0,100,0-100 slider (composite of 3-6 items),UNWEIGHTED (quota sample),"CONTROL ARM ONLY (3 innocuous-text controls pooled), baseline pre-treatment"
climate_concern,voelkel2026,Concern_Pre 0-100 slider (climate concern/worry),education,Some college,2024,1106.0,58.75,0.951,0,100,0-100 slider (composite of 3-6 items),UNWEIGHTED (quota sample),"CONTROL ARM ONLY (3 innocuous-text controls pooled), baseline pre-treatment"
climate_concern,voelkel2026,Concern_Pre 0-100 slider (climate concern/worry),gender,Female,2024,1746.0,62.802,0.716,0,100,0-100 slider (composite of 3-6 items),UNWEIGHTED (quota sample),"CONTROL ARM ONLY (3 innocuous-text controls pooled), baseline pre-treatment"
climate_concern,voelkel2026,Concern_Pre 0-100 slider (climate concern/worry),gender,Male,2024,1405.0,56.579,0.87,0,100,0-100 slider (composite of 3-6 items),UNWEIGHTED (quota sample),"CONTROL ARM ONLY (3 innocuous-text controls pooled), baseline pre-treatment"
climate_concern,voelkel2026,Concern_Pre 0-100 slider (climate concern/worry),ideology,Conservative(6-7),2024,771.0,33.296,1.125,0,100,0-100 slider (composite of 3-6 items),UNWEIGHTED (quota sample),"CONTROL ARM ONLY (3 innocuous-text controls pooled), baseline pre-treatment"
climate_concern,voelkel2026,Concern_Pre 0-100 slider (climate concern/worry),ideology,Liberal(3),2024,279.0,73.27,1.21,0,100,0-100 slider (composite of 3-6 items),UNWEIGHTED (quota sample),"CONTROL ARM ONLY (3 innocuous-text controls pooled), baseline pre-treatment"
climate_concern,voelkel2026,Concern_Pre 0-100 slider (climate concern/worry),ideology,Moderate-cons(4-5),2024,1375.0,60.807,0.748,0,100,0-100 slider (composite of 3-6 items),UNWEIGHTED (quota sample),"CONTROL ARM ONLY (3 innocuous-text controls pooled), baseline pre-treatment"
climate_concern,voelkel2026,Concern_Pre 0-100 slider (climate concern/worry),ideology,Very liberal(1-2),2024,755.0,81.903,0.63,0,100,0-100 slider (composite of 3-6 items),UNWEIGHTED (quota sample),"CONTROL ARM ONLY (3 innocuous-text controls pooled), baseline pre-treatment"
climate_concern,voelkel2026,Concern_Pre 0-100 slider (climate concern/worry),income,inc1-2,2024,1005.0,63.601,0.958,0,100,0-100 slider (composite of 3-6 items),UNWEIGHTED (quota sample),"CONTROL ARM ONLY (3 innocuous-text controls pooled), baseline pre-treatment"
climate_concern,voelkel2026,Concern_Pre 0-100 slider (climate concern/worry),income,inc3-4,2024,1038.0,59.136,0.978,0,100,0-100 slider (composite of 3-6 items),UNWEIGHTED (quota sample),"CONTROL ARM ONLY (3 innocuous-text controls pooled), baseline pre-treatment"
climate_concern,voelkel2026,Concern_Pre 0-100 slider (climate concern/worry),income,inc5-6,2024,598.0,56.564,1.319,0,100,0-100 slider (composite of 3-6 items),UNWEIGHTED (quota sample),"CONTROL ARM ONLY (3 innocuous-text controls pooled), baseline pre-treatment"
climate_concern,voelkel2026,Concern_Pre 0-100 slider (climate concern/worry),income,inc7+,2024,426.0,59.699,1.511,0,100,0-100 slider (composite of 3-6 items),UNWEIGHTED (quota sample),"CONTROL ARM ONLY (3 innocuous-text controls pooled), baseline pre-treatment"
climate_concern,voelkel2026,Concern_Pre 0-100 slider (climate concern/worry),party,Democrat,2024,1400.0,78.268,0.524,0,100,0-100 slider (composite of 3-6 items),UNWEIGHTED (quota sample),"CONTROL ARM ONLY (3 innocuous-text controls pooled), baseline pre-treatment"
climate_concern,voelkel2026,Concern_Pre 0-100 slider (climate concern/worry),party,Independent,2024,409.0,62.093,1.354,0,100,0-100 slider (composite of 3-6 items),UNWEIGHTED (quota sample),"CONTROL ARM ONLY (3 innocuous-text controls pooled), baseline pre-treatment"
climate_concern,voelkel2026,Concern_Pre 0-100 slider (climate concern/worry),party,Republican,2024,1371.0,41.276,0.838,0,100,0-100 slider (composite of 3-6 items),UNWEIGHTED (quota sample),"CONTROL ARM ONLY (3 innocuous-text controls pooled), baseline pre-treatment"
climate_concern,voelkel2026,Concern_Pre 0-100 slider (climate concern/worry),race,Asian,2024,156.0,69.169,1.858,0,100,0-100 slider (composite of 3-6 items),UNWEIGHTED (quota sample),"CONTROL ARM ONLY (3 innocuous-text controls pooled), baseline pre-treatment"
climate_concern,voelkel2026,Concern_Pre 0-100 slider (climate concern/worry),race,Black,2024,412.0,70.482,1.249,0,100,0-100 slider (composite of 3-6 items),UNWEIGHTED (quota sample),"CONTROL ARM ONLY (3 innocuous-text controls pooled), baseline pre-treatment"
climate_concern,voelkel2026,Concern_Pre 0-100 slider (climate concern/worry),race,Hispanic,2024,276.0,68.808,1.671,0,100,0-100 slider (composite of 3-6 items),UNWEIGHTED (quota sample),"CONTROL ARM ONLY (3 innocuous-text controls pooled), baseline pre-treatment"
climate_concern,voelkel2026,Concern_Pre 0-100 slider (climate concern/worry),race,Other,2024,84.0,61.77,3.673,0,100,0-100 slider (composite of 3-6 items),UNWEIGHTED (quota sample),"CONTROL ARM ONLY (3 innocuous-text controls pooled), baseline pre-treatment"
climate_concern,voelkel2026,Concern_Pre 0-100 slider (climate concern/worry),race,White,2024,2252.0,56.639,0.681,0,100,0-100 slider (composite of 3-6 items),UNWEIGHTED (quota sample),"CONTROL ARM ONLY (3 innocuous-text controls pooled), baseline pre-treatment"
climate_danger_belief,gss,tempgen greenhouse effect danger to environment (5pt),ALL,ALL,1993-2024,5761.0,63.517,0.417,1,5,5-pt danger,wtssps,ISSP module years
climate_danger_belief,gss,tempgen greenhouse effect danger to environment (5pt),age_band,18-29,1993-2024,993.0,68.14,0.924,1,5,5-pt danger,wtssps,ISSP module years
climate_danger_belief,gss,tempgen greenhouse effect danger to environment (5pt),age_band,30-44,1993-2024,1860.0,64.469,0.682,1,5,5-pt danger,wtssps,ISSP module years
climate_danger_belief,gss,tempgen greenhouse effect danger to environment (5pt),age_band,45-59,1993-2024,1423.0,61.468,0.861,1,5,5-pt danger,wtssps,ISSP module years
climate_danger_belief,gss,tempgen greenhouse effect danger to environment (5pt),age_band,60+,1993-2024,1435.0,60.11,0.898,1,5,5-pt danger,wtssps,ISSP module years
climate_danger_belief,gss,tempgen greenhouse effect danger to environment (5pt),education,associate/junior college,1993-2024,398.0,66.089,1.613,1,5,5-pt danger,wtssps,ISSP module years
climate_danger_belief,gss,tempgen greenhouse effect danger to environment (5pt),education,bachelor's,1993-2024,1112.0,64.737,0.942,1,5,5-pt danger,wtssps,ISSP module years
climate_danger_belief,gss,tempgen greenhouse effect danger to environment (5pt),education,graduate,1993-2024,574.0,66.771,1.55,1,5,5-pt danger,wtssps,ISSP module years
climate_danger_belief,gss,tempgen greenhouse effect danger to environment (5pt),education,high school,1993-2024,2918.0,62.608,0.57,1,5,5-pt danger,wtssps,ISSP module years
climate_danger_belief,gss,tempgen greenhouse effect danger to environment (5pt),education,less than high school,1993-2024,749.0,62.24,1.139,1,5,5-pt danger,wtssps,ISSP module years
climate_danger_belief,gss,tempgen greenhouse effect danger to environment (5pt),education3,College graduate or more,1993-2024,1686.0,65.423,0.812,1,5,5-pt danger,wtssps,ISSP module years
climate_danger_belief,gss,tempgen greenhouse effect danger to environment (5pt),education3,H.S. graduate or less,1993-2024,3667.0,62.523,0.511,1,5,5-pt danger,wtssps,ISSP module years
climate_danger_belief,gss,tempgen greenhouse effect danger to environment (5pt),education3,Some college,1993-2024,398.0,66.089,1.613,1,5,5-pt danger,wtssps,ISSP module years
climate_danger_belief,gss,tempgen greenhouse effect danger to environment (5pt),gender,Female,1993-2024,3176.0,66.409,0.531,1,5,5-pt danger,wtssps,ISSP module years
climate_danger_belief,gss,tempgen greenhouse effect danger to environment (5pt),gender,Male,1993-2024,2583.0,60.584,0.638,1,5,5-pt danger,wtssps,ISSP module years
climate_danger_belief,gss,tempgen greenhouse effect danger to environment (5pt),ideology,conservative,1993-2024,855.0,52.97,1.149,1,5,5-pt danger,wtssps,ISSP module years
climate_danger_belief,gss,tempgen greenhouse effect danger to environment (5pt),ideology,extremely conservative,1993-2024,213.0,51.522,2.827,1,5,5-pt danger,wtssps,ISSP module years
climate_danger_belief,gss,tempgen greenhouse effect danger to environment (5pt),ideology,extremely liberal,1993-2024,214.0,79.935,1.982,1,5,5-pt danger,wtssps,ISSP module years
climate_danger_belief,gss,tempgen greenhouse effect danger to environment (5pt),ideology,liberal,1993-2024,688.0,74.756,1.089,1,5,5-pt danger,wtssps,ISSP module years
climate_danger_belief,gss,tempgen greenhouse effect danger to environment (5pt),ideology,"moderate, middle of the road",1993-2024,2045.0,65.024,0.627,1,5,5-pt danger,wtssps,ISSP module years
climate_danger_belief,gss,tempgen greenhouse effect danger to environment (5pt),ideology,slightly conservative,1993-2024,861.0,58.236,1.016,1,5,5-pt danger,wtssps,ISSP module years
climate_danger_belief,gss,tempgen greenhouse effect danger to environment (5pt),ideology,slightly liberal,1993-2024,708.0,67.758,1.101,1,5,5-pt danger,wtssps,ISSP module years
climate_danger_belief,gss,tempgen greenhouse effect danger to environment (5pt),party,Democrat,1993-2024,1932.0,69.596,0.713,1,5,5-pt danger,wtssps,ISSP module years
climate_danger_belief,gss,tempgen greenhouse effect danger to environment (5pt),party,Independent,1993-2024,2122.0,64.502,0.641,1,5,5-pt danger,wtssps,ISSP module years
climate_danger_belief,gss,tempgen greenhouse effect danger to environment (5pt),party,Republican,1993-2024,1539.0,55.074,0.804,1,5,5-pt danger,wtssps,ISSP module years
climate_danger_belief,gss,tempgen greenhouse effect danger to environment (5pt),party_lean,Dem/Lean Dem,1993-2024,2643.0,69.352,0.599,1,5,5-pt danger,wtssps,ISSP module years
climate_danger_belief,gss,tempgen greenhouse effect danger to environment (5pt),party_lean,Rep/Lean Rep,1993-2024,2078.0,55.533,0.676,1,5,5-pt danger,wtssps,ISSP module years
climate_danger_belief,gss,tempgen greenhouse effect danger to environment (5pt),race,Black non-Hispanic,1993-2024,458.0,68.439,1.407,1,5,5-pt danger,wtssps,ISSP module years
climate_danger_belief,gss,tempgen greenhouse effect danger to environment (5pt),race,Hispanic,1993-2024,2919.0,62.334,0.561,1,5,5-pt danger,wtssps,ISSP module years
climate_danger_belief,gss,tempgen greenhouse effect danger to environment (5pt),race,Other non-Hispanic,1993-2024,138.0,67.934,3.23,1,5,5-pt danger,wtssps,ISSP module years
climate_danger_belief,gss,tempgen greenhouse effect danger to environment (5pt),race,White non-Hispanic,1993-2024,2243.0,64.044,0.685,1,5,5-pt danger,wtssps,ISSP module years
climate_harm,ccam,harm_future_gen: harm to future generations (4pt),ALL,ALL,2020-2024,9309.0,76.635,0.38,1,4,4-pt harm,weight_aggregate,waves 2020-2024 pooled
climate_harm,ccam,harm_future_gen: harm to future generations (4pt),ALL,ALL,2008,1696.0,73.843,1.092,1,4,4-pt harm,weight_aggregate,annual trend
climate_harm,ccam,harm_future_gen: harm to future generations (4pt),ALL,ALL,2010,863.0,68.405,1.565,1,4,4-pt harm,weight_aggregate,annual trend
climate_harm,ccam,harm_future_gen: harm to future generations (4pt),ALL,ALL,2011,1663.0,69.181,1.003,1,4,4-pt harm,weight_aggregate,annual trend
climate_harm,ccam,harm_future_gen: harm to future generations (4pt),ALL,ALL,2012,929.0,75.065,1.295,1,4,4-pt harm,weight_aggregate,annual trend
climate_harm,ccam,harm_future_gen: harm to future generations (4pt),ALL,ALL,2013,1678.0,68.912,1.15,1,4,4-pt harm,weight_aggregate,annual trend
climate_harm,ccam,harm_future_gen: harm to future generations (4pt),ALL,ALL,2014,2041.0,71.22,0.888,1,4,4-pt harm,weight_aggregate,annual trend
climate_harm,ccam,harm_future_gen: harm to future generations (4pt),ALL,ALL,2015,2277.0,72.095,0.806,1,4,4-pt harm,weight_aggregate,annual trend
climate_harm,ccam,harm_future_gen: harm to future generations (4pt),ALL,ALL,2016,2198.0,74.803,0.822,1,4,4-pt harm,weight_aggregate,annual trend
climate_harm,ccam,harm_future_gen: harm to future generations (4pt),ALL,ALL,2017,2364.0,75.222,0.769,1,4,4-pt harm,weight_aggregate,annual trend
climate_harm,ccam,harm_future_gen: harm to future generations (4pt),ALL,ALL,2018,2155.0,77.837,0.814,1,4,4-pt harm,weight_aggregate,annual trend
climate_harm,ccam,harm_future_gen: harm to future generations (4pt),ALL,ALL,2019,2347.0,75.553,0.775,1,4,4-pt harm,weight_aggregate,annual trend
climate_harm,ccam,harm_future_gen: harm to future generations (4pt),ALL,ALL,2020,1860.0,78.045,0.815,1,4,4-pt harm,weight_aggregate,annual trend
climate_harm,ccam,harm_future_gen: harm to future generations (4pt),ALL,ALL,2021,1866.0,77.274,0.831,1,4,4-pt harm,weight_aggregate,annual trend
climate_harm,ccam,harm_future_gen: harm to future generations (4pt),ALL,ALL,2022,1899.0,75.324,0.867,1,4,4-pt harm,weight_aggregate,annual trend
climate_harm,ccam,harm_future_gen: harm to future generations (4pt),ALL,ALL,2023,1847.0,75.843,0.885,1,4,4-pt harm,weight_aggregate,annual trend
climate_harm,ccam,harm_future_gen: harm to future generations (4pt),ALL,ALL,2024,1837.0,77.015,0.821,1,4,4-pt harm,weight_aggregate,annual trend
climate_harm,ccam,harm_future_gen: harm to future generations (4pt),age_band,18-34 years,2020-2024,1798.0,81.318,0.786,1,4,4-pt harm,weight_aggregate,waves 2020-2024 pooled
climate_harm,ccam,harm_future_gen: harm to future generations (4pt),age_band,35-54 years,2020-2024,2841.0,76.396,0.676,1,4,4-pt harm,weight_aggregate,waves 2020-2024 pooled
climate_harm,ccam,harm_future_gen: harm to future generations (4pt),age_band,55+ years,2020-2024,4670.0,73.624,0.55,1,4,4-pt harm,weight_aggregate,waves 2020-2024 pooled
climate_harm,ccam,harm_future_gen: harm to future generations (4pt),education,Bachelor+,2020-2024,4000.0,81.341,0.519,1,4,4-pt harm,weight_aggregate,waves 2020-2024 pooled
climate_harm,ccam,harm_future_gen: harm to future generations (4pt),education,HS or less,2020-2024,2755.0,73.878,0.711,1,4,4-pt harm,weight_aggregate,waves 2020-2024 pooled
climate_harm,ccam,harm_future_gen: harm to future generations (4pt),education,Some college,2020-2024,2554.0,74.09,0.741,1,4,4-pt harm,weight_aggregate,waves 2020-2024 pooled
climate_harm,ccam,harm_future_gen: harm to future generations (4pt),gender,Female,2020-2024,4572.0,80.836,0.493,1,4,4-pt harm,weight_aggregate,waves 2020-2024 pooled
climate_harm,ccam,harm_future_gen: harm to future generations (4pt),gender,Male,2020-2024,4737.0,72.425,0.572,1,4,4-pt harm,weight_aggregate,waves 2020-2024 pooled
climate_harm,ccam,harm_future_gen: harm to future generations (4pt),ideology,"Moderate, middle of the road",2020-2024,3790.0,82.01,0.519,1,4,4-pt harm,weight_aggregate,waves 2020-2024 pooled
climate_harm,ccam,harm_future_gen: harm to future generations (4pt),ideology,Somewhat conservative,2020-2024,1881.0,56.476,0.945,1,4,4-pt harm,weight_aggregate,waves 2020-2024 pooled
climate_harm,ccam,harm_future_gen: harm to future generations (4pt),ideology,Somewhat liberal,2020-2024,1719.0,94.071,0.443,1,4,4-pt harm,weight_aggregate,waves 2020-2024 pooled
climate_harm,ccam,harm_future_gen: harm to future generations (4pt),ideology,Very conservative,2020-2024,921.0,37.721,1.454,1,4,4-pt harm,weight_aggregate,waves 2020-2024 pooled
climate_harm,ccam,harm_future_gen: harm to future generations (4pt),ideology,Very liberal,2020-2024,877.0,95.569,0.583,1,4,4-pt harm,weight_aggregate,waves 2020-2024 pooled
climate_harm,ccam,harm_future_gen: harm to future generations (4pt),income,"$100,000 or more",2020-2024,4267.0,76.39,0.571,1,4,4-pt harm,weight_aggregate,waves 2020-2024 pooled
climate_harm,ccam,harm_future_gen: harm to future generations (4pt),income,"$50,000 to $99,999",2020-2024,2774.0,75.966,0.714,1,4,4-pt harm,weight_aggregate,waves 2020-2024 pooled
climate_harm,ccam,harm_future_gen: harm to future generations (4pt),income,"Less than $50,000",2020-2024,2268.0,77.774,0.727,1,4,4-pt harm,weight_aggregate,waves 2020-2024 pooled
climate_harm,ccam,harm_future_gen: harm to future generations (4pt),party,Democrats,2020-2024,4185.0,93.13,0.303,1,4,4-pt harm,weight_aggregate,waves 2020-2024 pooled
climate_harm,ccam,harm_future_gen: harm to future generations (4pt),party,Independent/Other,2020-2024,948.0,74.816,1.256,1,4,4-pt harm,weight_aggregate,waves 2020-2024 pooled
climate_harm,ccam,harm_future_gen: harm to future generations (4pt),party,Republicans,2020-2024,3518.0,55.391,0.711,1,4,4-pt harm,weight_aggregate,waves 2020-2024 pooled
climate_harm,ccam,harm_future_gen: harm to future generations (4pt),race,"Black, Non-Hispanic",2020-2024,808.0,85.161,0.977,1,4,4-pt harm,weight_aggregate,waves 2020-2024 pooled
climate_harm,ccam,harm_future_gen: harm to future generations (4pt),race,Hispanic,2020-2024,1146.0,81.323,0.991,1,4,4-pt harm,weight_aggregate,waves 2020-2024 pooled
climate_harm,ccam,harm_future_gen: harm to future generations (4pt),race,"Other, Non-Hispanic",2020-2024,736.0,86.385,1.141,1,4,4-pt harm,weight_aggregate,waves 2020-2024 pooled
climate_harm,ccam,harm_future_gen: harm to future generations (4pt),race,"White, Non-Hispanic",2020-2024,6619.0,72.482,0.475,1,4,4-pt harm,weight_aggregate,waves 2020-2024 pooled
climate_harm,ccam,harm_personally: harm you personally (4pt),ALL,ALL,2020-2024,9437.0,48.104,0.396,1,4,4-pt harm,weight_aggregate,waves 2020-2024 pooled
climate_harm,ccam,harm_personally: harm you personally (4pt),ALL,ALL,2008,1690.0,41.714,1.074,1,4,4-pt harm,weight_aggregate,annual trend
climate_harm,ccam,harm_personally: harm you personally (4pt),ALL,ALL,2010,864.0,40.057,1.518,1,4,4-pt harm,weight_aggregate,annual trend
climate_harm,ccam,harm_personally: harm you personally (4pt),ALL,ALL,2011,1680.0,39.194,0.978,1,4,4-pt harm,weight_aggregate,annual trend
climate_harm,ccam,harm_personally: harm you personally (4pt),ALL,ALL,2012,934.0,47.693,1.423,1,4,4-pt harm,weight_aggregate,annual trend
climate_harm,ccam,harm_personally: harm you personally (4pt),ALL,ALL,2013,1698.0,44.239,1.117,1,4,4-pt harm,weight_aggregate,annual trend
climate_harm,ccam,harm_personally: harm you personally (4pt),ALL,ALL,2014,2075.0,41.992,0.869,1,4,4-pt harm,weight_aggregate,annual trend
climate_harm,ccam,harm_personally: harm you personally (4pt),ALL,ALL,2015,2296.0,43.88,0.781,1,4,4-pt harm,weight_aggregate,annual trend
climate_harm,ccam,harm_personally: harm you personally (4pt),ALL,ALL,2016,2221.0,44.301,0.838,1,4,4-pt harm,weight_aggregate,annual trend
climate_harm,ccam,harm_personally: harm you personally (4pt),ALL,ALL,2017,2379.0,48.226,0.769,1,4,4-pt harm,weight_aggregate,annual trend
climate_harm,ccam,harm_personally: harm you personally (4pt),ALL,ALL,2018,2167.0,49.44,0.886,1,4,4-pt harm,weight_aggregate,annual trend
climate_harm,ccam,harm_personally: harm you personally (4pt),ALL,ALL,2019,2367.0,46.857,0.787,1,4,4-pt harm,weight_aggregate,annual trend
climate_harm,ccam,harm_personally: harm you personally (4pt),ALL,ALL,2020,1890.0,46.229,0.9,1,4,4-pt harm,weight_aggregate,annual trend
climate_harm,ccam,harm_personally: harm you personally (4pt),ALL,ALL,2021,1892.0,49.771,0.889,1,4,4-pt harm,weight_aggregate,annual trend
climate_harm,ccam,harm_personally: harm you personally (4pt),ALL,ALL,2022,1907.0,47.861,0.884,1,4,4-pt harm,weight_aggregate,annual trend
climate_harm,ccam,harm_personally: harm you personally (4pt),ALL,ALL,2023,1882.0,48.105,0.893,1,4,4-pt harm,weight_aggregate,annual trend
climate_harm,ccam,harm_personally: harm you personally (4pt),ALL,ALL,2024,1866.0,48.177,0.842,1,4,4-pt harm,weight_aggregate,annual trend
climate_harm,ccam,harm_personally: harm you personally (4pt),age_band,18-34 years,2020-2024,1795.0,51.897,0.879,1,4,4-pt harm,weight_aggregate,waves 2020-2024 pooled
climate_harm,ccam,harm_personally: harm you personally (4pt),age_band,35-54 years,2020-2024,2862.0,49.054,0.695,1,4,4-pt harm,weight_aggregate,waves 2020-2024 pooled
climate_harm,ccam,harm_personally: harm you personally (4pt),age_band,55+ years,2020-2024,4780.0,44.815,0.539,1,4,4-pt harm,weight_aggregate,waves 2020-2024 pooled
climate_harm,ccam,harm_personally: harm you personally (4pt),education,Bachelor+,2020-2024,4048.0,49.783,0.554,1,4,4-pt harm,weight_aggregate,waves 2020-2024 pooled
climate_harm,ccam,harm_personally: harm you personally (4pt),education,HS or less,2020-2024,2781.0,47.742,0.748,1,4,4-pt harm,weight_aggregate,waves 2020-2024 pooled
climate_harm,ccam,harm_personally: harm you personally (4pt),education,Some college,2020-2024,2608.0,46.407,0.754,1,4,4-pt harm,weight_aggregate,waves 2020-2024 pooled
climate_harm,ccam,harm_personally: harm you personally (4pt),gender,Female,2020-2024,4616.0,52.895,0.546,1,4,4-pt harm,weight_aggregate,waves 2020-2024 pooled
climate_harm,ccam,harm_personally: harm you personally (4pt),gender,Male,2020-2024,4821.0,43.359,0.563,1,4,4-pt harm,weight_aggregate,waves 2020-2024 pooled
climate_harm,ccam,harm_personally: harm you personally (4pt),ideology,"Moderate, middle of the road",2020-2024,3809.0,51.959,0.583,1,4,4-pt harm,weight_aggregate,waves 2020-2024 pooled
climate_harm,ccam,harm_personally: harm you personally (4pt),ideology,Somewhat conservative,2020-2024,1961.0,28.565,0.784,1,4,4-pt harm,weight_aggregate,waves 2020-2024 pooled
climate_harm,ccam,harm_personally: harm you personally (4pt),ideology,Somewhat liberal,2020-2024,1712.0,61.953,0.773,1,4,4-pt harm,weight_aggregate,waves 2020-2024 pooled
climate_harm,ccam,harm_personally: harm you personally (4pt),ideology,Very conservative,2020-2024,959.0,20.718,1.211,1,4,4-pt harm,weight_aggregate,waves 2020-2024 pooled
climate_harm,ccam,harm_personally: harm you personally (4pt),ideology,Very liberal,2020-2024,869.0,69.324,1.057,1,4,4-pt harm,weight_aggregate,waves 2020-2024 pooled
climate_harm,ccam,harm_personally: harm you personally (4pt),income,"$100,000 or more",2020-2024,4315.0,45.387,0.556,1,4,4-pt harm,weight_aggregate,waves 2020-2024 pooled
climate_harm,ccam,harm_personally: harm you personally (4pt),income,"$50,000 to $99,999",2020-2024,2822.0,48.074,0.745,1,4,4-pt harm,weight_aggregate,waves 2020-2024 pooled
climate_harm,ccam,harm_personally: harm you personally (4pt),income,"Less than $50,000",2020-2024,2300.0,52.629,0.817,1,4,4-pt harm,weight_aggregate,waves 2020-2024 pooled
climate_harm,ccam,harm_personally: harm you personally (4pt),party,Democrats,2020-2024,4149.0,63.388,0.49,1,4,4-pt harm,weight_aggregate,waves 2020-2024 pooled
climate_harm,ccam,harm_personally: harm you personally (4pt),party,Independent/Other,2020-2024,973.0,48.717,1.264,1,4,4-pt harm,weight_aggregate,waves 2020-2024 pooled
climate_harm,ccam,harm_personally: harm you personally (4pt),party,Republicans,2020-2024,3666.0,28.335,0.581,1,4,4-pt harm,weight_aggregate,waves 2020-2024 pooled
climate_harm,ccam,harm_personally: harm you personally (4pt),race,"Black, Non-Hispanic",2020-2024,799.0,62.892,1.227,1,4,4-pt harm,weight_aggregate,waves 2020-2024 pooled
climate_harm,ccam,harm_personally: harm you personally (4pt),race,Hispanic,2020-2024,1160.0,57.846,1.1,1,4,4-pt harm,weight_aggregate,waves 2020-2024 pooled
climate_harm,ccam,harm_personally: harm you personally (4pt),race,"Other, Non-Hispanic",2020-2024,737.0,59.231,1.427,1,4,4-pt harm,weight_aggregate,waves 2020-2024 pooled
climate_harm,ccam,harm_personally: harm you personally (4pt),race,"White, Non-Hispanic",2020-2024,6741.0,41.417,0.434,1,4,4-pt harm,weight_aggregate,waves 2020-2024 pooled
climate_intent,voelkel2026,Intent_Post 0-100 slider (behavioral intent),ALL,ALL,2024,3105.0,33.828,0.518,0,100,0-100 slider (composite of 3-6 items),UNWEIGHTED (quota sample),"CONTROL ARM ONLY (3 innocuous-text controls pooled), post-treatment"
climate_intent,voelkel2026,Intent_Post 0-100 slider (behavioral intent),age_band,18-24,2024,301.0,42.079,1.565,0,100,0-100 slider (composite of 3-6 items),UNWEIGHTED (quota sample),"CONTROL ARM ONLY (3 innocuous-text controls pooled), post-treatment"
climate_intent,voelkel2026,Intent_Post 0-100 slider (behavioral intent),age_band,25-34,2024,430.0,40.103,1.436,0,100,0-100 slider (composite of 3-6 items),UNWEIGHTED (quota sample),"CONTROL ARM ONLY (3 innocuous-text controls pooled), post-treatment"
climate_intent,voelkel2026,Intent_Post 0-100 slider (behavioral intent),age_band,35-44,2024,593.0,35.434,1.191,0,100,0-100 slider (composite of 3-6 items),UNWEIGHTED (quota sample),"CONTROL ARM ONLY (3 innocuous-text controls pooled), post-treatment"
climate_intent,voelkel2026,Intent_Post 0-100 slider (behavioral intent),age_band,45-54,2024,537.0,32.013,1.213,0,100,0-100 slider (composite of 3-6 items),UNWEIGHTED (quota sample),"CONTROL ARM ONLY (3 innocuous-text controls pooled), post-treatment"
climate_intent,voelkel2026,Intent_Post 0-100 slider (behavioral intent),age_band,55-64,2024,539.0,32.077,1.234,0,100,0-100 slider (composite of 3-6 items),UNWEIGHTED (quota sample),"CONTROL ARM ONLY (3 innocuous-text controls pooled), post-treatment"
climate_intent,voelkel2026,Intent_Post 0-100 slider (behavioral intent),age_band,65+,2024,705.0,27.848,1.06,0,100,0-100 slider (composite of 3-6 items),UNWEIGHTED (quota sample),"CONTROL ARM ONLY (3 innocuous-text controls pooled), post-treatment"
climate_intent,voelkel2026,Intent_Post 0-100 slider (behavioral intent),education,Bachelor or Postgraduate,2024,1144.0,37.671,0.899,0,100,0-100 slider (composite of 3-6 items),UNWEIGHTED (quota sample),"CONTROL ARM ONLY (3 innocuous-text controls pooled), post-treatment"
climate_intent,voelkel2026,Intent_Post 0-100 slider (behavioral intent),education,HS or less,2024,882.0,30.541,0.917,0,100,0-100 slider (composite of 3-6 items),UNWEIGHTED (quota sample),"CONTROL ARM ONLY (3 innocuous-text controls pooled), post-treatment"
climate_intent,voelkel2026,Intent_Post 0-100 slider (behavioral intent),education,Some college,2024,1079.0,32.44,0.855,0,100,0-100 slider (composite of 3-6 items),UNWEIGHTED (quota sample),"CONTROL ARM ONLY (3 innocuous-text controls pooled), post-treatment"
climate_intent,voelkel2026,Intent_Post 0-100 slider (behavioral intent),gender,Female,2024,1704.0,34.577,0.685,0,100,0-100 slider (composite of 3-6 items),UNWEIGHTED (quota sample),"CONTROL ARM ONLY (3 innocuous-text controls pooled), post-treatment"
climate_intent,voelkel2026,Intent_Post 0-100 slider (behavioral intent),gender,Male,2024,1372.0,32.663,0.799,0,100,0-100 slider (composite of 3-6 items),UNWEIGHTED (quota sample),"CONTROL ARM ONLY (3 innocuous-text controls pooled), post-treatment"
climate_intent,voelkel2026,Intent_Post 0-100 slider (behavioral intent),ideology,Conservative(6-7),2024,758.0,17.583,0.854,0,100,0-100 slider (composite of 3-6 items),UNWEIGHTED (quota sample),"CONTROL ARM ONLY (3 innocuous-text controls pooled), post-treatment"
climate_intent,voelkel2026,Intent_Post 0-100 slider (behavioral intent),ideology,Liberal(3),2024,275.0,42.235,1.652,0,100,0-100 slider (composite of 3-6 items),UNWEIGHTED (quota sample),"CONTROL ARM ONLY (3 innocuous-text controls pooled), post-treatment"
climate_intent,voelkel2026,Intent_Post 0-100 slider (behavioral intent),ideology,Moderate-cons(4-5),2024,1333.0,31.935,0.723,0,100,0-100 slider (composite of 3-6 items),UNWEIGHTED (quota sample),"CONTROL ARM ONLY (3 innocuous-text controls pooled), post-treatment"
climate_intent,voelkel2026,Intent_Post 0-100 slider (behavioral intent),ideology,Very liberal(1-2),2024,739.0,50.776,1.05,0,100,0-100 slider (composite of 3-6 items),UNWEIGHTED (quota sample),"CONTROL ARM ONLY (3 innocuous-text controls pooled), post-treatment"
climate_intent,voelkel2026,Intent_Post 0-100 slider (behavioral intent),income,inc1-2,2024,979.0,33.889,0.878,0,100,0-100 slider (composite of 3-6 items),UNWEIGHTED (quota sample),"CONTROL ARM ONLY (3 innocuous-text controls pooled), post-treatment"
climate_intent,voelkel2026,Intent_Post 0-100 slider (behavioral intent),income,inc3-4,2024,1023.0,33.41,0.91,0,100,0-100 slider (composite of 3-6 items),UNWEIGHTED (quota sample),"CONTROL ARM ONLY (3 innocuous-text controls pooled), post-treatment"
climate_intent,voelkel2026,Intent_Post 0-100 slider (behavioral intent),income,inc5-6,2024,581.0,34.204,1.241,0,100,0-100 slider (composite of 3-6 items),UNWEIGHTED (quota sample),"CONTROL ARM ONLY (3 innocuous-text controls pooled), post-treatment"
climate_intent,voelkel2026,Intent_Post 0-100 slider (behavioral intent),income,inc7+,2024,413.0,35.776,1.541,0,100,0-100 slider (composite of 3-6 items),UNWEIGHTED (quota sample),"CONTROL ARM ONLY (3 innocuous-text controls pooled), post-treatment"
climate_intent,voelkel2026,Intent_Post 0-100 slider (behavioral intent),party,Democrat,2024,1374.0,45.953,0.76,0,100,0-100 slider (composite of 3-6 items),UNWEIGHTED (quota sample),"CONTROL ARM ONLY (3 innocuous-text controls pooled), post-treatment"
climate_intent,voelkel2026,Intent_Post 0-100 slider (behavioral intent),party,Independent,2024,396.0,31.64,1.394,0,100,0-100 slider (composite of 3-6 items),UNWEIGHTED (quota sample),"CONTROL ARM ONLY (3 innocuous-text controls pooled), post-treatment"
climate_intent,voelkel2026,Intent_Post 0-100 slider (behavioral intent),party,Republican,2024,1335.0,21.997,0.673,0,100,0-100 slider (composite of 3-6 items),UNWEIGHTED (quota sample),"CONTROL ARM ONLY (3 innocuous-text controls pooled), post-treatment"
climate_intent,voelkel2026,Intent_Post 0-100 slider (behavioral intent),race,Asian,2024,152.0,36.928,2.177,0,100,0-100 slider (composite of 3-6 items),UNWEIGHTED (quota sample),"CONTROL ARM ONLY (3 innocuous-text controls pooled), post-treatment"
climate_intent,voelkel2026,Intent_Post 0-100 slider (behavioral intent),race,Black,2024,406.0,41.209,1.448,0,100,0-100 slider (composite of 3-6 items),UNWEIGHTED (quota sample),"CONTROL ARM ONLY (3 innocuous-text controls pooled), post-treatment"
climate_intent,voelkel2026,Intent_Post 0-100 slider (behavioral intent),race,Hispanic,2024,274.0,40.469,1.715,0,100,0-100 slider (composite of 3-6 items),UNWEIGHTED (quota sample),"CONTROL ARM ONLY (3 innocuous-text controls pooled), post-treatment"
climate_intent,voelkel2026,Intent_Post 0-100 slider (behavioral intent),race,Other,2024,79.0,32.481,3.419,0,100,0-100 slider (composite of 3-6 items),UNWEIGHTED (quota sample),"CONTROL ARM ONLY (3 innocuous-text controls pooled), post-treatment"
climate_intent,voelkel2026,Intent_Post 0-100 slider (behavioral intent),race,White,2024,2194.0,31.466,0.611,0,100,0-100 slider (composite of 3-6 items),UNWEIGHTED (quota sample),"CONTROL ARM ONLY (3 innocuous-text controls pooled), post-treatment"
climate_intent,voelkel2026,Intent_Pre 0-100 slider (behavioral intent),ALL,ALL,2024,3175.0,33.808,0.496,0,100,0-100 slider (composite of 3-6 items),UNWEIGHTED (quota sample),"CONTROL ARM ONLY (3 innocuous-text controls pooled), baseline pre-treatment"
climate_intent,voelkel2026,Intent_Pre 0-100 slider (behavioral intent),age_band,18-24,2024,309.0,41.752,1.527,0,100,0-100 slider (composite of 3-6 items),UNWEIGHTED (quota sample),"CONTROL ARM ONLY (3 innocuous-text controls pooled), baseline pre-treatment"
climate_intent,voelkel2026,Intent_Pre 0-100 slider (behavioral intent),age_band,25-34,2024,436.0,38.867,1.372,0,100,0-100 slider (composite of 3-6 items),UNWEIGHTED (quota sample),"CONTROL ARM ONLY (3 innocuous-text controls pooled), baseline pre-treatment"
climate_intent,voelkel2026,Intent_Pre 0-100 slider (behavioral intent),age_band,35-44,2024,606.0,35.325,1.131,0,100,0-100 slider (composite of 3-6 items),UNWEIGHTED (quota sample),"CONTROL ARM ONLY (3 innocuous-text controls pooled), baseline pre-treatment"
climate_intent,voelkel2026,Intent_Pre 0-100 slider (behavioral intent),age_band,45-54,2024,551.0,31.714,1.151,0,100,0-100 slider (composite of 3-6 items),UNWEIGHTED (quota sample),"CONTROL ARM ONLY (3 innocuous-text controls pooled), baseline pre-treatment"
climate_intent,voelkel2026,Intent_Pre 0-100 slider (behavioral intent),age_band,55-64,2024,553.0,32.018,1.179,0,100,0-100 slider (composite of 3-6 items),UNWEIGHTED (quota sample),"CONTROL ARM ONLY (3 innocuous-text controls pooled), baseline pre-treatment"
climate_intent,voelkel2026,Intent_Pre 0-100 slider (behavioral intent),age_band,65+,2024,720.0,29.038,1.034,0,100,0-100 slider (composite of 3-6 items),UNWEIGHTED (quota sample),"CONTROL ARM ONLY (3 innocuous-text controls pooled), baseline pre-treatment"
climate_intent,voelkel2026,Intent_Pre 0-100 slider (behavioral intent),education,Bachelor or Postgraduate,2024,1166.0,37.462,0.86,0,100,0-100 slider (composite of 3-6 items),UNWEIGHTED (quota sample),"CONTROL ARM ONLY (3 innocuous-text controls pooled), baseline pre-treatment"
climate_intent,voelkel2026,Intent_Pre 0-100 slider (behavioral intent),education,HS or less,2024,904.0,30.706,0.885,0,100,0-100 slider (composite of 3-6 items),UNWEIGHTED (quota sample),"CONTROL ARM ONLY (3 innocuous-text controls pooled), baseline pre-treatment"
climate_intent,voelkel2026,Intent_Pre 0-100 slider (behavioral intent),education,Some college,2024,1105.0,32.491,0.815,0,100,0-100 slider (composite of 3-6 items),UNWEIGHTED (quota sample),"CONTROL ARM ONLY (3 innocuous-text controls pooled), baseline pre-treatment"
climate_intent,voelkel2026,Intent_Pre 0-100 slider (behavioral intent),gender,Female,2024,1744.0,34.567,0.657,0,100,0-100 slider (composite of 3-6 items),UNWEIGHTED (quota sample),"CONTROL ARM ONLY (3 innocuous-text controls pooled), baseline pre-treatment"
climate_intent,voelkel2026,Intent_Pre 0-100 slider (behavioral intent),gender,Male,2024,1403.0,32.714,0.764,0,100,0-100 slider (composite of 3-6 items),UNWEIGHTED (quota sample),"CONTROL ARM ONLY (3 innocuous-text controls pooled), baseline pre-treatment"
climate_intent,voelkel2026,Intent_Pre 0-100 slider (behavioral intent),ideology,Conservative(6-7),2024,770.0,18.595,0.823,0,100,0-100 slider (composite of 3-6 items),UNWEIGHTED (quota sample),"CONTROL ARM ONLY (3 innocuous-text controls pooled), baseline pre-treatment"
climate_intent,voelkel2026,Intent_Pre 0-100 slider (behavioral intent),ideology,Liberal(3),2024,279.0,41.493,1.585,0,100,0-100 slider (composite of 3-6 items),UNWEIGHTED (quota sample),"CONTROL ARM ONLY (3 innocuous-text controls pooled), baseline pre-treatment"
climate_intent,voelkel2026,Intent_Pre 0-100 slider (behavioral intent),ideology,Moderate-cons(4-5),2024,1372.0,31.913,0.695,0,100,0-100 slider (composite of 3-6 items),UNWEIGHTED (quota sample),"CONTROL ARM ONLY (3 innocuous-text controls pooled), baseline pre-treatment"
climate_intent,voelkel2026,Intent_Pre 0-100 slider (behavioral intent),ideology,Very liberal(1-2),2024,754.0,49.95,1.011,0,100,0-100 slider (composite of 3-6 items),UNWEIGHTED (quota sample),"CONTROL ARM ONLY (3 innocuous-text controls pooled), baseline pre-treatment"
climate_intent,voelkel2026,Intent_Pre 0-100 slider (behavioral intent),income,inc1-2,2024,1003.0,33.432,0.85,0,100,0-100 slider (composite of 3-6 items),UNWEIGHTED (quota sample),"CONTROL ARM ONLY (3 innocuous-text controls pooled), baseline pre-treatment"
climate_intent,voelkel2026,Intent_Pre 0-100 slider (behavioral intent),income,inc3-4,2024,1038.0,33.483,0.872,0,100,0-100 slider (composite of 3-6 items),UNWEIGHTED (quota sample),"CONTROL ARM ONLY (3 innocuous-text controls pooled), baseline pre-treatment"
climate_intent,voelkel2026,Intent_Pre 0-100 slider (behavioral intent),income,inc5-6,2024,596.0,34.5,1.18,0,100,0-100 slider (composite of 3-6 items),UNWEIGHTED (quota sample),"CONTROL ARM ONLY (3 innocuous-text controls pooled), baseline pre-treatment"
climate_intent,voelkel2026,Intent_Pre 0-100 slider (behavioral intent),income,inc7+,2024,425.0,35.895,1.442,0,100,0-100 slider (composite of 3-6 items),UNWEIGHTED (quota sample),"CONTROL ARM ONLY (3 innocuous-text controls pooled), baseline pre-treatment"
climate_intent,voelkel2026,Intent_Pre 0-100 slider (behavioral intent),party,Democrat,2024,1400.0,45.312,0.737,0,100,0-100 slider (composite of 3-6 items),UNWEIGHTED (quota sample),"CONTROL ARM ONLY (3 innocuous-text controls pooled), baseline pre-treatment"
climate_intent,voelkel2026,Intent_Pre 0-100 slider (behavioral intent),party,Independent,2024,407.0,30.934,1.309,0,100,0-100 slider (composite of 3-6 items),UNWEIGHTED (quota sample),"CONTROL ARM ONLY (3 innocuous-text controls pooled), baseline pre-treatment"
climate_intent,voelkel2026,Intent_Pre 0-100 slider (behavioral intent),party,Republican,2024,1368.0,22.891,0.646,0,100,0-100 slider (composite of 3-6 items),UNWEIGHTED (quota sample),"CONTROL ARM ONLY (3 innocuous-text controls pooled), baseline pre-treatment"
climate_intent,voelkel2026,Intent_Pre 0-100 slider (behavioral intent),race,Asian,2024,156.0,37.971,2.141,0,100,0-100 slider (composite of 3-6 items),UNWEIGHTED (quota sample),"CONTROL ARM ONLY (3 innocuous-text controls pooled), baseline pre-treatment"
climate_intent,voelkel2026,Intent_Pre 0-100 slider (behavioral intent),race,Black,2024,411.0,39.964,1.395,0,100,0-100 slider (composite of 3-6 items),UNWEIGHTED (quota sample),"CONTROL ARM ONLY (3 innocuous-text controls pooled), baseline pre-treatment"
climate_intent,voelkel2026,Intent_Pre 0-100 slider (behavioral intent),race,Hispanic,2024,277.0,38.965,1.665,0,100,0-100 slider (composite of 3-6 items),UNWEIGHTED (quota sample),"CONTROL ARM ONLY (3 innocuous-text controls pooled), baseline pre-treatment"
climate_intent,voelkel2026,Intent_Pre 0-100 slider (behavioral intent),race,Other,2024,84.0,33.312,3.179,0,100,0-100 slider (composite of 3-6 items),UNWEIGHTED (quota sample),"CONTROL ARM ONLY (3 innocuous-text controls pooled), baseline pre-treatment"
climate_intent,voelkel2026,Intent_Pre 0-100 slider (behavioral intent),race,White,2024,2247.0,31.776,0.585,0,100,0-100 slider (composite of 3-6 items),UNWEIGHTED (quota sample),"CONTROL ARM ONLY (3 innocuous-text controls pooled), baseline pre-treatment"
climate_intentnp,voelkel2026,IntentNp_Post 0-100 slider (non-policy intent),ALL,ALL,2024,3044.0,54.545,0.44,0,100,0-100 slider (composite of 3-6 items),UNWEIGHTED (quota sample),"CONTROL ARM ONLY (3 innocuous-text controls pooled), post-treatment"
climate_intentnp,voelkel2026,IntentNp_Post 0-100 slider (non-policy intent),age_band,18-24,2024,291.0,56.702,1.29,0,100,0-100 slider (composite of 3-6 items),UNWEIGHTED (quota sample),"CONTROL ARM ONLY (3 innocuous-text controls pooled), post-treatment"
climate_intentnp,voelkel2026,IntentNp_Post 0-100 slider (non-policy intent),age_band,25-34,2024,428.0,56.312,1.164,0,100,0-100 slider (composite of 3-6 items),UNWEIGHTED (quota sample),"CONTROL ARM ONLY (3 innocuous-text controls pooled), post-treatment"
climate_intentnp,voelkel2026,IntentNp_Post 0-100 slider (non-policy intent),age_band,35-44,2024,579.0,54.987,0.957,0,100,0-100 slider (composite of 3-6 items),UNWEIGHTED (quota sample),"CONTROL ARM ONLY (3 innocuous-text controls pooled), post-treatment"
climate_intentnp,voelkel2026,IntentNp_Post 0-100 slider (non-policy intent),age_band,45-54,2024,527.0,53.772,1.076,0,100,0-100 slider (composite of 3-6 items),UNWEIGHTED (quota sample),"CONTROL ARM ONLY (3 innocuous-text controls pooled), post-treatment"
climate_intentnp,voelkel2026,IntentNp_Post 0-100 slider (non-policy intent),age_band,55-64,2024,525.0,54.518,1.072,0,100,0-100 slider (composite of 3-6 items),UNWEIGHTED (quota sample),"CONTROL ARM ONLY (3 innocuous-text controls pooled), post-treatment"
climate_intentnp,voelkel2026,IntentNp_Post 0-100 slider (non-policy intent),age_band,65+,2024,694.0,52.79,0.972,0,100,0-100 slider (composite of 3-6 items),UNWEIGHTED (quota sample),"CONTROL ARM ONLY (3 innocuous-text controls pooled), post-treatment"
climate_intentnp,voelkel2026,IntentNp_Post 0-100 slider (non-policy intent),education,Bachelor or Postgraduate,2024,1125.0,55.506,0.719,0,100,0-100 slider (composite of 3-6 items),UNWEIGHTED (quota sample),"CONTROL ARM ONLY (3 innocuous-text controls pooled), post-treatment"
climate_intentnp,voelkel2026,IntentNp_Post 0-100 slider (non-policy intent),education,HS or less,2024,862.0,52.714,0.84,0,100,0-100 slider (composite of 3-6 items),UNWEIGHTED (quota sample),"CONTROL ARM ONLY (3 innocuous-text controls pooled), post-treatment"
climate_intentnp,voelkel2026,IntentNp_Post 0-100 slider (non-policy intent),education,Some college,2024,1057.0,55.016,0.739,0,100,0-100 slider (composite of 3-6 items),UNWEIGHTED (quota sample),"CONTROL ARM ONLY (3 innocuous-text controls pooled), post-treatment"
climate_intentnp,voelkel2026,IntentNp_Post 0-100 slider (non-policy intent),gender,Female,2024,1668.0,56.889,0.573,0,100,0-100 slider (composite of 3-6 items),UNWEIGHTED (quota sample),"CONTROL ARM ONLY (3 innocuous-text controls pooled), post-treatment"
climate_intentnp,voelkel2026,IntentNp_Post 0-100 slider (non-policy intent),gender,Male,2024,1348.0,51.493,0.68,0,100,0-100 slider (composite of 3-6 items),UNWEIGHTED (quota sample),"CONTROL ARM ONLY (3 innocuous-text controls pooled), post-treatment"
climate_intentnp,voelkel2026,IntentNp_Post 0-100 slider (non-policy intent),ideology,Conservative(6-7),2024,747.0,41.934,0.954,0,100,0-100 slider (composite of 3-6 items),UNWEIGHTED (quota sample),"CONTROL ARM ONLY (3 innocuous-text controls pooled), post-treatment"
climate_intentnp,voelkel2026,IntentNp_Post 0-100 slider (non-policy intent),ideology,Liberal(3),2024,271.0,60.209,1.262,0,100,0-100 slider (composite of 3-6 items),UNWEIGHTED (quota sample),"CONTROL ARM ONLY (3 innocuous-text controls pooled), post-treatment"
climate_intentnp,voelkel2026,IntentNp_Post 0-100 slider (non-policy intent),ideology,Moderate-cons(4-5),2024,1305.0,54.938,0.617,0,100,0-100 slider (composite of 3-6 items),UNWEIGHTED (quota sample),"CONTROL ARM ONLY (3 innocuous-text controls pooled), post-treatment"
climate_intentnp,voelkel2026,IntentNp_Post 0-100 slider (non-policy intent),ideology,Very liberal(1-2),2024,721.0,64.77,0.781,0,100,0-100 slider (composite of 3-6 items),UNWEIGHTED (quota sample),"CONTROL ARM ONLY (3 innocuous-text controls pooled), post-treatment"
climate_intentnp,voelkel2026,IntentNp_Post 0-100 slider (non-policy intent),income,inc1-2,2024,955.0,56.447,0.747,0,100,0-100 slider (composite of 3-6 items),UNWEIGHTED (quota sample),"CONTROL ARM ONLY (3 innocuous-text controls pooled), post-treatment"
climate_intentnp,voelkel2026,IntentNp_Post 0-100 slider (non-policy intent),income,inc3-4,2024,1002.0,54.577,0.784,0,100,0-100 slider (composite of 3-6 items),UNWEIGHTED (quota sample),"CONTROL ARM ONLY (3 innocuous-text controls pooled), post-treatment"
climate_intentnp,voelkel2026,IntentNp_Post 0-100 slider (non-policy intent),income,inc5-6,2024,574.0,52.939,1.017,0,100,0-100 slider (composite of 3-6 items),UNWEIGHTED (quota sample),"CONTROL ARM ONLY (3 innocuous-text controls pooled), post-treatment"
climate_intentnp,voelkel2026,IntentNp_Post 0-100 slider (non-policy intent),income,inc7+,2024,408.0,52.801,1.233,0,100,0-100 slider (composite of 3-6 items),UNWEIGHTED (quota sample),"CONTROL ARM ONLY (3 innocuous-text controls pooled), post-treatment"
climate_intentnp,voelkel2026,IntentNp_Post 0-100 slider (non-policy intent),party,Democrat,2024,1346.0,62.287,0.576,0,100,0-100 slider (composite of 3-6 items),UNWEIGHTED (quota sample),"CONTROL ARM ONLY (3 innocuous-text controls pooled), post-treatment"
climate_intentnp,voelkel2026,IntentNp_Post 0-100 slider (non-policy intent),party,Independent,2024,385.0,56.245,1.219,0,100,0-100 slider (composite of 3-6 items),UNWEIGHTED (quota sample),"CONTROL ARM ONLY (3 innocuous-text controls pooled), post-treatment"
climate_intentnp,voelkel2026,IntentNp_Post 0-100 slider (non-policy intent),party,Republican,2024,1313.0,46.11,0.68,0,100,0-100 slider (composite of 3-6 items),UNWEIGHTED (quota sample),"CONTROL ARM ONLY (3 innocuous-text controls pooled), post-treatment"
climate_intentnp,voelkel2026,IntentNp_Post 0-100 slider (non-policy intent),race,Asian,2024,149.0,59.936,1.858,0,100,0-100 slider (composite of 3-6 items),UNWEIGHTED (quota sample),"CONTROL ARM ONLY (3 innocuous-text controls pooled), post-treatment"
climate_intentnp,voelkel2026,IntentNp_Post 0-100 slider (non-policy intent),race,Black,2024,397.0,58.894,1.112,0,100,0-100 slider (composite of 3-6 items),UNWEIGHTED (quota sample),"CONTROL ARM ONLY (3 innocuous-text controls pooled), post-treatment"
climate_intentnp,voelkel2026,IntentNp_Post 0-100 slider (non-policy intent),race,Hispanic,2024,268.0,58.658,1.403,0,100,0-100 slider (composite of 3-6 items),UNWEIGHTED (quota sample),"CONTROL ARM ONLY (3 innocuous-text controls pooled), post-treatment"
climate_intentnp,voelkel2026,IntentNp_Post 0-100 slider (non-policy intent),race,Other,2024,75.0,56.856,2.69,0,100,0-100 slider (composite of 3-6 items),UNWEIGHTED (quota sample),"CONTROL ARM ONLY (3 innocuous-text controls pooled), post-treatment"
climate_intentnp,voelkel2026,IntentNp_Post 0-100 slider (non-policy intent),race,White,2024,2155.0,52.779,0.532,0,100,0-100 slider (composite of 3-6 items),UNWEIGHTED (quota sample),"CONTROL ARM ONLY (3 innocuous-text controls pooled), post-treatment"
climate_intentnp,voelkel2026,IntentNp_Pre 0-100 slider (non-policy intent),ALL,ALL,2024,3176.0,54.826,0.401,0,100,0-100 slider (composite of 3-6 items),UNWEIGHTED (quota sample),"CONTROL ARM ONLY (3 innocuous-text controls pooled), baseline pre-treatment"
climate_intentnp,voelkel2026,IntentNp_Pre 0-100 slider (non-policy intent),age_band,18-24,2024,309.0,57.532,1.122,0,100,0-100 slider (composite of 3-6 items),UNWEIGHTED (quota sample),"CONTROL ARM ONLY (3 innocuous-text controls pooled), baseline pre-treatment"
climate_intentnp,voelkel2026,IntentNp_Pre 0-100 slider (non-policy intent),age_band,25-34,2024,437.0,55.82,1.109,0,100,0-100 slider (composite of 3-6 items),UNWEIGHTED (quota sample),"CONTROL ARM ONLY (3 innocuous-text controls pooled), baseline pre-treatment"
climate_intentnp,voelkel2026,IntentNp_Pre 0-100 slider (non-policy intent),age_band,35-44,2024,605.0,55.197,0.881,0,100,0-100 slider (composite of 3-6 items),UNWEIGHTED (quota sample),"CONTROL ARM ONLY (3 innocuous-text controls pooled), baseline pre-treatment"
climate_intentnp,voelkel2026,IntentNp_Pre 0-100 slider (non-policy intent),age_band,45-54,2024,551.0,54.581,0.98,0,100,0-100 slider (composite of 3-6 items),UNWEIGHTED (quota sample),"CONTROL ARM ONLY (3 innocuous-text controls pooled), baseline pre-treatment"
climate_intentnp,voelkel2026,IntentNp_Pre 0-100 slider (non-policy intent),age_band,55-64,2024,550.0,54.1,0.978,0,100,0-100 slider (composite of 3-6 items),UNWEIGHTED (quota sample),"CONTROL ARM ONLY (3 innocuous-text controls pooled), baseline pre-treatment"
climate_intentnp,voelkel2026,IntentNp_Pre 0-100 slider (non-policy intent),age_band,65+,2024,724.0,53.5,0.873,0,100,0-100 slider (composite of 3-6 items),UNWEIGHTED (quota sample),"CONTROL ARM ONLY (3 innocuous-text controls pooled), baseline pre-treatment"
climate_intentnp,voelkel2026,IntentNp_Pre 0-100 slider (non-policy intent),education,Bachelor or Postgraduate,2024,1167.0,55.869,0.668,0,100,0-100 slider (composite of 3-6 items),UNWEIGHTED (quota sample),"CONTROL ARM ONLY (3 innocuous-text controls pooled), baseline pre-treatment"
climate_intentnp,voelkel2026,IntentNp_Pre 0-100 slider (non-policy intent),education,HS or less,2024,905.0,52.935,0.757,0,100,0-100 slider (composite of 3-6 items),UNWEIGHTED (quota sample),"CONTROL ARM ONLY (3 innocuous-text controls pooled), baseline pre-treatment"
climate_intentnp,voelkel2026,IntentNp_Pre 0-100 slider (non-policy intent),education,Some college,2024,1104.0,55.274,0.666,0,100,0-100 slider (composite of 3-6 items),UNWEIGHTED (quota sample),"CONTROL ARM ONLY (3 innocuous-text controls pooled), baseline pre-treatment"
climate_intentnp,voelkel2026,IntentNp_Pre 0-100 slider (non-policy intent),gender,Female,2024,1743.0,56.943,0.524,0,100,0-100 slider (composite of 3-6 items),UNWEIGHTED (quota sample),"CONTROL ARM ONLY (3 innocuous-text controls pooled), baseline pre-treatment"
climate_intentnp,voelkel2026,IntentNp_Pre 0-100 slider (non-policy intent),gender,Male,2024,1404.0,52.016,0.62,0,100,0-100 slider (composite of 3-6 items),UNWEIGHTED (quota sample),"CONTROL ARM ONLY (3 innocuous-text controls pooled), baseline pre-treatment"
climate_intentnp,voelkel2026,IntentNp_Pre 0-100 slider (non-policy intent),ideology,Conservative(6-7),2024,773.0,42.286,0.871,0,100,0-100 slider (composite of 3-6 items),UNWEIGHTED (quota sample),"CONTROL ARM ONLY (3 innocuous-text controls pooled), baseline pre-treatment"
climate_intentnp,voelkel2026,IntentNp_Pre 0-100 slider (non-policy intent),ideology,Liberal(3),2024,279.0,60.979,1.183,0,100,0-100 slider (composite of 3-6 items),UNWEIGHTED (quota sample),"CONTROL ARM ONLY (3 innocuous-text controls pooled), baseline pre-treatment"
climate_intentnp,voelkel2026,IntentNp_Pre 0-100 slider (non-policy intent),ideology,Moderate-cons(4-5),2024,1371.0,55.545,0.554,0,100,0-100 slider (composite of 3-6 items),UNWEIGHTED (quota sample),"CONTROL ARM ONLY (3 innocuous-text controls pooled), baseline pre-treatment"
climate_intentnp,voelkel2026,IntentNp_Pre 0-100 slider (non-policy intent),ideology,Very liberal(1-2),2024,753.0,64.11,0.712,0,100,0-100 slider (composite of 3-6 items),UNWEIGHTED (quota sample),"CONTROL ARM ONLY (3 innocuous-text controls pooled), baseline pre-treatment"
climate_intentnp,voelkel2026,IntentNp_Pre 0-100 slider (non-policy intent),income,inc1-2,2024,1004.0,56.471,0.677,0,100,0-100 slider (composite of 3-6 items),UNWEIGHTED (quota sample),"CONTROL ARM ONLY (3 innocuous-text controls pooled), baseline pre-treatment"
climate_intentnp,voelkel2026,IntentNp_Pre 0-100 slider (non-policy intent),income,inc3-4,2024,1039.0,54.844,0.711,0,100,0-100 slider (composite of 3-6 items),UNWEIGHTED (quota sample),"CONTROL ARM ONLY (3 innocuous-text controls pooled), baseline pre-treatment"
climate_intentnp,voelkel2026,IntentNp_Pre 0-100 slider (non-policy intent),income,inc5-6,2024,595.0,53.422,0.94,0,100,0-100 slider (composite of 3-6 items),UNWEIGHTED (quota sample),"CONTROL ARM ONLY (3 innocuous-text controls pooled), baseline pre-treatment"
climate_intentnp,voelkel2026,IntentNp_Pre 0-100 slider (non-policy intent),income,inc7+,2024,425.0,53.39,1.144,0,100,0-100 slider (composite of 3-6 items),UNWEIGHTED (quota sample),"CONTROL ARM ONLY (3 innocuous-text controls pooled), baseline pre-treatment"
climate_intentnp,voelkel2026,IntentNp_Pre 0-100 slider (non-policy intent),party,Democrat,2024,1398.0,62.386,0.52,0,100,0-100 slider (composite of 3-6 items),UNWEIGHTED (quota sample),"CONTROL ARM ONLY (3 innocuous-text controls pooled), baseline pre-treatment"
climate_intentnp,voelkel2026,IntentNp_Pre 0-100 slider (non-policy intent),party,Independent,2024,407.0,56.422,1.098,0,100,0-100 slider (composite of 3-6 items),UNWEIGHTED (quota sample),"CONTROL ARM ONLY (3 innocuous-text controls pooled), baseline pre-treatment"
climate_intentnp,voelkel2026,IntentNp_Pre 0-100 slider (non-policy intent),party,Republican,2024,1371.0,46.644,0.62,0,100,0-100 slider (composite of 3-6 items),UNWEIGHTED (quota sample),"CONTROL ARM ONLY (3 innocuous-text controls pooled), baseline pre-treatment"
climate_intentnp,voelkel2026,IntentNp_Pre 0-100 slider (non-policy intent),race,Asian,2024,156.0,60.104,1.652,0,100,0-100 slider (composite of 3-6 items),UNWEIGHTED (quota sample),"CONTROL ARM ONLY (3 innocuous-text controls pooled), baseline pre-treatment"
climate_intentnp,voelkel2026,IntentNp_Pre 0-100 slider (non-policy intent),race,Black,2024,409.0,59.265,1.028,0,100,0-100 slider (composite of 3-6 items),UNWEIGHTED (quota sample),"CONTROL ARM ONLY (3 innocuous-text controls pooled), baseline pre-treatment"
climate_intentnp,voelkel2026,IntentNp_Pre 0-100 slider (non-policy intent),race,Hispanic,2024,277.0,58.451,1.337,0,100,0-100 slider (composite of 3-6 items),UNWEIGHTED (quota sample),"CONTROL ARM ONLY (3 innocuous-text controls pooled), baseline pre-treatment"
climate_intentnp,voelkel2026,IntentNp_Pre 0-100 slider (non-policy intent),race,Other,2024,84.0,57.899,2.233,0,100,0-100 slider (composite of 3-6 items),UNWEIGHTED (quota sample),"CONTROL ARM ONLY (3 innocuous-text controls pooled), baseline pre-treatment"
climate_intentnp,voelkel2026,IntentNp_Pre 0-100 slider (non-policy intent),race,White,2024,2250.0,53.093,0.484,0,100,0-100 slider (composite of 3-6 items),UNWEIGHTED (quota sample),"CONTROL ARM ONLY (3 innocuous-text controls pooled), baseline pre-treatment"
climate_policies,voelkel2026,Policies_Post 0-100 slider (climate policy support),ALL,ALL,2024,3116.0,68.013,0.525,0,100,0-100 slider (composite of 3-6 items),UNWEIGHTED (quota sample),"CONTROL ARM ONLY (3 innocuous-text controls pooled), post-treatment"
climate_policies,voelkel2026,Policies_Post 0-100 slider (climate policy support),age_band,18-24,2024,301.0,76.856,1.312,0,100,0-100 slider (composite of 3-6 items),UNWEIGHTED (quota sample),"CONTROL ARM ONLY (3 innocuous-text controls pooled), post-treatment"
climate_policies,voelkel2026,Policies_Post 0-100 slider (climate policy support),age_band,25-34,2024,432.0,71.548,1.289,0,100,0-100 slider (composite of 3-6 items),UNWEIGHTED (quota sample),"CONTROL ARM ONLY (3 innocuous-text controls pooled), post-treatment"
climate_policies,voelkel2026,Policies_Post 0-100 slider (climate policy support),age_band,35-44,2024,592.0,68.555,1.127,0,100,0-100 slider (composite of 3-6 items),UNWEIGHTED (quota sample),"CONTROL ARM ONLY (3 innocuous-text controls pooled), post-treatment"
climate_policies,voelkel2026,Policies_Post 0-100 slider (climate policy support),age_band,45-54,2024,537.0,68.093,1.227,0,100,0-100 slider (composite of 3-6 items),UNWEIGHTED (quota sample),"CONTROL ARM ONLY (3 innocuous-text controls pooled), post-treatment"
climate_policies,voelkel2026,Policies_Post 0-100 slider (climate policy support),age_band,55-64,2024,541.0,66.349,1.351,0,100,0-100 slider (composite of 3-6 items),UNWEIGHTED (quota sample),"CONTROL ARM ONLY (3 innocuous-text controls pooled), post-treatment"
climate_policies,voelkel2026,Policies_Post 0-100 slider (climate policy support),age_band,65+,2024,713.0,62.892,1.218,0,100,0-100 slider (composite of 3-6 items),UNWEIGHTED (quota sample),"CONTROL ARM ONLY (3 innocuous-text controls pooled), post-treatment"
climate_policies,voelkel2026,Policies_Post 0-100 slider (climate policy support),education,Bachelor or Postgraduate,2024,1150.0,69.472,0.846,0,100,0-100 slider (composite of 3-6 items),UNWEIGHTED (quota sample),"CONTROL ARM ONLY (3 innocuous-text controls pooled), post-treatment"
climate_policies,voelkel2026,Policies_Post 0-100 slider (climate policy support),education,HS or less,2024,883.0,66.969,0.979,0,100,0-100 slider (composite of 3-6 items),UNWEIGHTED (quota sample),"CONTROL ARM ONLY (3 innocuous-text controls pooled), post-treatment"
climate_policies,voelkel2026,Policies_Post 0-100 slider (climate policy support),education,Some college,2024,1083.0,67.316,0.916,0,100,0-100 slider (composite of 3-6 items),UNWEIGHTED (quota sample),"CONTROL ARM ONLY (3 innocuous-text controls pooled), post-treatment"
climate_policies,voelkel2026,Policies_Post 0-100 slider (climate policy support),gender,Female,2024,1707.0,69.217,0.695,0,100,0-100 slider (composite of 3-6 items),UNWEIGHTED (quota sample),"CONTROL ARM ONLY (3 innocuous-text controls pooled), post-treatment"
climate_policies,voelkel2026,Policies_Post 0-100 slider (climate policy support),gender,Male,2024,1380.0,66.077,0.807,0,100,0-100 slider (composite of 3-6 items),UNWEIGHTED (quota sample),"CONTROL ARM ONLY (3 innocuous-text controls pooled), post-treatment"
climate_policies,voelkel2026,Policies_Post 0-100 slider (climate policy support),ideology,Conservative(6-7),2024,760.0,42.948,1.138,0,100,0-100 slider (composite of 3-6 items),UNWEIGHTED (quota sample),"CONTROL ARM ONLY (3 innocuous-text controls pooled), post-treatment"
climate_policies,voelkel2026,Policies_Post 0-100 slider (climate policy support),ideology,Liberal(3),2024,275.0,79.752,1.161,0,100,0-100 slider (composite of 3-6 items),UNWEIGHTED (quota sample),"CONTROL ARM ONLY (3 innocuous-text controls pooled), post-treatment"
climate_policies,voelkel2026,Policies_Post 0-100 slider (climate policy support),ideology,Moderate-cons(4-5),2024,1341.0,68.575,0.678,0,100,0-100 slider (composite of 3-6 items),UNWEIGHTED (quota sample),"CONTROL ARM ONLY (3 innocuous-text controls pooled), post-treatment"
climate_policies,voelkel2026,Policies_Post 0-100 slider (climate policy support),ideology,Very liberal(1-2),2024,740.0,88.377,0.576,0,100,0-100 slider (composite of 3-6 items),UNWEIGHTED (quota sample),"CONTROL ARM ONLY (3 innocuous-text controls pooled), post-treatment"
climate_policies,voelkel2026,Policies_Post 0-100 slider (climate policy support),income,inc1-2,2024,981.0,70.098,0.901,0,100,0-100 slider (composite of 3-6 items),UNWEIGHTED (quota sample),"CONTROL ARM ONLY (3 innocuous-text controls pooled), post-treatment"
climate_policies,voelkel2026,Policies_Post 0-100 slider (climate policy support),income,inc3-4,2024,1025.0,67.69,0.921,0,100,0-100 slider (composite of 3-6 items),UNWEIGHTED (quota sample),"CONTROL ARM ONLY (3 innocuous-text controls pooled), post-treatment"
climate_policies,voelkel2026,Policies_Post 0-100 slider (climate policy support),income,inc5-6,2024,584.0,64.979,1.263,0,100,0-100 slider (composite of 3-6 items),UNWEIGHTED (quota sample),"CONTROL ARM ONLY (3 innocuous-text controls pooled), post-treatment"
climate_policies,voelkel2026,Policies_Post 0-100 slider (climate policy support),income,inc7+,2024,417.0,68.064,1.457,0,100,0-100 slider (composite of 3-6 items),UNWEIGHTED (quota sample),"CONTROL ARM ONLY (3 innocuous-text controls pooled), post-treatment"
climate_policies,voelkel2026,Policies_Post 0-100 slider (climate policy support),party,Democrat,2024,1379.0,84.046,0.485,0,100,0-100 slider (composite of 3-6 items),UNWEIGHTED (quota sample),"CONTROL ARM ONLY (3 innocuous-text controls pooled), post-treatment"
climate_policies,voelkel2026,Policies_Post 0-100 slider (climate policy support),party,Independent,2024,397.0,69.296,1.311,0,100,0-100 slider (composite of 3-6 items),UNWEIGHTED (quota sample),"CONTROL ARM ONLY (3 innocuous-text controls pooled), post-treatment"
climate_policies,voelkel2026,Policies_Post 0-100 slider (climate policy support),party,Republican,2024,1340.0,51.134,0.826,0,100,0-100 slider (composite of 3-6 items),UNWEIGHTED (quota sample),"CONTROL ARM ONLY (3 innocuous-text controls pooled), post-treatment"
climate_policies,voelkel2026,Policies_Post 0-100 slider (climate policy support),race,Asian,2024,152.0,74.125,1.82,0,100,0-100 slider (composite of 3-6 items),UNWEIGHTED (quota sample),"CONTROL ARM ONLY (3 innocuous-text controls pooled), post-treatment"
climate_policies,voelkel2026,Policies_Post 0-100 slider (climate policy support),race,Black,2024,407.0,76.522,1.109,0,100,0-100 slider (composite of 3-6 items),UNWEIGHTED (quota sample),"CONTROL ARM ONLY (3 innocuous-text controls pooled), post-treatment"
climate_policies,voelkel2026,Policies_Post 0-100 slider (climate policy support),race,Hispanic,2024,274.0,74.406,1.511,0,100,0-100 slider (composite of 3-6 items),UNWEIGHTED (quota sample),"CONTROL ARM ONLY (3 innocuous-text controls pooled), post-treatment"
climate_policies,voelkel2026,Policies_Post 0-100 slider (climate policy support),race,Other,2024,78.0,70.688,3.136,0,100,0-100 slider (composite of 3-6 items),UNWEIGHTED (quota sample),"CONTROL ARM ONLY (3 innocuous-text controls pooled), post-treatment"
climate_policies,voelkel2026,Policies_Post 0-100 slider (climate policy support),race,White,2024,2205.0,65.133,0.658,0,100,0-100 slider (composite of 3-6 items),UNWEIGHTED (quota sample),"CONTROL ARM ONLY (3 innocuous-text controls pooled), post-treatment"
climate_policies,voelkel2026,Policies_Pre 0-100 slider (climate policy support),ALL,ALL,2024,3182.0,67.589,0.514,0,100,0-100 slider (composite of 3-6 items),UNWEIGHTED (quota sample),"CONTROL ARM ONLY (3 innocuous-text controls pooled), baseline pre-treatment"
climate_policies,voelkel2026,Policies_Pre 0-100 slider (climate policy support),age_band,18-24,2024,310.0,77.212,1.273,0,100,0-100 slider (composite of 3-6 items),UNWEIGHTED (quota sample),"CONTROL ARM ONLY (3 innocuous-text controls pooled), baseline pre-treatment"
climate_policies,voelkel2026,Policies_Pre 0-100 slider (climate policy support),age_band,25-34,2024,437.0,71.831,1.283,0,100,0-100 slider (composite of 3-6 items),UNWEIGHTED (quota sample),"CONTROL ARM ONLY (3 innocuous-text controls pooled), baseline pre-treatment"
climate_policies,voelkel2026,Policies_Pre 0-100 slider (climate policy support),age_band,35-44,2024,606.0,67.875,1.107,0,100,0-100 slider (composite of 3-6 items),UNWEIGHTED (quota sample),"CONTROL ARM ONLY (3 innocuous-text controls pooled), baseline pre-treatment"
climate_policies,voelkel2026,Policies_Pre 0-100 slider (climate policy support),age_band,45-54,2024,552.0,67.553,1.214,0,100,0-100 slider (composite of 3-6 items),UNWEIGHTED (quota sample),"CONTROL ARM ONLY (3 innocuous-text controls pooled), baseline pre-treatment"
climate_policies,voelkel2026,Policies_Pre 0-100 slider (climate policy support),age_band,55-64,2024,553.0,65.738,1.299,0,100,0-100 slider (composite of 3-6 items),UNWEIGHTED (quota sample),"CONTROL ARM ONLY (3 innocuous-text controls pooled), baseline pre-treatment"
climate_policies,voelkel2026,Policies_Pre 0-100 slider (climate policy support),age_band,65+,2024,724.0,62.11,1.181,0,100,0-100 slider (composite of 3-6 items),UNWEIGHTED (quota sample),"CONTROL ARM ONLY (3 innocuous-text controls pooled), baseline pre-treatment"
climate_policies,voelkel2026,Policies_Pre 0-100 slider (climate policy support),education,Bachelor or Postgraduate,2024,1168.0,69.016,0.832,0,100,0-100 slider (composite of 3-6 items),UNWEIGHTED (quota sample),"CONTROL ARM ONLY (3 innocuous-text controls pooled), baseline pre-treatment"
climate_policies,voelkel2026,Policies_Pre 0-100 slider (climate policy support),education,HS or less,2024,908.0,67.36,0.94,0,100,0-100 slider (composite of 3-6 items),UNWEIGHTED (quota sample),"CONTROL ARM ONLY (3 innocuous-text controls pooled), baseline pre-treatment"
climate_policies,voelkel2026,Policies_Pre 0-100 slider (climate policy support),education,Some college,2024,1106.0,66.269,0.903,0,100,0-100 slider (composite of 3-6 items),UNWEIGHTED (quota sample),"CONTROL ARM ONLY (3 innocuous-text controls pooled), baseline pre-treatment"
climate_policies,voelkel2026,Policies_Pre 0-100 slider (climate policy support),gender,Female,2024,1747.0,68.954,0.677,0,100,0-100 slider (composite of 3-6 items),UNWEIGHTED (quota sample),"CONTROL ARM ONLY (3 innocuous-text controls pooled), baseline pre-treatment"
climate_policies,voelkel2026,Policies_Pre 0-100 slider (climate policy support),gender,Male,2024,1406.0,65.396,0.791,0,100,0-100 slider (composite of 3-6 items),UNWEIGHTED (quota sample),"CONTROL ARM ONLY (3 innocuous-text controls pooled), baseline pre-treatment"
climate_policies,voelkel2026,Policies_Pre 0-100 slider (climate policy support),ideology,Conservative(6-7),2024,773.0,43.274,1.097,0,100,0-100 slider (composite of 3-6 items),UNWEIGHTED (quota sample),"CONTROL ARM ONLY (3 innocuous-text controls pooled), baseline pre-treatment"
climate_policies,voelkel2026,Policies_Pre 0-100 slider (climate policy support),ideology,Liberal(3),2024,279.0,79.384,1.17,0,100,0-100 slider (composite of 3-6 items),UNWEIGHTED (quota sample),"CONTROL ARM ONLY (3 innocuous-text controls pooled), baseline pre-treatment"
climate_policies,voelkel2026,Policies_Pre 0-100 slider (climate policy support),ideology,Moderate-cons(4-5),2024,1376.0,67.71,0.67,0,100,0-100 slider (composite of 3-6 items),UNWEIGHTED (quota sample),"CONTROL ARM ONLY (3 innocuous-text controls pooled), baseline pre-treatment"
climate_policies,voelkel2026,Policies_Pre 0-100 slider (climate policy support),ideology,Very liberal(1-2),2024,754.0,87.931,0.578,0,100,0-100 slider (composite of 3-6 items),UNWEIGHTED (quota sample),"CONTROL ARM ONLY (3 innocuous-text controls pooled), baseline pre-treatment"
climate_policies,voelkel2026,Policies_Pre 0-100 slider (climate policy support),income,inc1-2,2024,1005.0,70.156,0.874,0,100,0-100 slider (composite of 3-6 items),UNWEIGHTED (quota sample),"CONTROL ARM ONLY (3 innocuous-text controls pooled), baseline pre-treatment"
climate_policies,voelkel2026,Policies_Pre 0-100 slider (climate policy support),income,inc3-4,2024,1040.0,66.64,0.905,0,100,0-100 slider (composite of 3-6 items),UNWEIGHTED (quota sample),"CONTROL ARM ONLY (3 innocuous-text controls pooled), baseline pre-treatment"
climate_policies,voelkel2026,Policies_Pre 0-100 slider (climate policy support),income,inc5-6,2024,598.0,64.896,1.229,0,100,0-100 slider (composite of 3-6 items),UNWEIGHTED (quota sample),"CONTROL ARM ONLY (3 innocuous-text controls pooled), baseline pre-treatment"
climate_policies,voelkel2026,Policies_Pre 0-100 slider (climate policy support),income,inc7+,2024,426.0,67.29,1.43,0,100,0-100 slider (composite of 3-6 items),UNWEIGHTED (quota sample),"CONTROL ARM ONLY (3 innocuous-text controls pooled), baseline pre-treatment"
climate_policies,voelkel2026,Policies_Pre 0-100 slider (climate policy support),party,Democrat,2024,1401.0,83.664,0.486,0,100,0-100 slider (composite of 3-6 items),UNWEIGHTED (quota sample),"CONTROL ARM ONLY (3 innocuous-text controls pooled), baseline pre-treatment"
climate_policies,voelkel2026,Policies_Pre 0-100 slider (climate policy support),party,Independent,2024,408.0,68.613,1.313,0,100,0-100 slider (composite of 3-6 items),UNWEIGHTED (quota sample),"CONTROL ARM ONLY (3 innocuous-text controls pooled), baseline pre-treatment"
climate_policies,voelkel2026,Policies_Pre 0-100 slider (climate policy support),party,Republican,2024,1373.0,50.882,0.79,0,100,0-100 slider (composite of 3-6 items),UNWEIGHTED (quota sample),"CONTROL ARM ONLY (3 innocuous-text controls pooled), baseline pre-treatment"
climate_policies,voelkel2026,Policies_Pre 0-100 slider (climate policy support),race,Asian,2024,156.0,73.697,1.814,0,100,0-100 slider (composite of 3-6 items),UNWEIGHTED (quota sample),"CONTROL ARM ONLY (3 innocuous-text controls pooled), baseline pre-treatment"
climate_policies,voelkel2026,Policies_Pre 0-100 slider (climate policy support),race,Black,2024,412.0,77.345,1.075,0,100,0-100 slider (composite of 3-6 items),UNWEIGHTED (quota sample),"CONTROL ARM ONLY (3 innocuous-text controls pooled), baseline pre-treatment"
climate_policies,voelkel2026,Policies_Pre 0-100 slider (climate policy support),race,Hispanic,2024,277.0,73.202,1.521,0,100,0-100 slider (composite of 3-6 items),UNWEIGHTED (quota sample),"CONTROL ARM ONLY (3 innocuous-text controls pooled), baseline pre-treatment"
climate_policies,voelkel2026,Policies_Pre 0-100 slider (climate policy support),race,Other,2024,84.0,68.19,3.113,0,100,0-100 slider (composite of 3-6 items),UNWEIGHTED (quota sample),"CONTROL ARM ONLY (3 innocuous-text controls pooled), baseline pre-treatment"
climate_policies,voelkel2026,Policies_Pre 0-100 slider (climate policy support),race,White,2024,2253.0,64.669,0.64,0,100,0-100 slider (composite of 3-6 items),UNWEIGHTED (quota sample),"CONTROL ARM ONLY (3 innocuous-text controls pooled), baseline pre-treatment"
climate_policiessp,voelkel2026,PoliciesSp_Post 0-100 slider (specific policy support),ALL,ALL,2024,3049.0,53.292,0.434,0,100,0-100 slider (composite of 3-6 items),UNWEIGHTED (quota sample),"CONTROL ARM ONLY (3 innocuous-text controls pooled), post-treatment"
climate_policiessp,voelkel2026,PoliciesSp_Post 0-100 slider (specific policy support),age_band,18-24,2024,294.0,59.419,1.185,0,100,0-100 slider (composite of 3-6 items),UNWEIGHTED (quota sample),"CONTROL ARM ONLY (3 innocuous-text controls pooled), post-treatment"
climate_policiessp,voelkel2026,PoliciesSp_Post 0-100 slider (specific policy support),age_band,25-34,2024,427.0,54.287,1.065,0,100,0-100 slider (composite of 3-6 items),UNWEIGHTED (quota sample),"CONTROL ARM ONLY (3 innocuous-text controls pooled), post-treatment"
climate_policiessp,voelkel2026,PoliciesSp_Post 0-100 slider (specific policy support),age_band,35-44,2024,581.0,53.207,0.967,0,100,0-100 slider (composite of 3-6 items),UNWEIGHTED (quota sample),"CONTROL ARM ONLY (3 innocuous-text controls pooled), post-treatment"
climate_policiessp,voelkel2026,PoliciesSp_Post 0-100 slider (specific policy support),age_band,45-54,2024,527.0,53.201,1.001,0,100,0-100 slider (composite of 3-6 items),UNWEIGHTED (quota sample),"CONTROL ARM ONLY (3 innocuous-text controls pooled), post-treatment"
climate_policiessp,voelkel2026,PoliciesSp_Post 0-100 slider (specific policy support),age_band,55-64,2024,528.0,52.438,1.081,0,100,0-100 slider (composite of 3-6 items),UNWEIGHTED (quota sample),"CONTROL ARM ONLY (3 innocuous-text controls pooled), post-treatment"
climate_policiessp,voelkel2026,PoliciesSp_Post 0-100 slider (specific policy support),age_band,65+,2024,692.0,50.866,1.014,0,100,0-100 slider (composite of 3-6 items),UNWEIGHTED (quota sample),"CONTROL ARM ONLY (3 innocuous-text controls pooled), post-treatment"
climate_policiessp,voelkel2026,PoliciesSp_Post 0-100 slider (specific policy support),education,Bachelor or Postgraduate,2024,1131.0,55.909,0.715,0,100,0-100 slider (composite of 3-6 items),UNWEIGHTED (quota sample),"CONTROL ARM ONLY (3 innocuous-text controls pooled), post-treatment"
climate_policiessp,voelkel2026,PoliciesSp_Post 0-100 slider (specific policy support),education,HS or less,2024,864.0,49.901,0.792,0,100,0-100 slider (composite of 3-6 items),UNWEIGHTED (quota sample),"CONTROL ARM ONLY (3 innocuous-text controls pooled), post-treatment"
climate_policiessp,voelkel2026,PoliciesSp_Post 0-100 slider (specific policy support),education,Some college,2024,1054.0,53.262,0.744,0,100,0-100 slider (composite of 3-6 items),UNWEIGHTED (quota sample),"CONTROL ARM ONLY (3 innocuous-text controls pooled), post-treatment"
climate_policiessp,voelkel2026,PoliciesSp_Post 0-100 slider (specific policy support),gender,Female,2024,1671.0,53.348,0.563,0,100,0-100 slider (composite of 3-6 items),UNWEIGHTED (quota sample),"CONTROL ARM ONLY (3 innocuous-text controls pooled), post-treatment"
climate_policiessp,voelkel2026,PoliciesSp_Post 0-100 slider (specific policy support),gender,Male,2024,1350.0,52.751,0.68,0,100,0-100 slider (composite of 3-6 items),UNWEIGHTED (quota sample),"CONTROL ARM ONLY (3 innocuous-text controls pooled), post-treatment"
climate_policiessp,voelkel2026,PoliciesSp_Post 0-100 slider (specific policy support),ideology,Conservative(6-7),2024,745.0,35.013,0.842,0,100,0-100 slider (composite of 3-6 items),UNWEIGHTED (quota sample),"CONTROL ARM ONLY (3 innocuous-text controls pooled), post-treatment"
climate_policiessp,voelkel2026,PoliciesSp_Post 0-100 slider (specific policy support),ideology,Liberal(3),2024,271.0,64.223,1.146,0,100,0-100 slider (composite of 3-6 items),UNWEIGHTED (quota sample),"CONTROL ARM ONLY (3 innocuous-text controls pooled), post-treatment"
climate_policiessp,voelkel2026,PoliciesSp_Post 0-100 slider (specific policy support),ideology,Moderate-cons(4-5),2024,1309.0,51.969,0.534,0,100,0-100 slider (composite of 3-6 items),UNWEIGHTED (quota sample),"CONTROL ARM ONLY (3 innocuous-text controls pooled), post-treatment"
climate_policiessp,voelkel2026,PoliciesSp_Post 0-100 slider (specific policy support),ideology,Very liberal(1-2),2024,724.0,70.4,0.732,0,100,0-100 slider (composite of 3-6 items),UNWEIGHTED (quota sample),"CONTROL ARM ONLY (3 innocuous-text controls pooled), post-treatment"
climate_policiessp,voelkel2026,PoliciesSp_Post 0-100 slider (specific policy support),income,inc1-2,2024,955.0,54.212,0.764,0,100,0-100 slider (composite of 3-6 items),UNWEIGHTED (quota sample),"CONTROL ARM ONLY (3 innocuous-text controls pooled), post-treatment"
climate_policiessp,voelkel2026,PoliciesSp_Post 0-100 slider (specific policy support),income,inc3-4,2024,1004.0,52.858,0.762,0,100,0-100 slider (composite of 3-6 items),UNWEIGHTED (quota sample),"CONTROL ARM ONLY (3 innocuous-text controls pooled), post-treatment"
climate_policiessp,voelkel2026,PoliciesSp_Post 0-100 slider (specific policy support),income,inc5-6,2024,574.0,52.547,1.003,0,100,0-100 slider (composite of 3-6 items),UNWEIGHTED (quota sample),"CONTROL ARM ONLY (3 innocuous-text controls pooled), post-treatment"
climate_policiessp,voelkel2026,PoliciesSp_Post 0-100 slider (specific policy support),income,inc7+,2024,409.0,53.856,1.204,0,100,0-100 slider (composite of 3-6 items),UNWEIGHTED (quota sample),"CONTROL ARM ONLY (3 innocuous-text controls pooled), post-treatment"
climate_policiessp,voelkel2026,PoliciesSp_Post 0-100 slider (specific policy support),party,Democrat,2024,1350.0,65.632,0.535,0,100,0-100 slider (composite of 3-6 items),UNWEIGHTED (quota sample),"CONTROL ARM ONLY (3 innocuous-text controls pooled), post-treatment"
climate_policiessp,voelkel2026,PoliciesSp_Post 0-100 slider (specific policy support),party,Independent,2024,388.0,54.146,1.063,0,100,0-100 slider (composite of 3-6 items),UNWEIGHTED (quota sample),"CONTROL ARM ONLY (3 innocuous-text controls pooled), post-treatment"
climate_policiessp,voelkel2026,PoliciesSp_Post 0-100 slider (specific policy support),party,Republican,2024,1311.0,40.331,0.608,0,100,0-100 slider (composite of 3-6 items),UNWEIGHTED (quota sample),"CONTROL ARM ONLY (3 innocuous-text controls pooled), post-treatment"
climate_policiessp,voelkel2026,PoliciesSp_Post 0-100 slider (specific policy support),race,Asian,2024,151.0,59.06,1.567,0,100,0-100 slider (composite of 3-6 items),UNWEIGHTED (quota sample),"CONTROL ARM ONLY (3 innocuous-text controls pooled), post-treatment"
climate_policiessp,voelkel2026,PoliciesSp_Post 0-100 slider (specific policy support),race,Black,2024,400.0,56.691,0.928,0,100,0-100 slider (composite of 3-6 items),UNWEIGHTED (quota sample),"CONTROL ARM ONLY (3 innocuous-text controls pooled), post-treatment"
climate_policiessp,voelkel2026,PoliciesSp_Post 0-100 slider (specific policy support),race,Hispanic,2024,271.0,54.819,1.35,0,100,0-100 slider (composite of 3-6 items),UNWEIGHTED (quota sample),"CONTROL ARM ONLY (3 innocuous-text controls pooled), post-treatment"
climate_policiessp,voelkel2026,PoliciesSp_Post 0-100 slider (specific policy support),race,Other,2024,75.0,51.763,2.944,0,100,0-100 slider (composite of 3-6 items),UNWEIGHTED (quota sample),"CONTROL ARM ONLY (3 innocuous-text controls pooled), post-treatment"
climate_policiessp,voelkel2026,PoliciesSp_Post 0-100 slider (specific policy support),race,White,2024,2152.0,52.116,0.543,0,100,0-100 slider (composite of 3-6 items),UNWEIGHTED (quota sample),"CONTROL ARM ONLY (3 innocuous-text controls pooled), post-treatment"
climate_policiessp,voelkel2026,PoliciesSp_Pre 0-100 slider (specific policy support),ALL,ALL,2024,3177.0,52.614,0.418,0,100,0-100 slider (composite of 3-6 items),UNWEIGHTED (quota sample),"CONTROL ARM ONLY (3 innocuous-text controls pooled), baseline pre-treatment"
climate_policiessp,voelkel2026,PoliciesSp_Pre 0-100 slider (specific policy support),age_band,18-24,2024,309.0,59.236,1.13,0,100,0-100 slider (composite of 3-6 items),UNWEIGHTED (quota sample),"CONTROL ARM ONLY (3 innocuous-text controls pooled), baseline pre-treatment"
climate_policiessp,voelkel2026,PoliciesSp_Pre 0-100 slider (specific policy support),age_band,25-34,2024,437.0,53.579,1.013,0,100,0-100 slider (composite of 3-6 items),UNWEIGHTED (quota sample),"CONTROL ARM ONLY (3 innocuous-text controls pooled), baseline pre-treatment"
climate_policiessp,voelkel2026,PoliciesSp_Pre 0-100 slider (specific policy support),age_band,35-44,2024,605.0,52.604,0.94,0,100,0-100 slider (composite of 3-6 items),UNWEIGHTED (quota sample),"CONTROL ARM ONLY (3 innocuous-text controls pooled), baseline pre-treatment"
climate_policiessp,voelkel2026,PoliciesSp_Pre 0-100 slider (specific policy support),age_band,45-54,2024,550.0,52.015,0.951,0,100,0-100 slider (composite of 3-6 items),UNWEIGHTED (quota sample),"CONTROL ARM ONLY (3 innocuous-text controls pooled), baseline pre-treatment"
climate_policiessp,voelkel2026,PoliciesSp_Pre 0-100 slider (specific policy support),age_band,55-64,2024,552.0,51.376,1.059,0,100,0-100 slider (composite of 3-6 items),UNWEIGHTED (quota sample),"CONTROL ARM ONLY (3 innocuous-text controls pooled), baseline pre-treatment"
climate_policiessp,voelkel2026,PoliciesSp_Pre 0-100 slider (specific policy support),age_band,65+,2024,724.0,50.613,0.969,0,100,0-100 slider (composite of 3-6 items),UNWEIGHTED (quota sample),"CONTROL ARM ONLY (3 innocuous-text controls pooled), baseline pre-treatment"
climate_policiessp,voelkel2026,PoliciesSp_Pre 0-100 slider (specific policy support),education,Bachelor or Postgraduate,2024,1165.0,55.73,0.693,0,100,0-100 slider (composite of 3-6 items),UNWEIGHTED (quota sample),"CONTROL ARM ONLY (3 innocuous-text controls pooled), baseline pre-treatment"
climate_policiessp,voelkel2026,PoliciesSp_Pre 0-100 slider (specific policy support),education,HS or less,2024,906.0,48.922,0.751,0,100,0-100 slider (composite of 3-6 items),UNWEIGHTED (quota sample),"CONTROL ARM ONLY (3 innocuous-text controls pooled), baseline pre-treatment"
climate_policiessp,voelkel2026,PoliciesSp_Pre 0-100 slider (specific policy support),education,Some college,2024,1106.0,52.357,0.715,0,100,0-100 slider (composite of 3-6 items),UNWEIGHTED (quota sample),"CONTROL ARM ONLY (3 innocuous-text controls pooled), baseline pre-treatment"
climate_policiessp,voelkel2026,PoliciesSp_Pre 0-100 slider (specific policy support),gender,Female,2024,1744.0,52.118,0.54,0,100,0-100 slider (composite of 3-6 items),UNWEIGHTED (quota sample),"CONTROL ARM ONLY (3 innocuous-text controls pooled), baseline pre-treatment"
climate_policiessp,voelkel2026,PoliciesSp_Pre 0-100 slider (specific policy support),gender,Male,2024,1404.0,52.804,0.657,0,100,0-100 slider (composite of 3-6 items),UNWEIGHTED (quota sample),"CONTROL ARM ONLY (3 innocuous-text controls pooled), baseline pre-treatment"
climate_policiessp,voelkel2026,PoliciesSp_Pre 0-100 slider (specific policy support),ideology,Conservative(6-7),2024,771.0,34.855,0.779,0,100,0-100 slider (composite of 3-6 items),UNWEIGHTED (quota sample),"CONTROL ARM ONLY (3 innocuous-text controls pooled), baseline pre-treatment"
climate_policiessp,voelkel2026,PoliciesSp_Pre 0-100 slider (specific policy support),ideology,Liberal(3),2024,278.0,63.376,1.183,0,100,0-100 slider (composite of 3-6 items),UNWEIGHTED (quota sample),"CONTROL ARM ONLY (3 innocuous-text controls pooled), baseline pre-treatment"
climate_policiessp,voelkel2026,PoliciesSp_Pre 0-100 slider (specific policy support),ideology,Moderate-cons(4-5),2024,1376.0,51.215,0.515,0,100,0-100 slider (composite of 3-6 items),UNWEIGHTED (quota sample),"CONTROL ARM ONLY (3 innocuous-text controls pooled), baseline pre-treatment"
climate_policiessp,voelkel2026,PoliciesSp_Pre 0-100 slider (specific policy support),ideology,Very liberal(1-2),2024,752.0,69.404,0.735,0,100,0-100 slider (composite of 3-6 items),UNWEIGHTED (quota sample),"CONTROL ARM ONLY (3 innocuous-text controls pooled), baseline pre-treatment"
climate_policiessp,voelkel2026,PoliciesSp_Pre 0-100 slider (specific policy support),income,inc1-2,2024,1005.0,53.249,0.729,0,100,0-100 slider (composite of 3-6 items),UNWEIGHTED (quota sample),"CONTROL ARM ONLY (3 innocuous-text controls pooled), baseline pre-treatment"
climate_policiessp,voelkel2026,PoliciesSp_Pre 0-100 slider (specific policy support),income,inc3-4,2024,1038.0,52.259,0.735,0,100,0-100 slider (composite of 3-6 items),UNWEIGHTED (quota sample),"CONTROL ARM ONLY (3 innocuous-text controls pooled), baseline pre-treatment"
climate_policiessp,voelkel2026,PoliciesSp_Pre 0-100 slider (specific policy support),income,inc5-6,2024,596.0,52.366,0.986,0,100,0-100 slider (composite of 3-6 items),UNWEIGHTED (quota sample),"CONTROL ARM ONLY (3 innocuous-text controls pooled), baseline pre-treatment"
climate_policiessp,voelkel2026,PoliciesSp_Pre 0-100 slider (specific policy support),income,inc7+,2024,425.0,53.045,1.163,0,100,0-100 slider (composite of 3-6 items),UNWEIGHTED (quota sample),"CONTROL ARM ONLY (3 innocuous-text controls pooled), baseline pre-treatment"
climate_policiessp,voelkel2026,PoliciesSp_Pre 0-100 slider (specific policy support),party,Democrat,2024,1397.0,64.842,0.534,0,100,0-100 slider (composite of 3-6 items),UNWEIGHTED (quota sample),"CONTROL ARM ONLY (3 innocuous-text controls pooled), baseline pre-treatment"
climate_policiessp,voelkel2026,PoliciesSp_Pre 0-100 slider (specific policy support),party,Independent,2024,409.0,52.782,0.989,0,100,0-100 slider (composite of 3-6 items),UNWEIGHTED (quota sample),"CONTROL ARM ONLY (3 innocuous-text controls pooled), baseline pre-treatment"
climate_policiessp,voelkel2026,PoliciesSp_Pre 0-100 slider (specific policy support),party,Republican,2024,1371.0,40.104,0.575,0,100,0-100 slider (composite of 3-6 items),UNWEIGHTED (quota sample),"CONTROL ARM ONLY (3 innocuous-text controls pooled), baseline pre-treatment"
climate_policiessp,voelkel2026,PoliciesSp_Pre 0-100 slider (specific policy support),race,Asian,2024,156.0,57.0,1.542,0,100,0-100 slider (composite of 3-6 items),UNWEIGHTED (quota sample),"CONTROL ARM ONLY (3 innocuous-text controls pooled), baseline pre-treatment"
climate_policiessp,voelkel2026,PoliciesSp_Pre 0-100 slider (specific policy support),race,Black,2024,412.0,55.579,0.915,0,100,0-100 slider (composite of 3-6 items),UNWEIGHTED (quota sample),"CONTROL ARM ONLY (3 innocuous-text controls pooled), baseline pre-treatment"
climate_policiessp,voelkel2026,PoliciesSp_Pre 0-100 slider (specific policy support),race,Hispanic,2024,275.0,54.704,1.325,0,100,0-100 slider (composite of 3-6 items),UNWEIGHTED (quota sample),"CONTROL ARM ONLY (3 innocuous-text controls pooled), baseline pre-treatment"
climate_policiessp,voelkel2026,PoliciesSp_Pre 0-100 slider (specific policy support),race,Other,2024,84.0,51.494,2.65,0,100,0-100 slider (composite of 3-6 items),UNWEIGHTED (quota sample),"CONTROL ARM ONLY (3 innocuous-text controls pooled), baseline pre-treatment"
climate_policiessp,voelkel2026,PoliciesSp_Pre 0-100 slider (specific policy support),race,White,2024,2250.0,51.554,0.521,0,100,0-100 slider (composite of 3-6 items),UNWEIGHTED (quota sample),"CONTROL ARM ONLY (3 innocuous-text controls pooled), baseline pre-treatment"
climate_policy_support,ccam,fund_research: fund renewable research (4pt support),ALL,ALL,2020-2024,8165.0,70.325,0.366,1,4,4-pt support,weight_aggregate,waves 2020-2024 pooled
climate_policy_support,ccam,fund_research: fund renewable research (4pt support),ALL,ALL,2008,2091.0,81.054,0.651,1,4,4-pt support,weight_aggregate,annual trend
climate_policy_support,ccam,fund_research: fund renewable research (4pt support),ALL,ALL,2010,1016.0,75.149,1.095,1,4,4-pt support,weight_aggregate,annual trend
climate_policy_support,ccam,fund_research: fund renewable research (4pt support),ALL,ALL,2011,1929.0,72.051,0.78,1,4,4-pt support,weight_aggregate,annual trend
climate_policy_support,ccam,fund_research: fund renewable research (4pt support),ALL,ALL,2012,1014.0,67.524,1.137,1,4,4-pt support,weight_aggregate,annual trend
climate_policy_support,ccam,fund_research: fund renewable research (4pt support),ALL,ALL,2013,1793.0,64.636,0.949,1,4,4-pt support,weight_aggregate,annual trend
climate_policy_support,ccam,fund_research: fund renewable research (4pt support),ALL,ALL,2014,2243.0,68.225,0.719,1,4,4-pt support,weight_aggregate,annual trend
climate_policy_support,ccam,fund_research: fund renewable research (4pt support),ALL,ALL,2015,2564.0,70.931,0.644,1,4,4-pt support,weight_aggregate,annual trend
climate_policy_support,ccam,fund_research: fund renewable research (4pt support),ALL,ALL,2016,2411.0,71.713,0.684,1,4,4-pt support,weight_aggregate,annual trend
climate_policy_support,ccam,fund_research: fund renewable research (4pt support),ALL,ALL,2017,2525.0,74.984,0.616,1,4,4-pt support,weight_aggregate,annual trend
climate_policy_support,ccam,fund_research: fund renewable research (4pt support),ALL,ALL,2018,2355.0,76.024,0.657,1,4,4-pt support,weight_aggregate,annual trend
climate_policy_support,ccam,fund_research: fund renewable research (4pt support),ALL,ALL,2019,2579.0,75.065,0.585,1,4,4-pt support,weight_aggregate,annual trend
climate_policy_support,ccam,fund_research: fund renewable research (4pt support),ALL,ALL,2020,2051.0,74.032,0.668,1,4,4-pt support,weight_aggregate,annual trend
climate_policy_support,ccam,fund_research: fund renewable research (4pt support),ALL,ALL,2021,2015.0,69.039,0.743,1,4,4-pt support,weight_aggregate,annual trend
climate_policy_support,ccam,fund_research: fund renewable research (4pt support),ALL,ALL,2022,2088.0,69.801,0.741,1,4,4-pt support,weight_aggregate,annual trend
climate_policy_support,ccam,fund_research: fund renewable research (4pt support),ALL,ALL,2023,1003.0,70.205,1.054,1,4,4-pt support,weight_aggregate,annual trend
climate_policy_support,ccam,fund_research: fund renewable research (4pt support),ALL,ALL,2024,1008.0,68.097,1.031,1,4,4-pt support,weight_aggregate,annual trend
climate_policy_support,ccam,fund_research: fund renewable research (4pt support),age_band,18-34 years,2020-2024,1542.0,74.385,0.783,1,4,4-pt support,weight_aggregate,waves 2020-2024 pooled
climate_policy_support,ccam,fund_research: fund renewable research (4pt support),age_band,35-54 years,2020-2024,2471.0,69.894,0.654,1,4,4-pt support,weight_aggregate,waves 2020-2024 pooled
climate_policy_support,ccam,fund_research: fund renewable research (4pt support),age_band,55+ years,2020-2024,4152.0,67.887,0.51,1,4,4-pt support,weight_aggregate,waves 2020-2024 pooled
climate_policy_support,ccam,fund_research: fund renewable research (4pt support),education,Bachelor+,2020-2024,3328.0,76.407,0.518,1,4,4-pt support,weight_aggregate,waves 2020-2024 pooled
climate_policy_support,ccam,fund_research: fund renewable research (4pt support),education,HS or less,2020-2024,2569.0,66.235,0.652,1,4,4-pt support,weight_aggregate,waves 2020-2024 pooled
climate_policy_support,ccam,fund_research: fund renewable research (4pt support),education,Some college,2020-2024,2268.0,68.573,0.705,1,4,4-pt support,weight_aggregate,waves 2020-2024 pooled
climate_policy_support,ccam,fund_research: fund renewable research (4pt support),gender,Female,2020-2024,4104.0,71.67,0.499,1,4,4-pt support,weight_aggregate,waves 2020-2024 pooled
climate_policy_support,ccam,fund_research: fund renewable research (4pt support),gender,Male,2020-2024,4061.0,68.909,0.537,1,4,4-pt support,weight_aggregate,waves 2020-2024 pooled
climate_policy_support,ccam,fund_research: fund renewable research (4pt support),ideology,"Moderate, middle of the road",2020-2024,3354.0,72.386,0.514,1,4,4-pt support,weight_aggregate,waves 2020-2024 pooled
climate_policy_support,ccam,fund_research: fund renewable research (4pt support),ideology,Somewhat conservative,2020-2024,1691.0,55.115,0.808,1,4,4-pt support,weight_aggregate,waves 2020-2024 pooled
climate_policy_support,ccam,fund_research: fund renewable research (4pt support),ideology,Somewhat liberal,2020-2024,1438.0,86.861,0.582,1,4,4-pt support,weight_aggregate,waves 2020-2024 pooled
climate_policy_support,ccam,fund_research: fund renewable research (4pt support),ideology,Very conservative,2020-2024,869.0,43.123,1.314,1,4,4-pt support,weight_aggregate,waves 2020-2024 pooled
climate_policy_support,ccam,fund_research: fund renewable research (4pt support),ideology,Very liberal,2020-2024,689.0,90.723,0.939,1,4,4-pt support,weight_aggregate,waves 2020-2024 pooled
climate_policy_support,ccam,fund_research: fund renewable research (4pt support),income,"$100,000 or more",2020-2024,3580.0,71.051,0.548,1,4,4-pt support,weight_aggregate,waves 2020-2024 pooled
climate_policy_support,ccam,fund_research: fund renewable research (4pt support),income,"$50,000 to $99,999",2020-2024,2482.0,69.753,0.669,1,4,4-pt support,weight_aggregate,waves 2020-2024 pooled
climate_policy_support,ccam,fund_research: fund renewable research (4pt support),income,"Less than $50,000",2020-2024,2103.0,69.875,0.718,1,4,4-pt support,weight_aggregate,waves 2020-2024 pooled
climate_policy_support,ccam,fund_research: fund renewable research (4pt support),party,Democrats,2020-2024,3523.0,85.296,0.404,1,4,4-pt support,weight_aggregate,waves 2020-2024 pooled
climate_policy_support,ccam,fund_research: fund renewable research (4pt support),party,Independent/Other,2020-2024,812.0,68.432,1.21,1,4,4-pt support,weight_aggregate,waves 2020-2024 pooled
climate_policy_support,ccam,fund_research: fund renewable research (4pt support),party,Republicans,2020-2024,3193.0,53.468,0.603,1,4,4-pt support,weight_aggregate,waves 2020-2024 pooled
climate_policy_support,ccam,fund_research: fund renewable research (4pt support),race,"Black, Non-Hispanic",2020-2024,763.0,75.395,1.037,1,4,4-pt support,weight_aggregate,waves 2020-2024 pooled
climate_policy_support,ccam,fund_research: fund renewable research (4pt support),race,Hispanic,2020-2024,971.0,73.031,0.984,1,4,4-pt support,weight_aggregate,waves 2020-2024 pooled
climate_policy_support,ccam,fund_research: fund renewable research (4pt support),race,"Other, Non-Hispanic",2020-2024,618.0,78.449,1.196,1,4,4-pt support,weight_aggregate,waves 2020-2024 pooled
climate_policy_support,ccam,fund_research: fund renewable research (4pt support),race,"White, Non-Hispanic",2020-2024,5813.0,67.497,0.447,1,4,4-pt support,weight_aggregate,waves 2020-2024 pooled
climate_policy_support,ccam,priority: global warming a priority for president/congress (4pt),ALL,ALL,2020-2024,10281.0,52.863,0.403,1,4,4-pt priority,weight_aggregate,waves 2020-2024 pooled
climate_policy_support,ccam,priority: global warming a priority for president/congress (4pt),ALL,ALL,2008,2142.0,52.457,0.92,1,4,4-pt priority,weight_aggregate,annual trend
climate_policy_support,ccam,priority: global warming a priority for president/congress (4pt),ALL,ALL,2010,1019.0,46.048,1.389,1,4,4-pt priority,weight_aggregate,annual trend
climate_policy_support,ccam,priority: global warming a priority for president/congress (4pt),ALL,ALL,2011,1967.0,40.504,0.911,1,4,4-pt priority,weight_aggregate,annual trend
climate_policy_support,ccam,priority: global warming a priority for president/congress (4pt),ALL,ALL,2012,1055.0,46.024,1.332,1,4,4-pt priority,weight_aggregate,annual trend
climate_policy_support,ccam,priority: global warming a priority for president/congress (4pt),ALL,ALL,2013,1853.0,42.125,1.035,1,4,4-pt priority,weight_aggregate,annual trend
climate_policy_support,ccam,priority: global warming a priority for president/congress (4pt),ALL,ALL,2014,1269.0,44.769,1.112,1,4,4-pt priority,weight_aggregate,annual trend
climate_policy_support,ccam,priority: global warming a priority for president/congress (4pt),ALL,ALL,2015,2590.0,46.868,0.742,1,4,4-pt priority,weight_aggregate,annual trend
climate_policy_support,ccam,priority: global warming a priority for president/congress (4pt),ALL,ALL,2016,2424.0,49.914,0.796,1,4,4-pt priority,weight_aggregate,annual trend
climate_policy_support,ccam,priority: global warming a priority for president/congress (4pt),ALL,ALL,2017,2569.0,53.391,0.801,1,4,4-pt priority,weight_aggregate,annual trend
climate_policy_support,ccam,priority: global warming a priority for president/congress (4pt),ALL,ALL,2018,2387.0,53.972,0.863,1,4,4-pt priority,weight_aggregate,annual trend
climate_policy_support,ccam,priority: global warming a priority for president/congress (4pt),ALL,ALL,2019,2590.0,53.801,0.793,1,4,4-pt priority,weight_aggregate,annual trend
climate_policy_support,ccam,priority: global warming a priority for president/congress (4pt),ALL,ALL,2020,2063.0,52.863,0.903,1,4,4-pt priority,weight_aggregate,annual trend
climate_policy_support,ccam,priority: global warming a priority for president/congress (4pt),ALL,ALL,2021,2041.0,54.108,0.895,1,4,4-pt priority,weight_aggregate,annual trend
climate_policy_support,ccam,priority: global warming a priority for president/congress (4pt),ALL,ALL,2022,2098.0,51.412,0.905,1,4,4-pt priority,weight_aggregate,annual trend
climate_policy_support,ccam,priority: global warming a priority for president/congress (4pt),ALL,ALL,2023,2040.0,54.109,0.913,1,4,4-pt priority,weight_aggregate,annual trend
climate_policy_support,ccam,priority: global warming a priority for president/congress (4pt),ALL,ALL,2024,2039.0,51.914,0.874,1,4,4-pt priority,weight_aggregate,annual trend
climate_policy_support,ccam,priority: global warming a priority for president/congress (4pt),age_band,18-34 years,2020-2024,1983.0,57.857,0.88,1,4,4-pt priority,weight_aggregate,waves 2020-2024 pooled
climate_policy_support,ccam,priority: global warming a priority for president/congress (4pt),age_band,35-54 years,2020-2024,3125.0,52.646,0.706,1,4,4-pt priority,weight_aggregate,waves 2020-2024 pooled
climate_policy_support,ccam,priority: global warming a priority for president/congress (4pt),age_band,55+ years,2020-2024,5173.0,49.615,0.558,1,4,4-pt priority,weight_aggregate,waves 2020-2024 pooled
climate_policy_support,ccam,priority: global warming a priority for president/congress (4pt),education,Bachelor+,2020-2024,4217.0,58.43,0.617,1,4,4-pt priority,weight_aggregate,waves 2020-2024 pooled
climate_policy_support,ccam,priority: global warming a priority for president/congress (4pt),education,HS or less,2020-2024,3242.0,49.964,0.7,1,4,4-pt priority,weight_aggregate,waves 2020-2024 pooled
climate_policy_support,ccam,priority: global warming a priority for president/congress (4pt),education,Some college,2020-2024,2822.0,50.019,0.767,1,4,4-pt priority,weight_aggregate,waves 2020-2024 pooled
climate_policy_support,ccam,priority: global warming a priority for president/congress (4pt),gender,Female,2020-2024,5179.0,56.158,0.549,1,4,4-pt priority,weight_aggregate,waves 2020-2024 pooled
climate_policy_support,ccam,priority: global warming a priority for president/congress (4pt),gender,Male,2020-2024,5102.0,49.385,0.588,1,4,4-pt priority,weight_aggregate,waves 2020-2024 pooled
climate_policy_support,ccam,priority: global warming a priority for president/congress (4pt),ideology,"Moderate, middle of the road",2020-2024,4222.0,56.276,0.572,1,4,4-pt priority,weight_aggregate,waves 2020-2024 pooled
climate_policy_support,ccam,priority: global warming a priority for president/congress (4pt),ideology,Somewhat conservative,2020-2024,2116.0,26.067,0.751,1,4,4-pt priority,weight_aggregate,waves 2020-2024 pooled
climate_policy_support,ccam,priority: global warming a priority for president/congress (4pt),ideology,Somewhat liberal,2020-2024,1791.0,74.643,0.742,1,4,4-pt priority,weight_aggregate,waves 2020-2024 pooled
climate_policy_support,ccam,priority: global warming a priority for president/congress (4pt),ideology,Very conservative,2020-2024,1068.0,19.667,1.135,1,4,4-pt priority,weight_aggregate,waves 2020-2024 pooled
climate_policy_support,ccam,priority: global warming a priority for president/congress (4pt),ideology,Very liberal,2020-2024,917.0,85.143,0.965,1,4,4-pt priority,weight_aggregate,waves 2020-2024 pooled
climate_policy_support,ccam,priority: global warming a priority for president/congress (4pt),income,"$100,000 or more",2020-2024,4552.0,52.572,0.611,1,4,4-pt priority,weight_aggregate,waves 2020-2024 pooled
climate_policy_support,ccam,priority: global warming a priority for president/congress (4pt),income,"$50,000 to $99,999",2020-2024,3090.0,51.218,0.74,1,4,4-pt priority,weight_aggregate,waves 2020-2024 pooled
climate_policy_support,ccam,priority: global warming a priority for president/congress (4pt),income,"Less than $50,000",2020-2024,2639.0,55.001,0.773,1,4,4-pt priority,weight_aggregate,waves 2020-2024 pooled
climate_policy_support,ccam,priority: global warming a priority for president/congress (4pt),party,Democrats,2020-2024,4424.0,74.829,0.474,1,4,4-pt priority,weight_aggregate,waves 2020-2024 pooled
climate_policy_support,ccam,priority: global warming a priority for president/congress (4pt),party,Independent/Other,2020-2024,1067.0,50.663,1.235,1,4,4-pt priority,weight_aggregate,waves 2020-2024 pooled
climate_policy_support,ccam,priority: global warming a priority for president/congress (4pt),party,Republicans,2020-2024,3960.0,27.048,0.558,1,4,4-pt priority,weight_aggregate,waves 2020-2024 pooled
climate_policy_support,ccam,priority: global warming a priority for president/congress (4pt),race,"Black, Non-Hispanic",2020-2024,967.0,62.784,1.124,1,4,4-pt priority,weight_aggregate,waves 2020-2024 pooled
climate_policy_support,ccam,priority: global warming a priority for president/congress (4pt),race,Hispanic,2020-2024,1261.0,60.82,1.072,1,4,4-pt priority,weight_aggregate,waves 2020-2024 pooled
climate_policy_support,ccam,priority: global warming a priority for president/congress (4pt),race,"Other, Non-Hispanic",2020-2024,787.0,62.826,1.428,1,4,4-pt priority,weight_aggregate,waves 2020-2024 pooled
climate_policy_support,ccam,priority: global warming a priority for president/congress (4pt),race,"White, Non-Hispanic",2020-2024,7266.0,47.389,0.478,1,4,4-pt priority,weight_aggregate,waves 2020-2024 pooled
climate_policy_support,ccam,reg_CO2_pollutant: regulate CO2 as pollutant (4pt support),ALL,ALL,2020-2024,9166.0,64.919,0.359,1,4,4-pt support,weight_aggregate,waves 2020-2024 pooled
climate_policy_support,ccam,reg_CO2_pollutant: regulate CO2 as pollutant (4pt support),ALL,ALL,2008,2082.0,67.497,0.786,1,4,4-pt support,weight_aggregate,annual trend
climate_policy_support,ccam,reg_CO2_pollutant: regulate CO2 as pollutant (4pt support),ALL,ALL,2010,1005.0,63.932,1.208,1,4,4-pt support,weight_aggregate,annual trend
climate_policy_support,ccam,reg_CO2_pollutant: regulate CO2 as pollutant (4pt support),ALL,ALL,2011,949.0,63.636,1.121,1,4,4-pt support,weight_aggregate,annual trend
climate_policy_support,ccam,reg_CO2_pollutant: regulate CO2 as pollutant (4pt support),ALL,ALL,2012,1011.0,60.992,1.166,1,4,4-pt support,weight_aggregate,annual trend
climate_policy_support,ccam,reg_CO2_pollutant: regulate CO2 as pollutant (4pt support),ALL,ALL,2013,1790.0,61.254,0.935,1,4,4-pt support,weight_aggregate,annual trend
climate_policy_support,ccam,reg_CO2_pollutant: regulate CO2 as pollutant (4pt support),ALL,ALL,2014,2248.0,63.574,0.719,1,4,4-pt support,weight_aggregate,annual trend
climate_policy_support,ccam,reg_CO2_pollutant: regulate CO2 as pollutant (4pt support),ALL,ALL,2015,2559.0,64.908,0.661,1,4,4-pt support,weight_aggregate,annual trend
climate_policy_support,ccam,reg_CO2_pollutant: regulate CO2 as pollutant (4pt support),ALL,ALL,2016,2409.0,64.841,0.714,1,4,4-pt support,weight_aggregate,annual trend
climate_policy_support,ccam,reg_CO2_pollutant: regulate CO2 as pollutant (4pt support),ALL,ALL,2017,2523.0,67.269,0.656,1,4,4-pt support,weight_aggregate,annual trend
climate_policy_support,ccam,reg_CO2_pollutant: regulate CO2 as pollutant (4pt support),ALL,ALL,2018,2350.0,68.679,0.689,1,4,4-pt support,weight_aggregate,annual trend
climate_policy_support,ccam,reg_CO2_pollutant: regulate CO2 as pollutant (4pt support),ALL,ALL,2019,2578.0,66.358,0.651,1,4,4-pt support,weight_aggregate,annual trend
climate_policy_support,ccam,reg_CO2_pollutant: regulate CO2 as pollutant (4pt support),ALL,ALL,2020,2048.0,66.091,0.739,1,4,4-pt support,weight_aggregate,annual trend
climate_policy_support,ccam,reg_CO2_pollutant: regulate CO2 as pollutant (4pt support),ALL,ALL,2021,2006.0,64.68,0.795,1,4,4-pt support,weight_aggregate,annual trend
climate_policy_support,ccam,reg_CO2_pollutant: regulate CO2 as pollutant (4pt support),ALL,ALL,2022,2085.0,64.307,0.751,1,4,4-pt support,weight_aggregate,annual trend
climate_policy_support,ccam,reg_CO2_pollutant: regulate CO2 as pollutant (4pt support),ALL,ALL,2023,999.0,65.392,1.091,1,4,4-pt support,weight_aggregate,annual trend
climate_policy_support,ccam,reg_CO2_pollutant: regulate CO2 as pollutant (4pt support),ALL,ALL,2024,2028.0,64.616,0.738,1,4,4-pt support,weight_aggregate,annual trend
climate_policy_support,ccam,reg_CO2_pollutant: regulate CO2 as pollutant (4pt support),age_band,18-34 years,2020-2024,1766.0,68.131,0.778,1,4,4-pt support,weight_aggregate,waves 2020-2024 pooled
climate_policy_support,ccam,reg_CO2_pollutant: regulate CO2 as pollutant (4pt support),age_band,35-54 years,2020-2024,2770.0,64.401,0.633,1,4,4-pt support,weight_aggregate,waves 2020-2024 pooled
climate_policy_support,ccam,reg_CO2_pollutant: regulate CO2 as pollutant (4pt support),age_band,55+ years,2020-2024,4630.0,63.143,0.503,1,4,4-pt support,weight_aggregate,waves 2020-2024 pooled
climate_policy_support,ccam,reg_CO2_pollutant: regulate CO2 as pollutant (4pt support),education,Bachelor+,2020-2024,3746.0,69.411,0.543,1,4,4-pt support,weight_aggregate,waves 2020-2024 pooled
climate_policy_support,ccam,reg_CO2_pollutant: regulate CO2 as pollutant (4pt support),education,HS or less,2020-2024,2899.0,62.128,0.621,1,4,4-pt support,weight_aggregate,waves 2020-2024 pooled
climate_policy_support,ccam,reg_CO2_pollutant: regulate CO2 as pollutant (4pt support),education,Some college,2020-2024,2521.0,63.26,0.692,1,4,4-pt support,weight_aggregate,waves 2020-2024 pooled
climate_policy_support,ccam,reg_CO2_pollutant: regulate CO2 as pollutant (4pt support),gender,Female,2020-2024,4608.0,67.749,0.473,1,4,4-pt support,weight_aggregate,waves 2020-2024 pooled
climate_policy_support,ccam,reg_CO2_pollutant: regulate CO2 as pollutant (4pt support),gender,Male,2020-2024,4558.0,61.955,0.54,1,4,4-pt support,weight_aggregate,waves 2020-2024 pooled
climate_policy_support,ccam,reg_CO2_pollutant: regulate CO2 as pollutant (4pt support),ideology,"Moderate, middle of the road",2020-2024,3786.0,66.609,0.504,1,4,4-pt support,weight_aggregate,waves 2020-2024 pooled
climate_policy_support,ccam,reg_CO2_pollutant: regulate CO2 as pollutant (4pt support),ideology,Somewhat conservative,2020-2024,1872.0,48.816,0.811,1,4,4-pt support,weight_aggregate,waves 2020-2024 pooled
climate_policy_support,ccam,reg_CO2_pollutant: regulate CO2 as pollutant (4pt support),ideology,Somewhat liberal,2020-2024,1604.0,81.795,0.598,1,4,4-pt support,weight_aggregate,waves 2020-2024 pooled
climate_policy_support,ccam,reg_CO2_pollutant: regulate CO2 as pollutant (4pt support),ideology,Very conservative,2020-2024,971.0,37.165,1.211,1,4,4-pt support,weight_aggregate,waves 2020-2024 pooled
climate_policy_support,ccam,reg_CO2_pollutant: regulate CO2 as pollutant (4pt support),ideology,Very liberal,2020-2024,803.0,87.92,0.852,1,4,4-pt support,weight_aggregate,waves 2020-2024 pooled
climate_policy_support,ccam,reg_CO2_pollutant: regulate CO2 as pollutant (4pt support),income,"$100,000 or more",2020-2024,4062.0,64.761,0.546,1,4,4-pt support,weight_aggregate,waves 2020-2024 pooled
climate_policy_support,ccam,reg_CO2_pollutant: regulate CO2 as pollutant (4pt support),income,"$50,000 to $99,999",2020-2024,2753.0,64.769,0.659,1,4,4-pt support,weight_aggregate,waves 2020-2024 pooled
climate_policy_support,ccam,reg_CO2_pollutant: regulate CO2 as pollutant (4pt support),income,"Less than $50,000",2020-2024,2351.0,65.306,0.689,1,4,4-pt support,weight_aggregate,waves 2020-2024 pooled
climate_policy_support,ccam,reg_CO2_pollutant: regulate CO2 as pollutant (4pt support),party,Democrats,2020-2024,3968.0,80.935,0.399,1,4,4-pt support,weight_aggregate,waves 2020-2024 pooled
climate_policy_support,ccam,reg_CO2_pollutant: regulate CO2 as pollutant (4pt support),party,Independent/Other,2020-2024,936.0,60.933,1.196,1,4,4-pt support,weight_aggregate,waves 2020-2024 pooled
climate_policy_support,ccam,reg_CO2_pollutant: regulate CO2 as pollutant (4pt support),party,Republicans,2020-2024,3539.0,47.706,0.584,1,4,4-pt support,weight_aggregate,waves 2020-2024 pooled
climate_policy_support,ccam,reg_CO2_pollutant: regulate CO2 as pollutant (4pt support),race,"Black, Non-Hispanic",2020-2024,851.0,70.428,1.01,1,4,4-pt support,weight_aggregate,waves 2020-2024 pooled
climate_policy_support,ccam,reg_CO2_pollutant: regulate CO2 as pollutant (4pt support),race,Hispanic,2020-2024,1108.0,69.183,0.979,1,4,4-pt support,weight_aggregate,waves 2020-2024 pooled
climate_policy_support,ccam,reg_CO2_pollutant: regulate CO2 as pollutant (4pt support),race,"Other, Non-Hispanic",2020-2024,709.0,71.899,1.284,1,4,4-pt support,weight_aggregate,waves 2020-2024 pooled
climate_policy_support,ccam,reg_CO2_pollutant: regulate CO2 as pollutant (4pt support),race,"White, Non-Hispanic",2020-2024,6498.0,61.742,0.43,1,4,4-pt support,weight_aggregate,waves 2020-2024 pooled
climate_policy_support,geiger2026_vdL2019,policy_pre: climate policy support pre (1-7),ALL,ALL,2017,3151.0,74.027,0.465,1,7,7-pt composite,UNWEIGHTED (online sample),vdL2019 US CONTROL arm n=3151
climate_policy_support,geiger2026_vdL2019,policy_pre: climate policy support pre (1-7),party,Democrat,2017,996.0,81.981,0.659,1,7,7-pt composite,UNWEIGHTED (online sample),vdL2019 US CONTROL arm
climate_policy_support,geiger2026_vdL2019,policy_pre: climate policy support pre (1-7),party,Independent,2017,835.0,74.569,0.913,1,7,7-pt composite,UNWEIGHTED (online sample),vdL2019 US CONTROL arm
climate_policy_support,geiger2026_vdL2019,policy_pre: climate policy support pre (1-7),party,Republican,2017,733.0,62.146,1.034,1,7,7-pt composite,UNWEIGHTED (online sample),vdL2019 US CONTROL arm
climate_policy_support,geiger2026_veckalov,climate_action_support: climate action support (1-7),ALL,ALL,2022,125.0,83.867,2.116,1,7,7-pt,UNWEIGHTED (online sample),US CONTROL ARM ONLY (n~125)
climate_policy_support,geiger2026_veckalov,climate_action_support: climate action support (1-7),age_band,18-29,2022,69.0,85.024,2.337,1,7,7-pt,UNWEIGHTED (online sample),US CONTROL ARM ONLY
climate_policy_support,geiger2026_veckalov,climate_action_support: climate action support (1-7),gender,Male,2022,83.0,86.546,2.329,1,7,7-pt,UNWEIGHTED (online sample),US CONTROL ARM ONLY
climate_policy_support,geiger2026_veckalov,climate_action_support: climate action support (1-7),ideology,Left(0-4),2022,78.0,92.735,1.598,1,7,7-pt,UNWEIGHTED (online sample),US CONTROL ARM ONLY
climate_policy_support,geiger2026_veckalov,climate_action_support: climate action support (1-7),ideology,Right(6-10),2022,28.0,61.31,5.357,1,7,7-pt,UNWEIGHTED (online sample),US CONTROL ARM ONLY
climate_policy_support,tisp,CLIM_POLSUPPORT 5-item mean (1-4),ALL,ALL,2022-2023,2559.0,47.96635775480798,0.3918193248907125,1,4,1-4 agreement (5-item composite),WEIGHT_CNTRY (TISP country post-stratification weight),weighted overall US mean
climate_policy_support,tisp,CLIM_POLSUPPORT 5-item mean (1-4),age_band,18-29,2022-2023,436.0,51.96976030047227,0.913343817362826,1,4,1-4 agreement (5-item composite),WEIGHT_CNTRY (TISP country post-stratification weight),"US subsample, WEIGHT_CNTRY post-strat weight; no race/party in TISP"
climate_policy_support,tisp,CLIM_POLSUPPORT 5-item mean (1-4),age_band,30-44,2022-2023,766.0,53.31009822487525,0.669762872550496,1,4,1-4 agreement (5-item composite),WEIGHT_CNTRY (TISP country post-stratification weight),"US subsample, WEIGHT_CNTRY post-strat weight; no race/party in TISP"
climate_policy_support,tisp,CLIM_POLSUPPORT 5-item mean (1-4),age_band,45-59,2022-2023,640.0,45.53667354537307,0.788665532146028,1,4,1-4 agreement (5-item composite),WEIGHT_CNTRY (TISP country post-stratification weight),"US subsample, WEIGHT_CNTRY post-strat weight; no race/party in TISP"
climate_policy_support,tisp,CLIM_POLSUPPORT 5-item mean (1-4),age_band,60+,2022-2023,717.0,42.37853938505494,0.7067012012640604,1,4,1-4 agreement (5-item composite),WEIGHT_CNTRY (TISP country post-stratification weight),"US subsample, WEIGHT_CNTRY post-strat weight; no race/party in TISP"
climate_policy_support,tisp,CLIM_POLSUPPORT 5-item mean (1-4),education,EDU1 (lowest of 4),2022-2023,15.0,50.8785400500158,7.806656256234951,1,4,1-4 agreement (5-item composite),WEIGHT_CNTRY (TISP country post-stratification weight),"US subsample, WEIGHT_CNTRY post-strat weight; no race/party in TISP"
climate_policy_support,tisp,CLIM_POLSUPPORT 5-item mean (1-4),education,EDU2,2022-2023,97.0,48.70929353193365,2.477996616324779,1,4,1-4 agreement (5-item composite),WEIGHT_CNTRY (TISP country post-stratification weight),"US subsample, WEIGHT_CNTRY post-strat weight; no race/party in TISP"
climate_policy_support,tisp,CLIM_POLSUPPORT 5-item mean (1-4),education,EDU3,2022-2023,1042.0,44.83637974926725,0.6088167130629017,1,4,1-4 agreement (5-item composite),WEIGHT_CNTRY (TISP country post-stratification weight),"US subsample, WEIGHT_CNTRY post-strat weight; no race/party in TISP"
climate_policy_support,tisp,CLIM_POLSUPPORT 5-item mean (1-4),education,EDU4 (highest of 4),2022-2023,1405.0,50.088945894743965,0.5135459016414262,1,4,1-4 agreement (5-item composite),WEIGHT_CNTRY (TISP country post-stratification weight),"US subsample, WEIGHT_CNTRY post-strat weight; no race/party in TISP"
climate_policy_support,tisp,CLIM_POLSUPPORT 5-item mean (1-4),gender,Female,2022-2023,1172.0,48.44785268217296,0.5835414351310088,1,4,1-4 agreement (5-item composite),WEIGHT_CNTRY (TISP country post-stratification weight),"US subsample, WEIGHT_CNTRY post-strat weight; no race/party in TISP"
climate_policy_support,tisp,CLIM_POLSUPPORT 5-item mean (1-4),gender,Male,2022-2023,1387.0,47.49369646153703,0.5243363294125046,1,4,1-4 agreement (5-item composite),WEIGHT_CNTRY (TISP country post-stratification weight),"US subsample, WEIGHT_CNTRY post-strat weight; no race/party in TISP"
climate_policy_support,tisp,CLIM_POLSUPPORT 5-item mean (1-4),ideology,Conservative,2022-2023,413.0,42.09918933664715,0.9506997760886708,1,4,1-4 agreement (5-item composite),WEIGHT_CNTRY (TISP country post-stratification weight),"US subsample, WEIGHT_CNTRY post-strat weight; no race/party in TISP"
climate_policy_support,tisp,CLIM_POLSUPPORT 5-item mean (1-4),ideology,Liberal,2022-2023,303.0,53.05854120754006,0.8246767312633276,1,4,1-4 agreement (5-item composite),WEIGHT_CNTRY (TISP country post-stratification weight),"US subsample, WEIGHT_CNTRY post-strat weight; no race/party in TISP"
climate_policy_support,tisp,CLIM_POLSUPPORT 5-item mean (1-4),ideology,Moderate,2022-2023,718.0,46.405713665102375,0.6416448109742963,1,4,1-4 agreement (5-item composite),WEIGHT_CNTRY (TISP country post-stratification weight),"US subsample, WEIGHT_CNTRY post-strat weight; no race/party in TISP"
climate_policy_support,tisp,CLIM_POLSUPPORT 5-item mean (1-4),ideology,Very conservative,2022-2023,565.0,46.38971877157307,0.9732532712980478,1,4,1-4 agreement (5-item composite),WEIGHT_CNTRY (TISP country post-stratification weight),"US subsample, WEIGHT_CNTRY post-strat weight; no race/party in TISP"
climate_policy_support,tisp,CLIM_POLSUPPORT 5-item mean (1-4),ideology,Very liberal,2022-2023,364.0,57.21722427560252,0.870183767906031,1,4,1-4 agreement (5-item composite),WEIGHT_CNTRY (TISP country post-stratification weight),"US subsample, WEIGHT_CNTRY post-strat weight; no race/party in TISP"
climate_policy_support,tisp,CLIM_POLSUPPORT 5-item mean (1-4),income,"$100,000 to $167,999",2022-2023,397.0,52.837304406088336,0.9236377734596848,1,4,1-4 agreement (5-item composite),WEIGHT_CNTRY (TISP country post-stratification weight),"US subsample, WEIGHT_CNTRY post-strat weight; no race/party in TISP"
climate_policy_support,tisp,CLIM_POLSUPPORT 5-item mean (1-4),income,"$168,000 or more",2022-2023,168.0,54.275546730509554,1.4973199832916608,1,4,1-4 agreement (5-item composite),WEIGHT_CNTRY (TISP country post-stratification weight),"US subsample, WEIGHT_CNTRY post-strat weight; no race/party in TISP"
climate_policy_support,tisp,CLIM_POLSUPPORT 5-item mean (1-4),income,"$30,000 to $55,999",2022-2023,625.0,44.34650204130249,0.7345117584547417,1,4,1-4 agreement (5-item composite),WEIGHT_CNTRY (TISP country post-stratification weight),"US subsample, WEIGHT_CNTRY post-strat weight; no race/party in TISP"
climate_policy_support,tisp,CLIM_POLSUPPORT 5-item mean (1-4),income,"$56,000 to $99,999",2022-2023,472.0,46.87737866009255,0.898922794868443,1,4,1-4 agreement (5-item composite),WEIGHT_CNTRY (TISP country post-stratification weight),"US subsample, WEIGHT_CNTRY post-strat weight; no race/party in TISP"
climate_policy_support,tisp,CLIM_POLSUPPORT 5-item mean (1-4),income,"Less than $30,000",2022-2023,841.0,47.75026084418776,0.7149359441040991,1,4,1-4 agreement (5-item composite),WEIGHT_CNTRY (TISP country post-stratification weight),"US subsample, WEIGHT_CNTRY post-strat weight; no race/party in TISP"
climate_threat,wellcome2020,W15 climate change threat to people in country (3pt),ALL,ALL,2020,988.0,73.223,1.519,1,3,"3-pt threat (major/minor/not a threat), reversed",WGT,asked of those aware of climate change
climate_threat,wellcome2020,W15 climate change threat to people in country (3pt),age_band,15-29,2020,105.0,77.914,3.907,1,3,"3-pt threat, reversed",WGT,
climate_threat,wellcome2020,W15 climate change threat to people in country (3pt),age_band,30-49,2020,228.0,72.224,2.744,1,3,"3-pt threat, reversed",WGT,
climate_threat,wellcome2020,W15 climate change threat to people in country (3pt),age_band,50+,2020,646.0,71.539,1.929,1,3,"3-pt threat, reversed",WGT,
climate_threat,wellcome2020,W15 climate change threat to people in country (3pt),education,Secondary,2020,467.0,68.636,2.209,1,3,"3-pt threat, reversed",WGT,
climate_threat,wellcome2020,W15 climate change threat to people in country (3pt),education,Tertiary,2020,505.0,79.672,1.681,1,3,"3-pt threat, reversed",WGT,
climate_threat,wellcome2020,W15 climate change threat to people in country (3pt),gender,Female,2020,476.0,77.639,2.119,1,3,"3-pt threat, reversed",WGT,
climate_threat,wellcome2020,W15 climate change threat to people in country (3pt),gender,Male,2020,512.0,68.706,2.146,1,3,"3-pt threat, reversed",WGT,
climate_threat,wellcome2020,W15 climate change threat to people in country (3pt),income,Q1 poorest,2020,111.0,79.306,3.803,1,3,"3-pt threat, reversed",WGT,
climate_threat,wellcome2020,W15 climate change threat to people in country (3pt),income,Q2,2020,145.0,70.579,3.803,1,3,"3-pt threat, reversed",WGT,
climate_threat,wellcome2020,W15 climate change threat to people in country (3pt),income,Q3,2020,200.0,69.597,3.801,1,3,"3-pt threat, reversed",WGT,
climate_threat,wellcome2020,W15 climate change threat to people in country (3pt),income,Q4,2020,250.0,70.967,2.94,1,3,"3-pt threat, reversed",WGT,
climate_threat,wellcome2020,W15 climate change threat to people in country (3pt),income,Q5 richest,2020,282.0,76.095,2.29,1,3,"3-pt threat, reversed",WGT,
climate_worry,ccam,worry: worry about global warming (4pt),ALL,ALL,2020-2024,10298.0,59.619,0.363,1,4,4-pt worry,weight_aggregate,waves 2020-2024 pooled
climate_worry,ccam,worry: worry about global warming (4pt),ALL,ALL,2008,2150.0,55.275,0.847,1,4,4-pt worry,weight_aggregate,annual trend
climate_worry,ccam,worry: worry about global warming (4pt),ALL,ALL,2010,1022.0,48.845,1.248,1,4,4-pt worry,weight_aggregate,annual trend
climate_worry,ccam,worry: worry about global warming (4pt),ALL,ALL,2011,1979.0,48.786,0.805,1,4,4-pt worry,weight_aggregate,annual trend
climate_worry,ccam,worry: worry about global warming (4pt),ALL,ALL,2012,1060.0,52.405,1.224,1,4,4-pt worry,weight_aggregate,annual trend
climate_worry,ccam,worry: worry about global warming (4pt),ALL,ALL,2013,1864.0,49.092,0.969,1,4,4-pt worry,weight_aggregate,annual trend
climate_worry,ccam,worry: worry about global warming (4pt),ALL,ALL,2014,2286.0,50.077,0.72,1,4,4-pt worry,weight_aggregate,annual trend
climate_worry,ccam,worry: worry about global warming (4pt),ALL,ALL,2015,2593.0,50.136,0.677,1,4,4-pt worry,weight_aggregate,annual trend
climate_worry,ccam,worry: worry about global warming (4pt),ALL,ALL,2016,2430.0,53.378,0.733,1,4,4-pt worry,weight_aggregate,annual trend
climate_worry,ccam,worry: worry about global warming (4pt),ALL,ALL,2017,2570.0,54.666,0.698,1,4,4-pt worry,weight_aggregate,annual trend
climate_worry,ccam,worry: worry about global warming (4pt),ALL,ALL,2018,2390.0,58.461,0.772,1,4,4-pt worry,weight_aggregate,annual trend
climate_worry,ccam,worry: worry about global warming (4pt),ALL,ALL,2019,2594.0,58.97,0.703,1,4,4-pt worry,weight_aggregate,annual trend
climate_worry,ccam,worry: worry about global warming (4pt),ALL,ALL,2020,2065.0,59.71,0.795,1,4,4-pt worry,weight_aggregate,annual trend
climate_worry,ccam,worry: worry about global warming (4pt),ALL,ALL,2021,2043.0,60.851,0.81,1,4,4-pt worry,weight_aggregate,annual trend
climate_worry,ccam,worry: worry about global warming (4pt),ALL,ALL,2022,2103.0,58.782,0.824,1,4,4-pt worry,weight_aggregate,annual trend
climate_worry,ccam,worry: worry about global warming (4pt),ALL,ALL,2023,2043.0,59.691,0.817,1,4,4-pt worry,weight_aggregate,annual trend
climate_worry,ccam,worry: worry about global warming (4pt),ALL,ALL,2024,2044.0,59.118,0.79,1,4,4-pt worry,weight_aggregate,annual trend
climate_worry,ccam,worry: worry about global warming (4pt),age_band,18-34 years,2020-2024,1986.0,63.787,0.797,1,4,4-pt worry,weight_aggregate,waves 2020-2024 pooled
climate_worry,ccam,worry: worry about global warming (4pt),age_band,35-54 years,2020-2024,3130.0,60.366,0.629,1,4,4-pt worry,weight_aggregate,waves 2020-2024 pooled
climate_worry,ccam,worry: worry about global warming (4pt),age_band,55+ years,2020-2024,5182.0,56.16,0.505,1,4,4-pt worry,weight_aggregate,waves 2020-2024 pooled
climate_worry,ccam,worry: worry about global warming (4pt),education,Bachelor+,2020-2024,4218.0,66.382,0.537,1,4,4-pt worry,weight_aggregate,waves 2020-2024 pooled
climate_worry,ccam,worry: worry about global warming (4pt),education,HS or less,2020-2024,3255.0,55.669,0.637,1,4,4-pt worry,weight_aggregate,waves 2020-2024 pooled
climate_worry,ccam,worry: worry about global warming (4pt),education,Some college,2020-2024,2825.0,56.779,0.688,1,4,4-pt worry,weight_aggregate,waves 2020-2024 pooled
climate_worry,ccam,worry: worry about global warming (4pt),gender,Female,2020-2024,5190.0,63.2,0.493,1,4,4-pt worry,weight_aggregate,waves 2020-2024 pooled
climate_worry,ccam,worry: worry about global warming (4pt),gender,Male,2020-2024,5108.0,55.835,0.529,1,4,4-pt worry,weight_aggregate,waves 2020-2024 pooled
climate_worry,ccam,worry: worry about global warming (4pt),ideology,"Moderate, middle of the road",2020-2024,4226.0,62.778,0.499,1,4,4-pt worry,weight_aggregate,waves 2020-2024 pooled
climate_worry,ccam,worry: worry about global warming (4pt),ideology,Somewhat conservative,2020-2024,2117.0,38.055,0.723,1,4,4-pt worry,weight_aggregate,waves 2020-2024 pooled
climate_worry,ccam,worry: worry about global warming (4pt),ideology,Somewhat liberal,2020-2024,1791.0,79.589,0.609,1,4,4-pt worry,weight_aggregate,waves 2020-2024 pooled
climate_worry,ccam,worry: worry about global warming (4pt),ideology,Very conservative,2020-2024,1068.0,25.983,1.118,1,4,4-pt worry,weight_aggregate,waves 2020-2024 pooled
climate_worry,ccam,worry: worry about global warming (4pt),ideology,Very liberal,2020-2024,917.0,86.958,0.847,1,4,4-pt worry,weight_aggregate,waves 2020-2024 pooled
climate_worry,ccam,worry: worry about global warming (4pt),income,"$100,000 or more",2020-2024,4556.0,60.755,0.544,1,4,4-pt worry,weight_aggregate,waves 2020-2024 pooled
climate_worry,ccam,worry: worry about global warming (4pt),income,"$50,000 to $99,999",2020-2024,3095.0,58.149,0.669,1,4,4-pt worry,weight_aggregate,waves 2020-2024 pooled
climate_worry,ccam,worry: worry about global warming (4pt),income,"Less than $50,000",2020-2024,2647.0,59.462,0.706,1,4,4-pt worry,weight_aggregate,waves 2020-2024 pooled
climate_worry,ccam,worry: worry about global warming (4pt),party,Democrats,2020-2024,4426.0,78.587,0.409,1,4,4-pt worry,weight_aggregate,waves 2020-2024 pooled
climate_worry,ccam,worry: worry about global warming (4pt),party,Independent/Other,2020-2024,1067.0,57.925,1.088,1,4,4-pt worry,weight_aggregate,waves 2020-2024 pooled
climate_worry,ccam,worry: worry about global warming (4pt),party,Republicans,2020-2024,3963.0,38.061,0.543,1,4,4-pt worry,weight_aggregate,waves 2020-2024 pooled
climate_worry,ccam,worry: worry about global warming (4pt),race,"Black, Non-Hispanic",2020-2024,972.0,63.75,1.082,1,4,4-pt worry,weight_aggregate,waves 2020-2024 pooled
climate_worry,ccam,worry: worry about global warming (4pt),race,Hispanic,2020-2024,1263.0,65.958,0.936,1,4,4-pt worry,weight_aggregate,waves 2020-2024 pooled
climate_worry,ccam,worry: worry about global warming (4pt),race,"Other, Non-Hispanic",2020-2024,788.0,70.884,1.287,1,4,4-pt worry,weight_aggregate,waves 2020-2024 pooled
climate_worry,ccam,worry: worry about global warming (4pt),race,"White, Non-Hispanic",2020-2024,7275.0,55.505,0.432,1,4,4-pt worry,weight_aggregate,waves 2020-2024 pooled
climate_worry,geiger2026_vdL2019,worry_pre: climate worry pre (1-7),ALL,ALL,2017,3151.0,61.021,0.545,1,7,7-pt composite,UNWEIGHTED (online sample),vdL2019 US CONTROL arm n=3151
climate_worry,geiger2026_vdL2019,worry_pre: climate worry pre (1-7),party,Democrat,2017,996.0,71.365,0.795,1,7,7-pt composite,UNWEIGHTED (online sample),vdL2019 US CONTROL arm
climate_worry,geiger2026_vdL2019,worry_pre: climate worry pre (1-7),party,Independent,2017,835.0,61.808,1.053,1,7,7-pt composite,UNWEIGHTED (online sample),vdL2019 US CONTROL arm
climate_worry,geiger2026_vdL2019,worry_pre: climate worry pre (1-7),party,Republican,2017,733.0,46.301,1.198,1,7,7-pt composite,UNWEIGHTED (online sample),vdL2019 US CONTROL arm
climate_worry,geiger2026_veckalov,climate_worry: climate worry (1-7),ALL,ALL,2022,125.0,70.4,2.833,1,7,7-pt,UNWEIGHTED (online sample),US CONTROL ARM ONLY (n~125)
climate_worry,geiger2026_veckalov,climate_worry: climate worry (1-7),age_band,18-29,2022,69.0,69.324,3.652,1,7,7-pt,UNWEIGHTED (online sample),US CONTROL ARM ONLY
climate_worry,geiger2026_veckalov,climate_worry: climate worry (1-7),gender,Male,2022,83.0,74.699,3.224,1,7,7-pt,UNWEIGHTED (online sample),US CONTROL ARM ONLY
climate_worry,geiger2026_veckalov,climate_worry: climate worry (1-7),ideology,Left(0-4),2022,78.0,81.838,2.456,1,7,7-pt,UNWEIGHTED (online sample),US CONTROL ARM ONLY
climate_worry,geiger2026_veckalov,climate_worry: climate worry (1-7),ideology,Right(6-10),2022,28.0,42.857,6.773,1,7,7-pt,UNWEIGHTED (online sample),US CONTROL ARM ONLY
perceived_scientific_consensus,ccam,sci_consensus: knows most scientists think GW happening (%),ALL,ALL,2020-2024,10295.0,56.943,0.538,0,1,binary % ,weight_aggregate,
perceived_scientific_consensus,ccam,sci_consensus: knows most scientists think GW happening (%),ALL,ALL,2008,2154.0,46.518,1.42,0,1,binary %,weight_aggregate,annual trend
perceived_scientific_consensus,ccam,sci_consensus: knows most scientists think GW happening (%),ALL,ALL,2010,1021.0,33.673,1.988,0,1,binary %,weight_aggregate,annual trend
perceived_scientific_consensus,ccam,sci_consensus: knows most scientists think GW happening (%),ALL,ALL,2011,1975.0,39.657,1.329,0,1,binary %,weight_aggregate,annual trend
perceived_scientific_consensus,ccam,sci_consensus: knows most scientists think GW happening (%),ALL,ALL,2012,1058.0,43.758,1.951,0,1,binary %,weight_aggregate,annual trend
perceived_scientific_consensus,ccam,sci_consensus: knows most scientists think GW happening (%),ALL,ALL,2013,1865.0,42.374,1.467,0,1,binary %,weight_aggregate,annual trend
perceived_scientific_consensus,ccam,sci_consensus: knows most scientists think GW happening (%),ALL,ALL,2014,2285.0,42.329,1.169,0,1,binary %,weight_aggregate,annual trend
perceived_scientific_consensus,ccam,sci_consensus: knows most scientists think GW happening (%),ALL,ALL,2015,1263.0,39.747,1.521,0,1,binary %,weight_aggregate,annual trend
perceived_scientific_consensus,ccam,sci_consensus: knows most scientists think GW happening (%),ALL,ALL,2016,2428.0,49.345,1.144,0,1,binary %,weight_aggregate,annual trend
perceived_scientific_consensus,ccam,sci_consensus: knows most scientists think GW happening (%),ALL,ALL,2017,2568.0,52.941,1.091,0,1,binary %,weight_aggregate,annual trend
perceived_scientific_consensus,ccam,sci_consensus: knows most scientists think GW happening (%),ALL,ALL,2018,2390.0,52.876,1.172,0,1,binary %,weight_aggregate,annual trend
perceived_scientific_consensus,ccam,sci_consensus: knows most scientists think GW happening (%),ALL,ALL,2019,2593.0,54.221,1.06,0,1,binary %,weight_aggregate,annual trend
perceived_scientific_consensus,ccam,sci_consensus: knows most scientists think GW happening (%),ALL,ALL,2020,2062.0,57.278,1.235,0,1,binary %,weight_aggregate,annual trend
perceived_scientific_consensus,ccam,sci_consensus: knows most scientists think GW happening (%),ALL,ALL,2021,2043.0,58.273,1.211,0,1,binary %,weight_aggregate,annual trend
perceived_scientific_consensus,ccam,sci_consensus: knows most scientists think GW happening (%),ALL,ALL,2022,2103.0,56.139,1.184,0,1,binary %,weight_aggregate,annual trend
perceived_scientific_consensus,ccam,sci_consensus: knows most scientists think GW happening (%),ALL,ALL,2023,2044.0,55.778,1.21,0,1,binary %,weight_aggregate,annual trend
perceived_scientific_consensus,ccam,sci_consensus: knows most scientists think GW happening (%),ALL,ALL,2024,2043.0,57.324,1.168,0,1,binary %,weight_aggregate,annual trend
perceived_scientific_consensus,ccam,sci_consensus: knows most scientists think GW happening (%),age_band,18-34 years,2020-2024,1986.0,59.446,1.198,0,1,binary %,weight_aggregate,
perceived_scientific_consensus,ccam,sci_consensus: knows most scientists think GW happening (%),age_band,35-54 years,2020-2024,3130.0,57.445,0.945,0,1,binary %,weight_aggregate,
perceived_scientific_consensus,ccam,sci_consensus: knows most scientists think GW happening (%),age_band,55+ years,2020-2024,5179.0,54.823,0.737,0,1,binary %,weight_aggregate,
perceived_scientific_consensus,ccam,sci_consensus: knows most scientists think GW happening (%),education,Bachelor+,2020-2024,4217.0,73.473,0.719,0,1,binary %,weight_aggregate,
perceived_scientific_consensus,ccam,sci_consensus: knows most scientists think GW happening (%),education,HS or less,2020-2024,3253.0,43.94,0.946,0,1,binary %,weight_aggregate,
perceived_scientific_consensus,ccam,sci_consensus: knows most scientists think GW happening (%),education,Some college,2020-2024,2825.0,54.647,1.007,0,1,binary %,weight_aggregate,
perceived_scientific_consensus,ccam,sci_consensus: knows most scientists think GW happening (%),gender,Female,2020-2024,5190.0,55.473,0.758,0,1,binary %,weight_aggregate,
perceived_scientific_consensus,ccam,sci_consensus: knows most scientists think GW happening (%),gender,Male,2020-2024,5105.0,58.497,0.763,0,1,binary %,weight_aggregate,
perceived_scientific_consensus,ccam,sci_consensus: knows most scientists think GW happening (%),ideology,"Moderate, middle of the road",2020-2024,4226.0,56.75,0.844,0,1,binary %,weight_aggregate,
perceived_scientific_consensus,ccam,sci_consensus: knows most scientists think GW happening (%),ideology,Somewhat conservative,2020-2024,2117.0,36.784,1.142,0,1,binary %,weight_aggregate,
perceived_scientific_consensus,ccam,sci_consensus: knows most scientists think GW happening (%),ideology,Somewhat liberal,2020-2024,1790.0,83.691,1.043,0,1,binary %,weight_aggregate,
perceived_scientific_consensus,ccam,sci_consensus: knows most scientists think GW happening (%),ideology,Very conservative,2020-2024,1067.0,24.311,1.442,0,1,binary %,weight_aggregate,
perceived_scientific_consensus,ccam,sci_consensus: knows most scientists think GW happening (%),ideology,Very liberal,2020-2024,917.0,86.357,1.341,0,1,binary %,weight_aggregate,
perceived_scientific_consensus,ccam,sci_consensus: knows most scientists think GW happening (%),income,"$100,000 or more",2020-2024,4553.0,64.85,0.772,0,1,binary %,weight_aggregate,
perceived_scientific_consensus,ccam,sci_consensus: knows most scientists think GW happening (%),income,"$50,000 to $99,999",2020-2024,3095.0,55.423,0.98,0,1,binary %,weight_aggregate,
perceived_scientific_consensus,ccam,sci_consensus: knows most scientists think GW happening (%),income,"Less than $50,000",2020-2024,2647.0,46.848,1.069,0,1,binary %,weight_aggregate,
perceived_scientific_consensus,ccam,sci_consensus: knows most scientists think GW happening (%),party,Democrats,2020-2024,4426.0,79.461,0.704,0,1,binary %,weight_aggregate,
perceived_scientific_consensus,ccam,sci_consensus: knows most scientists think GW happening (%),party,Independent/Other,2020-2024,1066.0,52.78,1.699,0,1,binary %,weight_aggregate,
perceived_scientific_consensus,ccam,sci_consensus: knows most scientists think GW happening (%),party,Republicans,2020-2024,3961.0,35.863,0.826,0,1,binary %,weight_aggregate,
perceived_scientific_consensus,ccam,sci_consensus: knows most scientists think GW happening (%),race,"Black, Non-Hispanic",2020-2024,972.0,52.722,1.717,0,1,binary %,weight_aggregate,
perceived_scientific_consensus,ccam,sci_consensus: knows most scientists think GW happening (%),race,Hispanic,2020-2024,1263.0,57.973,1.483,0,1,binary %,weight_aggregate,
perceived_scientific_consensus,ccam,sci_consensus: knows most scientists think GW happening (%),race,"Other, Non-Hispanic",2020-2024,787.0,67.684,1.981,0,1,binary %,weight_aggregate,
perceived_scientific_consensus,ccam,sci_consensus: knows most scientists think GW happening (%),race,"White, Non-Hispanic",2020-2024,7273.0,55.958,0.624,0,1,binary %,weight_aggregate,
perceived_scientific_consensus,geiger2026_vdL2019,consensus_pre: perceived consensus pre (0-100),ALL,ALL,2017,3151.0,67.024,0.398,0,100,0-100 slider,UNWEIGHTED (online sample),vdL2019 US CONTROL arm n=3151
perceived_scientific_consensus,geiger2026_vdL2019,consensus_pre: perceived consensus pre (0-100),party,Democrat,2017,996.0,72.354,0.642,0,100,0-100 slider,UNWEIGHTED (online sample),vdL2019 US CONTROL arm
perceived_scientific_consensus,geiger2026_vdL2019,consensus_pre: perceived consensus pre (0-100),party,Independent,2017,835.0,68.272,0.749,0,100,0-100 slider,UNWEIGHTED (online sample),vdL2019 US CONTROL arm
perceived_scientific_consensus,geiger2026_vdL2019,consensus_pre: perceived consensus pre (0-100),party,Republican,2017,733.0,60.82,0.884,0,100,0-100 slider,UNWEIGHTED (online sample),vdL2019 US CONTROL arm
perceived_scientific_consensus,geiger2026_veckalov,consensus_perception: perceived scientific consensus (0-100),ALL,ALL,2022,125.0,87.416,1.467,0,100,0-100 slider,UNWEIGHTED (online sample),US CONTROL ARM ONLY (n~125)
perceived_scientific_consensus,geiger2026_veckalov,consensus_perception: perceived scientific consensus (0-100),age_band,18-29,2022,69.0,86.681,2.124,0,100,0-100 slider,UNWEIGHTED (online sample),US CONTROL ARM ONLY
perceived_scientific_consensus,geiger2026_veckalov,consensus_perception: perceived scientific consensus (0-100),gender,Male,2022,83.0,85.542,2.02,0,100,0-100 slider,UNWEIGHTED (online sample),US CONTROL ARM ONLY
perceived_scientific_consensus,geiger2026_veckalov,consensus_perception: perceived scientific consensus (0-100),ideology,Left(0-4),2022,78.0,91.346,1.508,0,100,0-100 slider,UNWEIGHTED (online sample),US CONTROL ARM ONLY
perceived_scientific_consensus,geiger2026_veckalov,consensus_perception: perceived scientific consensus (0-100),ideology,Right(6-10),2022,28.0,78.393,4.139,0,100,0-100 slider,UNWEIGHTED (online sample),US CONTROL ARM ONLY
trust_in_biologists,gligoric2025,biologists: mean of credible + trustworthy (7pt),ALL,ALL,2024,245.0,76.497,1.414,1,7,"7-pt bipolar (credible/trustworthy), 2-item mean",UNWEIGHTED (US online quota panel),CONTROL ARM ONLY
trust_in_biologists,gligoric2025,biologists: mean of credible + trustworthy (7pt),age_band,18-29,2024,86.0,72.771,2.532,1,7,"7-pt bipolar (credible/trustworthy), 2-item mean",UNWEIGHTED (US online quota panel),CONTROL ARM ONLY
trust_in_biologists,gligoric2025,biologists: mean of credible + trustworthy (7pt),age_band,30-44,2024,57.0,77.632,2.664,1,7,"7-pt bipolar (credible/trustworthy), 2-item mean",UNWEIGHTED (US online quota panel),CONTROL ARM ONLY
trust_in_biologists,gligoric2025,biologists: mean of credible + trustworthy (7pt),age_band,45-59,2024,65.0,77.564,3.024,1,7,"7-pt bipolar (credible/trustworthy), 2-item mean",UNWEIGHTED (US online quota panel),CONTROL ARM ONLY
trust_in_biologists,gligoric2025,biologists: mean of credible + trustworthy (7pt),age_band,60+,2024,37.0,81.532,2.685,1,7,"7-pt bipolar (credible/trustworthy), 2-item mean",UNWEIGHTED (US online quota panel),CONTROL ARM ONLY
trust_in_biologists,gligoric2025,biologists: mean of credible + trustworthy (7pt),education,2,2024,75.0,73.556,2.596,1,7,"7-pt bipolar (credible/trustworthy), 2-item mean",UNWEIGHTED (US online quota panel),CONTROL ARM ONLY
trust_in_biologists,gligoric2025,biologists: mean of credible + trustworthy (7pt),education,3,2024,28.0,77.976,3.933,1,7,"7-pt bipolar (credible/trustworthy), 2-item mean",UNWEIGHTED (US online quota panel),CONTROL ARM ONLY
trust_in_biologists,gligoric2025,biologists: mean of credible + trustworthy (7pt),education,4,2024,61.0,81.831,2.544,1,7,"7-pt bipolar (credible/trustworthy), 2-item mean",UNWEIGHTED (US online quota panel),CONTROL ARM ONLY
trust_in_biologists,gligoric2025,biologists: mean of credible + trustworthy (7pt),education,6,2024,58.0,79.167,2.782,1,7,"7-pt bipolar (credible/trustworthy), 2-item mean",UNWEIGHTED (US online quota panel),CONTROL ARM ONLY
trust_in_biologists,gligoric2025,biologists: mean of credible + trustworthy (7pt),gender,1,2024,116.0,75.216,2.008,1,7,"7-pt bipolar (credible/trustworthy), 2-item mean",UNWEIGHTED (US online quota panel),CONTROL ARM ONLY
trust_in_biologists,gligoric2025,biologists: mean of credible + trustworthy (7pt),gender,2,2024,127.0,77.69,2.0,1,7,"7-pt bipolar (credible/trustworthy), 2-item mean",UNWEIGHTED (US online quota panel),CONTROL ARM ONLY
trust_in_biologists,gligoric2025,biologists: mean of credible + trustworthy (7pt),ideo2,Conservative(6-10),2024,129.0,74.806,1.909,1,7,"7-pt bipolar (credible/trustworthy), 2-item mean",UNWEIGHTED (US online quota panel),CONTROL ARM ONLY
trust_in_biologists,gligoric2025,biologists: mean of credible + trustworthy (7pt),ideo2,Liberal(1-5),2024,116.0,78.376,2.094,1,7,"7-pt bipolar (credible/trustworthy), 2-item mean",UNWEIGHTED (US online quota panel),CONTROL ARM ONLY
trust_in_biologists,gligoric2025,biologists: mean of credible + trustworthy (7pt),ideology,1-2 v.liberal,2024,43.0,83.721,3.463,1,7,"7-pt bipolar (credible/trustworthy), 2-item mean",UNWEIGHTED (US online quota panel),CONTROL ARM ONLY
trust_in_biologists,gligoric2025,biologists: mean of credible + trustworthy (7pt),ideology,3-4 liberal,2024,51.0,76.634,3.149,1,7,"7-pt bipolar (credible/trustworthy), 2-item mean",UNWEIGHTED (US online quota panel),CONTROL ARM ONLY
trust_in_biologists,gligoric2025,biologists: mean of credible + trustworthy (7pt),ideology,5-6 moderate,2024,49.0,71.259,3.16,1,7,"7-pt bipolar (credible/trustworthy), 2-item mean",UNWEIGHTED (US online quota panel),CONTROL ARM ONLY
trust_in_biologists,gligoric2025,biologists: mean of credible + trustworthy (7pt),ideology,7-8 conservative,2024,61.0,78.142,2.488,1,7,"7-pt bipolar (credible/trustworthy), 2-item mean",UNWEIGHTED (US online quota panel),CONTROL ARM ONLY
trust_in_biologists,gligoric2025,biologists: mean of credible + trustworthy (7pt),ideology,9-10 v.conservative,2024,41.0,72.561,3.661,1,7,"7-pt bipolar (credible/trustworthy), 2-item mean",UNWEIGHTED (US online quota panel),CONTROL ARM ONLY
trust_in_chemists,gligoric2025,chemists: mean of credible + trustworthy (7pt),ALL,ALL,2024,273.0,73.993,1.462,1,7,"7-pt bipolar (credible/trustworthy), 2-item mean",UNWEIGHTED (US online quota panel),CONTROL ARM ONLY
trust_in_chemists,gligoric2025,chemists: mean of credible + trustworthy (7pt),age_band,18-29,2024,79.0,73.418,2.548,1,7,"7-pt bipolar (credible/trustworthy), 2-item mean",UNWEIGHTED (US online quota panel),CONTROL ARM ONLY
trust_in_chemists,gligoric2025,chemists: mean of credible + trustworthy (7pt),age_band,30-44,2024,74.0,70.721,3.081,1,7,"7-pt bipolar (credible/trustworthy), 2-item mean",UNWEIGHTED (US online quota panel),CONTROL ARM ONLY
trust_in_chemists,gligoric2025,chemists: mean of credible + trustworthy (7pt),age_band,45-59,2024,64.0,77.995,2.841,1,7,"7-pt bipolar (credible/trustworthy), 2-item mean",UNWEIGHTED (US online quota panel),CONTROL ARM ONLY
trust_in_chemists,gligoric2025,chemists: mean of credible + trustworthy (7pt),age_band,60+,2024,56.0,74.554,3.272,1,7,"7-pt bipolar (credible/trustworthy), 2-item mean",UNWEIGHTED (US online quota panel),CONTROL ARM ONLY
trust_in_chemists,gligoric2025,chemists: mean of credible + trustworthy (7pt),education,2,2024,100.0,68.25,2.4,1,7,"7-pt bipolar (credible/trustworthy), 2-item mean",UNWEIGHTED (US online quota panel),CONTROL ARM ONLY
trust_in_chemists,gligoric2025,chemists: mean of credible + trustworthy (7pt),education,3,2024,39.0,74.786,3.83,1,7,"7-pt bipolar (credible/trustworthy), 2-item mean",UNWEIGHTED (US online quota panel),CONTROL ARM ONLY
trust_in_chemists,gligoric2025,chemists: mean of credible + trustworthy (7pt),education,4,2024,64.0,82.031,2.357,1,7,"7-pt bipolar (credible/trustworthy), 2-item mean",UNWEIGHTED (US online quota panel),CONTROL ARM ONLY
trust_in_chemists,gligoric2025,chemists: mean of credible + trustworthy (7pt),education,6,2024,49.0,80.952,3.205,1,7,"7-pt bipolar (credible/trustworthy), 2-item mean",UNWEIGHTED (US online quota panel),CONTROL ARM ONLY
trust_in_chemists,gligoric2025,chemists: mean of credible + trustworthy (7pt),gender,1,2024,137.0,75.791,2.006,1,7,"7-pt bipolar (credible/trustworthy), 2-item mean",UNWEIGHTED (US online quota panel),CONTROL ARM ONLY
trust_in_chemists,gligoric2025,chemists: mean of credible + trustworthy (7pt),gender,2,2024,136.0,72.181,2.124,1,7,"7-pt bipolar (credible/trustworthy), 2-item mean",UNWEIGHTED (US online quota panel),CONTROL ARM ONLY
trust_in_chemists,gligoric2025,chemists: mean of credible + trustworthy (7pt),ideo2,Conservative(6-10),2024,142.0,71.948,2.118,1,7,"7-pt bipolar (credible/trustworthy), 2-item mean",UNWEIGHTED (US online quota panel),CONTROL ARM ONLY
trust_in_chemists,gligoric2025,chemists: mean of credible + trustworthy (7pt),ideo2,Liberal(1-5),2024,131.0,76.209,1.993,1,7,"7-pt bipolar (credible/trustworthy), 2-item mean",UNWEIGHTED (US online quota panel),CONTROL ARM ONLY
trust_in_chemists,gligoric2025,chemists: mean of credible + trustworthy (7pt),ideology,1-2 v.liberal,2024,51.0,81.863,3.085,1,7,"7-pt bipolar (credible/trustworthy), 2-item mean",UNWEIGHTED (US online quota panel),CONTROL ARM ONLY
trust_in_chemists,gligoric2025,chemists: mean of credible + trustworthy (7pt),ideology,3-4 liberal,2024,63.0,73.148,2.735,1,7,"7-pt bipolar (credible/trustworthy), 2-item mean",UNWEIGHTED (US online quota panel),CONTROL ARM ONLY
trust_in_chemists,gligoric2025,chemists: mean of credible + trustworthy (7pt),ideology,5-6 moderate,2024,55.0,73.636,2.979,1,7,"7-pt bipolar (credible/trustworthy), 2-item mean",UNWEIGHTED (US online quota panel),CONTROL ARM ONLY
trust_in_chemists,gligoric2025,chemists: mean of credible + trustworthy (7pt),ideology,7-8 conservative,2024,59.0,75.706,3.231,1,7,"7-pt bipolar (credible/trustworthy), 2-item mean",UNWEIGHTED (US online quota panel),CONTROL ARM ONLY
trust_in_chemists,gligoric2025,chemists: mean of credible + trustworthy (7pt),ideology,9-10 v.conservative,2024,45.0,64.444,4.241,1,7,"7-pt bipolar (credible/trustworthy), 2-item mean",UNWEIGHTED (US online quota panel),CONTROL ARM ONLY
trust_in_climate_scientists,geiger2026_veckalov,scientist_trust: trust in climate scientists (1-7),ALL,ALL,2022,125.0,80.267,2.275,1,7,7-pt,UNWEIGHTED (online sample),US CONTROL ARM ONLY (n~125)
trust_in_climate_scientists,geiger2026_veckalov,scientist_trust: trust in climate scientists (1-7),age_band,18-29,2022,69.0,82.85,2.528,1,7,7-pt,UNWEIGHTED (online sample),US CONTROL ARM ONLY
trust_in_climate_scientists,geiger2026_veckalov,scientist_trust: trust in climate scientists (1-7),gender,Male,2022,83.0,82.932,2.523,1,7,7-pt,UNWEIGHTED (online sample),US CONTROL ARM ONLY
trust_in_climate_scientists,geiger2026_veckalov,scientist_trust: trust in climate scientists (1-7),ideology,Left(0-4),2022,78.0,90.385,1.734,1,7,7-pt,UNWEIGHTED (online sample),US CONTROL ARM ONLY
trust_in_climate_scientists,geiger2026_veckalov,scientist_trust: trust in climate scientists (1-7),ideology,Right(6-10),2022,28.0,57.143,5.841,1,7,7-pt,UNWEIGHTED (online sample),US CONTROL ARM ONLY
trust_in_climate_scientists,pew_atp_w135_topline,ENV26a climate scientists understand whether occurring (4pt),ALL,ALL,2016,,65.66,,1,4,4-pt understanding (very/fairly/not too/not at all well),Pew published weighted %,PUBLISHED AGGREGATE mean from published %
trust_in_climate_scientists,pew_atp_w135_topline,ENV26a climate scientists understand whether occurring (4pt),ALL,ALL,2016,,72.73,,0,100,"TOP-2-BOX % (very+fairly well) -- % units, NOT scale-range units",Pew published weighted %,PUBLISHED AGGREGATE top-2-box
trust_in_climate_scientists,pew_atp_w135_topline,ENV26a climate scientists understand whether occurring (4pt),ALL,ALL,2021,,67.0,,1,4,4-pt understanding (very/fairly/not too/not at all well),Pew published weighted %,PUBLISHED AGGREGATE mean from published %
trust_in_climate_scientists,pew_atp_w135_topline,ENV26a climate scientists understand whether occurring (4pt),ALL,ALL,2021,,72.0,,0,100,"TOP-2-BOX % (very+fairly well) -- % units, NOT scale-range units",Pew published weighted %,PUBLISHED AGGREGATE top-2-box
trust_in_climate_scientists,pew_atp_w135_topline,ENV26a climate scientists understand whether occurring (4pt),ALL,ALL,2023,8842.0,63.67,,1,4,4-pt understanding (very/fairly/not too/not at all well),Pew published weighted %,PUBLISHED AGGREGATE mean from published %
trust_in_climate_scientists,pew_atp_w135_topline,ENV26a climate scientists understand whether occurring (4pt),ALL,ALL,2023,8842.0,68.0,,0,100,"TOP-2-BOX % (very+fairly well) -- % units, NOT scale-range units",Pew published weighted %,PUBLISHED AGGREGATE top-2-box
trust_in_climate_scientists,pew_atp_w135_topline,ENV26a climate scientists understand whether occurring (4pt),education,College grad,2023,,38.0,,0,100,"%% saying ""VERY well"" only -- %% units",Pew published weighted %,PUBLISHED AGGREGATE; only the top box is published for this breakdown
trust_in_climate_scientists,pew_atp_w135_topline,ENV26a climate scientists understand whether occurring (4pt),education,HS or less,2023,,24.0,,0,100,"%% saying ""VERY well"" only -- %% units",Pew published weighted %,PUBLISHED AGGREGATE; only the top box is published for this breakdown
trust_in_climate_scientists,pew_atp_w135_topline,ENV26a climate scientists understand whether occurring (4pt),education,Postgrad,2023,,48.0,,0,100,"%% saying ""VERY well"" only -- %% units",Pew published weighted %,PUBLISHED AGGREGATE; only the top box is published for this breakdown
trust_in_climate_scientists,pew_atp_w135_topline,ENV26a climate scientists understand whether occurring (4pt),education,Some college,2023,,31.0,,0,100,"%% saying ""VERY well"" only -- %% units",Pew published weighted %,PUBLISHED AGGREGATE; only the top box is published for this breakdown
trust_in_climate_scientists,pew_atp_w135_topline,ENV26a climate scientists understand whether occurring (4pt),party_lean,Dem/lean Dem,2023,,79.0,,1,4,4-pt understanding (very/fairly/not too/not at all well),Pew published weighted %,PUBLISHED AGGREGATE mean from published % (bottom-2 split imputed from US-adult ratio 0.72)
trust_in_climate_scientists,pew_atp_w135_topline,ENV26a climate scientists understand whether occurring (4pt),party_lean,Dem/lean Dem,2023,,87.88,,0,100,"TOP-2-BOX % (very+fairly well) -- % units, NOT scale-range units",Pew published weighted %,PUBLISHED AGGREGATE top-2-box
trust_in_climate_scientists,pew_atp_w135_topline,ENV26a climate scientists understand whether occurring (4pt),party_lean,Rep/lean Rep,2023,,48.18,,1,4,4-pt understanding (very/fairly/not too/not at all well),Pew published weighted %,PUBLISHED AGGREGATE mean from published % (bottom-2 split imputed from US-adult ratio 0.72)
trust_in_climate_scientists,pew_atp_w135_topline,ENV26a climate scientists understand whether occurring (4pt),party_lean,Rep/lean Rep,2023,,47.96,,0,100,"TOP-2-BOX % (very+fairly well) -- % units, NOT scale-range units",Pew published weighted %,PUBLISHED AGGREGATE top-2-box
trust_in_climate_scientists,pew_atp_w135_topline,ENV26a climate scientists understand whether occurring (4pt),party_x_education,Dem/lean Dem x College grad,2023,,63.0,,0,100,"%% saying ""VERY well"" only -- %% units",Pew published weighted %,PUBLISHED AGGREGATE; only the top box is published for this breakdown
trust_in_climate_scientists,pew_atp_w135_topline,ENV26a climate scientists understand whether occurring (4pt),party_x_education,Dem/lean Dem x HS or less,2023,,36.0,,0,100,"%% saying ""VERY well"" only -- %% units",Pew published weighted %,PUBLISHED AGGREGATE; only the top box is published for this breakdown
trust_in_climate_scientists,pew_atp_w135_topline,ENV26a climate scientists understand whether occurring (4pt),party_x_education,Dem/lean Dem x Postgrad,2023,,72.0,,0,100,"%% saying ""VERY well"" only -- %% units",Pew published weighted %,PUBLISHED AGGREGATE; only the top box is published for this breakdown
trust_in_climate_scientists,pew_atp_w135_topline,ENV26a climate scientists understand whether occurring (4pt),party_x_education,Dem/lean Dem x Some college,2023,,52.0,,0,100,"%% saying ""VERY well"" only -- %% units",Pew published weighted %,PUBLISHED AGGREGATE; only the top box is published for this breakdown
trust_in_climate_scientists,pew_atp_w135_topline,ENV26a climate scientists understand whether occurring (4pt),party_x_education,Rep/lean Rep x College grad,2023,,12.0,,0,100,"%% saying ""VERY well"" only -- %% units",Pew published weighted %,PUBLISHED AGGREGATE; only the top box is published for this breakdown
trust_in_climate_scientists,pew_atp_w135_topline,ENV26a climate scientists understand whether occurring (4pt),party_x_education,Rep/lean Rep x HS or less,2023,,10.0,,0,100,"%% saying ""VERY well"" only -- %% units",Pew published weighted %,PUBLISHED AGGREGATE; only the top box is published for this breakdown
trust_in_climate_scientists,pew_atp_w135_topline,ENV26a climate scientists understand whether occurring (4pt),party_x_education,Rep/lean Rep x Postgrad,2023,,13.0,,0,100,"%% saying ""VERY well"" only -- %% units",Pew published weighted %,PUBLISHED AGGREGATE; only the top box is published for this breakdown
trust_in_climate_scientists,pew_atp_w135_topline,ENV26a climate scientists understand whether occurring (4pt),party_x_education,Rep/lean Rep x Some college,2023,,12.0,,0,100,"%% saying ""VERY well"" only -- %% units",Pew published weighted %,PUBLISHED AGGREGATE; only the top box is published for this breakdown
trust_in_climate_scientists,pew_atp_w135_topline,ENV26b climate scientists understand causes (4pt),ALL,ALL,2016,,62.63,,1,4,4-pt understanding (very/fairly/not too/not at all well),Pew published weighted %,PUBLISHED AGGREGATE mean from published %
trust_in_climate_scientists,pew_atp_w135_topline,ENV26b climate scientists understand causes (4pt),ALL,ALL,2016,,68.69,,0,100,"TOP-2-BOX % (very+fairly well) -- % units, NOT scale-range units",Pew published weighted %,PUBLISHED AGGREGATE top-2-box
trust_in_climate_scientists,pew_atp_w135_topline,ENV26b climate scientists understand causes (4pt),ALL,ALL,2021,,62.29,,1,4,4-pt understanding (very/fairly/not too/not at all well),Pew published weighted %,PUBLISHED AGGREGATE mean from published %
trust_in_climate_scientists,pew_atp_w135_topline,ENV26b climate scientists understand causes (4pt),ALL,ALL,2021,,67.68,,0,100,"TOP-2-BOX % (very+fairly well) -- % units, NOT scale-range units",Pew published weighted %,PUBLISHED AGGREGATE top-2-box
trust_in_climate_scientists,pew_atp_w135_topline,ENV26b climate scientists understand causes (4pt),ALL,ALL,2023,8842.0,59.26,,1,4,4-pt understanding (very/fairly/not too/not at all well),Pew published weighted %,PUBLISHED AGGREGATE mean from published %
trust_in_climate_scientists,pew_atp_w135_topline,ENV26b climate scientists understand causes (4pt),ALL,ALL,2023,8842.0,63.64,,0,100,"TOP-2-BOX % (very+fairly well) -- % units, NOT scale-range units",Pew published weighted %,PUBLISHED AGGREGATE top-2-box
trust_in_climate_scientists,pew_atp_w135_topline,ENV26b climate scientists understand causes (4pt),party_lean,Dem/lean Dem,2023,,73.94,,1,4,4-pt understanding (very/fairly/not too/not at all well),Pew published weighted %,PUBLISHED AGGREGATE mean from published % (bottom-2 split imputed from US-adult ratio 0.72)
trust_in_climate_scientists,pew_atp_w135_topline,ENV26b climate scientists understand causes (4pt),party_lean,Dem/lean Dem,2023,,85.0,,0,100,"TOP-2-BOX % (very+fairly well) -- % units, NOT scale-range units",Pew published weighted %,PUBLISHED AGGREGATE top-2-box
trust_in_climate_scientists,pew_atp_w135_topline,ENV26b climate scientists understand causes (4pt),party_lean,Rep/lean Rep,2023,,43.64,,1,4,4-pt understanding (very/fairly/not too/not at all well),Pew published weighted %,PUBLISHED AGGREGATE mean from published % (bottom-2 split imputed from US-adult ratio 0.72)
trust_in_climate_scientists,pew_atp_w135_topline,ENV26b climate scientists understand causes (4pt),party_lean,Rep/lean Rep,2023,,40.4,,0,100,"TOP-2-BOX % (very+fairly well) -- % units, NOT scale-range units",Pew published weighted %,PUBLISHED AGGREGATE top-2-box
trust_in_climate_scientists,pew_atp_w135_topline,ENV26c climate scientists understand best ways to address (4pt),ALL,ALL,2016,,58.25,,1,4,4-pt understanding (very/fairly/not too/not at all well),Pew published weighted %,PUBLISHED AGGREGATE mean from published %
trust_in_climate_scientists,pew_atp_w135_topline,ENV26c climate scientists understand best ways to address (4pt),ALL,ALL,2016,,64.65,,0,100,"TOP-2-BOX % (very+fairly well) -- % units, NOT scale-range units",Pew published weighted %,PUBLISHED AGGREGATE top-2-box
trust_in_climate_scientists,pew_atp_w135_topline,ENV26c climate scientists understand best ways to address (4pt),ALL,ALL,2021,,57.04,,1,4,4-pt understanding (very/fairly/not too/not at all well),Pew published weighted %,PUBLISHED AGGREGATE mean from published %
trust_in_climate_scientists,pew_atp_w135_topline,ENV26c climate scientists understand best ways to address (4pt),ALL,ALL,2021,,61.86,,0,100,"TOP-2-BOX % (very+fairly well) -- % units, NOT scale-range units",Pew published weighted %,PUBLISHED AGGREGATE top-2-box
trust_in_climate_scientists,pew_atp_w135_topline,ENV26c climate scientists understand best ways to address (4pt),ALL,ALL,2023,8842.0,50.84,,1,4,4-pt understanding (very/fairly/not too/not at all well),Pew published weighted %,PUBLISHED AGGREGATE mean from published %
trust_in_climate_scientists,pew_atp_w135_topline,ENV26c climate scientists understand best ways to address (4pt),ALL,ALL,2023,8842.0,52.53,,0,100,"TOP-2-BOX % (very+fairly well) -- % units, NOT scale-range units",Pew published weighted %,PUBLISHED AGGREGATE top-2-box
trust_in_climate_scientists,pew_atp_w135_topline,ENV26c climate scientists understand best ways to address (4pt),party_lean,Dem/lean Dem,2023,,64.09,,1,4,4-pt understanding (very/fairly/not too/not at all well),Pew published weighted %,PUBLISHED AGGREGATE mean from published % (bottom-2 split imputed from US-adult ratio 0.72)
trust_in_climate_scientists,pew_atp_w135_topline,ENV26c climate scientists understand best ways to address (4pt),party_lean,Dem/lean Dem,2023,,75.76,,0,100,"TOP-2-BOX % (very+fairly well) -- % units, NOT scale-range units",Pew published weighted %,PUBLISHED AGGREGATE top-2-box
trust_in_climate_scientists,pew_atp_w135_topline,ENV26c climate scientists understand best ways to address (4pt),party_lean,Rep/lean Rep,2023,,37.5,,1,4,4-pt understanding (very/fairly/not too/not at all well),Pew published weighted %,PUBLISHED AGGREGATE mean from published % (bottom-2 split imputed from US-adult ratio 0.72)
trust_in_climate_scientists,pew_atp_w135_topline,ENV26c climate scientists understand best ways to address (4pt),party_lean,Rep/lean Rep,2023,,28.28,,0,100,"TOP-2-BOX % (very+fairly well) -- % units, NOT scale-range units",Pew published weighted %,PUBLISHED AGGREGATE top-2-box
trust_in_climate_scientists,pew_atp_w135_topline,ENV26d climate scientists understand extreme weather (4pt),ALL,ALL,2023,8842.0,60.33,,1,4,4-pt understanding (very/fairly/not too/not at all well),Pew published weighted %,PUBLISHED AGGREGATE mean from published %
trust_in_climate_scientists,pew_atp_w135_topline,ENV26d climate scientists understand extreme weather (4pt),ALL,ALL,2023,8842.0,65.0,,0,100,"TOP-2-BOX % (very+fairly well) -- % units, NOT scale-range units",Pew published weighted %,PUBLISHED AGGREGATE top-2-box
trust_in_climate_scientists,pew_atp_w135_topline,ENV26d climate scientists understand extreme weather (4pt),party_lean,Dem/lean Dem,2023,,73.57,,1,4,4-pt understanding (very/fairly/not too/not at all well),Pew published weighted %,PUBLISHED AGGREGATE mean from published % (bottom-2 split imputed from US-adult ratio 0.71)
trust_in_climate_scientists,pew_atp_w135_topline,ENV26d climate scientists understand extreme weather (4pt),party_lean,Dem/lean Dem,2023,,85.0,,0,100,"TOP-2-BOX % (very+fairly well) -- % units, NOT scale-range units",Pew published weighted %,PUBLISHED AGGREGATE top-2-box
trust_in_climate_scientists,pew_atp_w135_topline,ENV26d climate scientists understand extreme weather (4pt),party_lean,Rep/lean Rep,2023,,45.36,,1,4,4-pt understanding (very/fairly/not too/not at all well),Pew published weighted %,PUBLISHED AGGREGATE mean from published % (bottom-2 split imputed from US-adult ratio 0.71)
trust_in_climate_scientists,pew_atp_w135_topline,ENV26d climate scientists understand extreme weather (4pt),party_lean,Rep/lean Rep,2023,,42.42,,0,100,"TOP-2-BOX % (very+fairly well) -- % units, NOT scale-range units",Pew published weighted %,PUBLISHED AGGREGATE top-2-box
trust_in_climate_scientists,tisp,CLIM_TRUST (1-5),ALL,ALL,2022-2023,2557.0,67.0149415251511,0.6539287837241431,1,5,1-5 agreement,WEIGHT_CNTRY (TISP country post-stratification weight),weighted overall US mean
trust_in_climate_scientists,tisp,CLIM_TRUST (1-5),age_band,18-29,2022-2023,435.0,66.06612021305956,1.513701636330333,1,5,1-5 agreement,WEIGHT_CNTRY (TISP country post-stratification weight),"US subsample, WEIGHT_CNTRY post-strat weight; no race/party in TISP"
trust_in_climate_scientists,tisp,CLIM_TRUST (1-5),age_band,30-44,2022-2023,766.0,76.80607505730836,0.9988425851397456,1,5,1-5 agreement,WEIGHT_CNTRY (TISP country post-stratification weight),"US subsample, WEIGHT_CNTRY post-strat weight; no race/party in TISP"
trust_in_climate_scientists,tisp,CLIM_TRUST (1-5),age_band,45-59,2022-2023,639.0,63.93932812964548,1.3334493294289511,1,5,1-5 agreement,WEIGHT_CNTRY (TISP country post-stratification weight),"US subsample, WEIGHT_CNTRY post-strat weight; no race/party in TISP"
trust_in_climate_scientists,tisp,CLIM_TRUST (1-5),age_band,60+,2022-2023,717.0,61.41017453879752,1.3019080988387206,1,5,1-5 agreement,WEIGHT_CNTRY (TISP country post-stratification weight),"US subsample, WEIGHT_CNTRY post-strat weight; no race/party in TISP"
trust_in_climate_scientists,tisp,CLIM_TRUST (1-5),education,EDU1 (lowest of 4),2022-2023,15.0,50.51868902779986,9.482722521027188,1,5,1-5 agreement,WEIGHT_CNTRY (TISP country post-stratification weight),"US subsample, WEIGHT_CNTRY post-strat weight; no race/party in TISP"
trust_in_climate_scientists,tisp,CLIM_TRUST (1-5),education,EDU2,2022-2023,97.0,65.80260419122503,3.6493452196743466,1,5,1-5 agreement,WEIGHT_CNTRY (TISP country post-stratification weight),"US subsample, WEIGHT_CNTRY post-strat weight; no race/party in TISP"
trust_in_climate_scientists,tisp,CLIM_TRUST (1-5),education,EDU3,2022-2023,1041.0,60.94624951270495,1.0191692307780482,1,5,1-5 agreement,WEIGHT_CNTRY (TISP country post-stratification weight),"US subsample, WEIGHT_CNTRY post-strat weight; no race/party in TISP"
trust_in_climate_scientists,tisp,CLIM_TRUST (1-5),education,EDU4 (highest of 4),2022-2023,1404.0,71.52444712075354,0.8615298542019407,1,5,1-5 agreement,WEIGHT_CNTRY (TISP country post-stratification weight),"US subsample, WEIGHT_CNTRY post-strat weight; no race/party in TISP"
trust_in_climate_scientists,tisp,CLIM_TRUST (1-5),gender,Female,2022-2023,1171.0,68.05530562417782,1.0109249213233389,1,5,1-5 agreement,WEIGHT_CNTRY (TISP country post-stratification weight),"US subsample, WEIGHT_CNTRY post-strat weight; no race/party in TISP"
trust_in_climate_scientists,tisp,CLIM_TRUST (1-5),gender,Male,2022-2023,1386.0,65.99415548862297,0.8333013542136327,1,5,1-5 agreement,WEIGHT_CNTRY (TISP country post-stratification weight),"US subsample, WEIGHT_CNTRY post-strat weight; no race/party in TISP"
trust_in_climate_scientists,tisp,CLIM_TRUST (1-5),ideology,Conservative,2022-2023,412.0,57.80855325167101,1.539160351808774,1,5,1-5 agreement,WEIGHT_CNTRY (TISP country post-stratification weight),"US subsample, WEIGHT_CNTRY post-strat weight; no race/party in TISP"
trust_in_climate_scientists,tisp,CLIM_TRUST (1-5),ideology,Liberal,2022-2023,303.0,75.85314529201278,1.353263944681164,1,5,1-5 agreement,WEIGHT_CNTRY (TISP country post-stratification weight),"US subsample, WEIGHT_CNTRY post-strat weight; no race/party in TISP"
trust_in_climate_scientists,tisp,CLIM_TRUST (1-5),ideology,Moderate,2022-2023,718.0,65.44614936619043,1.0859347753650253,1,5,1-5 agreement,WEIGHT_CNTRY (TISP country post-stratification weight),"US subsample, WEIGHT_CNTRY post-strat weight; no race/party in TISP"
trust_in_climate_scientists,tisp,CLIM_TRUST (1-5),ideology,Very conservative,2022-2023,565.0,62.80674283793816,1.667183792606118,1,5,1-5 agreement,WEIGHT_CNTRY (TISP country post-stratification weight),"US subsample, WEIGHT_CNTRY post-strat weight; no race/party in TISP"
trust_in_climate_scientists,tisp,CLIM_TRUST (1-5),ideology,Very liberal,2022-2023,363.0,84.97392493512363,1.5359435441939076,1,5,1-5 agreement,WEIGHT_CNTRY (TISP country post-stratification weight),"US subsample, WEIGHT_CNTRY post-strat weight; no race/party in TISP"
trust_in_climate_scientists,tisp,CLIM_TRUST (1-5),income,"$100,000 to $167,999",2022-2023,397.0,77.95366475407346,1.6035986697813178,1,5,1-5 agreement,WEIGHT_CNTRY (TISP country post-stratification weight),"US subsample, WEIGHT_CNTRY post-strat weight; no race/party in TISP"
trust_in_climate_scientists,tisp,CLIM_TRUST (1-5),income,"$168,000 or more",2022-2023,168.0,79.25911887116204,2.270680543917252,1,5,1-5 agreement,WEIGHT_CNTRY (TISP country post-stratification weight),"US subsample, WEIGHT_CNTRY post-strat weight; no race/party in TISP"
trust_in_climate_scientists,tisp,CLIM_TRUST (1-5),income,"$30,000 to $55,999",2022-2023,625.0,61.87501737754648,1.3090894318627075,1,5,1-5 agreement,WEIGHT_CNTRY (TISP country post-stratification weight),"US subsample, WEIGHT_CNTRY post-strat weight; no race/party in TISP"
trust_in_climate_scientists,tisp,CLIM_TRUST (1-5),income,"$56,000 to $99,999",2022-2023,472.0,66.62538252689997,1.5086603760565531,1,5,1-5 agreement,WEIGHT_CNTRY (TISP country post-stratification weight),"US subsample, WEIGHT_CNTRY post-strat weight; no race/party in TISP"
trust_in_climate_scientists,tisp,CLIM_TRUST (1-5),income,"Less than $30,000",2022-2023,839.0,63.86424655304693,1.1455569069119502,1,5,1-5 agreement,WEIGHT_CNTRY (TISP country post-stratification weight),"US subsample, WEIGHT_CNTRY post-strat weight; no race/party in TISP"
trust_in_climatologists,gligoric2025,climatologists: mean of credible + trustworthy (7pt),ALL,ALL,2024,248.0,61.828,1.847,1,7,"7-pt bipolar (credible/trustworthy), 2-item mean",UNWEIGHTED (US online quota panel),CONTROL ARM ONLY
trust_in_climatologists,gligoric2025,climatologists: mean of credible + trustworthy (7pt),age_band,18-29,2024,90.0,60.185,2.768,1,7,"7-pt bipolar (credible/trustworthy), 2-item mean",UNWEIGHTED (US online quota panel),CONTROL ARM ONLY
trust_in_climatologists,gligoric2025,climatologists: mean of credible + trustworthy (7pt),age_band,30-44,2024,69.0,64.976,3.478,1,7,"7-pt bipolar (credible/trustworthy), 2-item mean",UNWEIGHTED (US online quota panel),CONTROL ARM ONLY
trust_in_climatologists,gligoric2025,climatologists: mean of credible + trustworthy (7pt),age_band,45-59,2024,44.0,57.955,4.929,1,7,"7-pt bipolar (credible/trustworthy), 2-item mean",UNWEIGHTED (US online quota panel),CONTROL ARM ONLY
trust_in_climatologists,gligoric2025,climatologists: mean of credible + trustworthy (7pt),age_band,60+,2024,45.0,64.074,4.662,1,7,"7-pt bipolar (credible/trustworthy), 2-item mean",UNWEIGHTED (US online quota panel),CONTROL ARM ONLY
trust_in_climatologists,gligoric2025,climatologists: mean of credible + trustworthy (7pt),education,2,2024,85.0,59.608,3.133,1,7,"7-pt bipolar (credible/trustworthy), 2-item mean",UNWEIGHTED (US online quota panel),CONTROL ARM ONLY
trust_in_climatologists,gligoric2025,climatologists: mean of credible + trustworthy (7pt),education,3,2024,39.0,62.179,3.71,1,7,"7-pt bipolar (credible/trustworthy), 2-item mean",UNWEIGHTED (US online quota panel),CONTROL ARM ONLY
trust_in_climatologists,gligoric2025,climatologists: mean of credible + trustworthy (7pt),education,4,2024,60.0,67.5,3.683,1,7,"7-pt bipolar (credible/trustworthy), 2-item mean",UNWEIGHTED (US online quota panel),CONTROL ARM ONLY
trust_in_climatologists,gligoric2025,climatologists: mean of credible + trustworthy (7pt),education,6,2024,44.0,63.826,4.716,1,7,"7-pt bipolar (credible/trustworthy), 2-item mean",UNWEIGHTED (US online quota panel),CONTROL ARM ONLY
trust_in_climatologists,gligoric2025,climatologists: mean of credible + trustworthy (7pt),gender,1,2024,108.0,60.185,2.969,1,7,"7-pt bipolar (credible/trustworthy), 2-item mean",UNWEIGHTED (US online quota panel),CONTROL ARM ONLY
trust_in_climatologists,gligoric2025,climatologists: mean of credible + trustworthy (7pt),gender,2,2024,139.0,63.07,2.357,1,7,"7-pt bipolar (credible/trustworthy), 2-item mean",UNWEIGHTED (US online quota panel),CONTROL ARM ONLY
trust_in_climatologists,gligoric2025,climatologists: mean of credible + trustworthy (7pt),ideo2,Conservative(6-10),2024,131.0,54.198,2.579,1,7,"7-pt bipolar (credible/trustworthy), 2-item mean",UNWEIGHTED (US online quota panel),CONTROL ARM ONLY
trust_in_climatologists,gligoric2025,climatologists: mean of credible + trustworthy (7pt),ideo2,Liberal(1-5),2024,117.0,70.37,2.42,1,7,"7-pt bipolar (credible/trustworthy), 2-item mean",UNWEIGHTED (US online quota panel),CONTROL ARM ONLY
trust_in_climatologists,gligoric2025,climatologists: mean of credible + trustworthy (7pt),ideology,1-2 v.liberal,2024,42.0,72.222,4.559,1,7,"7-pt bipolar (credible/trustworthy), 2-item mean",UNWEIGHTED (US online quota panel),CONTROL ARM ONLY
trust_in_climatologists,gligoric2025,climatologists: mean of credible + trustworthy (7pt),ideology,3-4 liberal,2024,55.0,70.606,3.3,1,7,"7-pt bipolar (credible/trustworthy), 2-item mean",UNWEIGHTED (US online quota panel),CONTROL ARM ONLY
trust_in_climatologists,gligoric2025,climatologists: mean of credible + trustworthy (7pt),ideology,5-6 moderate,2024,49.0,58.163,4.048,1,7,"7-pt bipolar (credible/trustworthy), 2-item mean",UNWEIGHTED (US online quota panel),CONTROL ARM ONLY
trust_in_climatologists,gligoric2025,climatologists: mean of credible + trustworthy (7pt),ideology,7-8 conservative,2024,62.0,54.839,3.689,1,7,"7-pt bipolar (credible/trustworthy), 2-item mean",UNWEIGHTED (US online quota panel),CONTROL ARM ONLY
trust_in_climatologists,gligoric2025,climatologists: mean of credible + trustworthy (7pt),ideology,9-10 v.conservative,2024,40.0,54.167,4.802,1,7,"7-pt bipolar (credible/trustworthy), 2-item mean",UNWEIGHTED (US online quota panel),CONTROL ARM ONLY
trust_in_ecologists,gligoric2025,ecologists: mean of credible + trustworthy (7pt),ALL,ALL,2024,262.0,68.925,1.391,1,7,"7-pt bipolar (credible/trustworthy), 2-item mean",UNWEIGHTED (US online quota panel),CONTROL ARM ONLY
trust_in_ecologists,gligoric2025,ecologists: mean of credible + trustworthy (7pt),age_band,18-29,2024,85.0,66.961,2.298,1,7,"7-pt bipolar (credible/trustworthy), 2-item mean",UNWEIGHTED (US online quota panel),CONTROL ARM ONLY
trust_in_ecologists,gligoric2025,ecologists: mean of credible + trustworthy (7pt),age_band,30-44,2024,78.0,68.91,2.45,1,7,"7-pt bipolar (credible/trustworthy), 2-item mean",UNWEIGHTED (US online quota panel),CONTROL ARM ONLY
trust_in_ecologists,gligoric2025,ecologists: mean of credible + trustworthy (7pt),age_band,45-59,2024,56.0,69.048,3.429,1,7,"7-pt bipolar (credible/trustworthy), 2-item mean",UNWEIGHTED (US online quota panel),CONTROL ARM ONLY
trust_in_ecologists,gligoric2025,ecologists: mean of credible + trustworthy (7pt),age_band,60+,2024,43.0,72.674,3.445,1,7,"7-pt bipolar (credible/trustworthy), 2-item mean",UNWEIGHTED (US online quota panel),CONTROL ARM ONLY
trust_in_ecologists,gligoric2025,ecologists: mean of credible + trustworthy (7pt),education,2,2024,79.0,66.561,2.62,1,7,"7-pt bipolar (credible/trustworthy), 2-item mean",UNWEIGHTED (US online quota panel),CONTROL ARM ONLY
trust_in_ecologists,gligoric2025,ecologists: mean of credible + trustworthy (7pt),education,3,2024,43.0,64.535,3.409,1,7,"7-pt bipolar (credible/trustworthy), 2-item mean",UNWEIGHTED (US online quota panel),CONTROL ARM ONLY
trust_in_ecologists,gligoric2025,ecologists: mean of credible + trustworthy (7pt),education,4,2024,53.0,73.27,3.056,1,7,"7-pt bipolar (credible/trustworthy), 2-item mean",UNWEIGHTED (US online quota panel),CONTROL ARM ONLY
trust_in_ecologists,gligoric2025,ecologists: mean of credible + trustworthy (7pt),education,6,2024,62.0,72.581,2.74,1,7,"7-pt bipolar (credible/trustworthy), 2-item mean",UNWEIGHTED (US online quota panel),CONTROL ARM ONLY
trust_in_ecologists,gligoric2025,ecologists: mean of credible + trustworthy (7pt),gender,1,2024,133.0,68.233,1.941,1,7,"7-pt bipolar (credible/trustworthy), 2-item mean",UNWEIGHTED (US online quota panel),CONTROL ARM ONLY
trust_in_ecologists,gligoric2025,ecologists: mean of credible + trustworthy (7pt),gender,2,2024,128.0,69.531,2.013,1,7,"7-pt bipolar (credible/trustworthy), 2-item mean",UNWEIGHTED (US online quota panel),CONTROL ARM ONLY
trust_in_ecologists,gligoric2025,ecologists: mean of credible + trustworthy (7pt),ideo2,Conservative(6-10),2024,130.0,64.679,1.956,1,7,"7-pt bipolar (credible/trustworthy), 2-item mean",UNWEIGHTED (US online quota panel),CONTROL ARM ONLY
trust_in_ecologists,gligoric2025,ecologists: mean of credible + trustworthy (7pt),ideo2,Liberal(1-5),2024,132.0,73.106,1.917,1,7,"7-pt bipolar (credible/trustworthy), 2-item mean",UNWEIGHTED (US online quota panel),CONTROL ARM ONLY
trust_in_ecologists,gligoric2025,ecologists: mean of credible + trustworthy (7pt),ideology,1-2 v.liberal,2024,48.0,77.604,3.265,1,7,"7-pt bipolar (credible/trustworthy), 2-item mean",UNWEIGHTED (US online quota panel),CONTROL ARM ONLY
trust_in_ecologists,gligoric2025,ecologists: mean of credible + trustworthy (7pt),ideology,3-4 liberal,2024,63.0,69.974,2.73,1,7,"7-pt bipolar (credible/trustworthy), 2-item mean",UNWEIGHTED (US online quota panel),CONTROL ARM ONLY
trust_in_ecologists,gligoric2025,ecologists: mean of credible + trustworthy (7pt),ideology,5-6 moderate,2024,45.0,66.852,2.784,1,7,"7-pt bipolar (credible/trustworthy), 2-item mean",UNWEIGHTED (US online quota panel),CONTROL ARM ONLY
trust_in_ecologists,gligoric2025,ecologists: mean of credible + trustworthy (7pt),ideology,7-8 conservative,2024,67.0,68.905,2.674,1,7,"7-pt bipolar (credible/trustworthy), 2-item mean",UNWEIGHTED (US online quota panel),CONTROL ARM ONLY
trust_in_ecologists,gligoric2025,ecologists: mean of credible + trustworthy (7pt),ideology,9-10 v.conservative,2024,39.0,58.974,4.066,1,7,"7-pt bipolar (credible/trustworthy), 2-item mean",UNWEIGHTED (US online quota panel),CONTROL ARM ONLY
trust_in_environmental_scientists,gligoric2025,environmental scientists: mean of credible + trustworthy (7pt),ALL,ALL,2024,293.0,68.174,1.618,1,7,"7-pt bipolar (credible/trustworthy), 2-item mean",UNWEIGHTED (US online quota panel),CONTROL ARM ONLY
trust_in_environmental_scientists,gligoric2025,environmental scientists: mean of credible + trustworthy (7pt),age_band,18-29,2024,91.0,73.352,2.377,1,7,"7-pt bipolar (credible/trustworthy), 2-item mean",UNWEIGHTED (US online quota panel),CONTROL ARM ONLY
trust_in_environmental_scientists,gligoric2025,environmental scientists: mean of credible + trustworthy (7pt),age_band,30-44,2024,80.0,66.25,2.998,1,7,"7-pt bipolar (credible/trustworthy), 2-item mean",UNWEIGHTED (US online quota panel),CONTROL ARM ONLY
trust_in_environmental_scientists,gligoric2025,environmental scientists: mean of credible + trustworthy (7pt),age_band,45-59,2024,72.0,61.574,3.829,1,7,"7-pt bipolar (credible/trustworthy), 2-item mean",UNWEIGHTED (US online quota panel),CONTROL ARM ONLY
trust_in_environmental_scientists,gligoric2025,environmental scientists: mean of credible + trustworthy (7pt),age_band,60+,2024,49.0,71.599,4.087,1,7,"7-pt bipolar (credible/trustworthy), 2-item mean",UNWEIGHTED (US online quota panel),CONTROL ARM ONLY
trust_in_environmental_scientists,gligoric2025,environmental scientists: mean of credible + trustworthy (7pt),education,2,2024,91.0,69.872,2.98,1,7,"7-pt bipolar (credible/trustworthy), 2-item mean",UNWEIGHTED (US online quota panel),CONTROL ARM ONLY
trust_in_environmental_scientists,gligoric2025,environmental scientists: mean of credible + trustworthy (7pt),education,3,2024,48.0,73.958,3.39,1,7,"7-pt bipolar (credible/trustworthy), 2-item mean",UNWEIGHTED (US online quota panel),CONTROL ARM ONLY
trust_in_environmental_scientists,gligoric2025,environmental scientists: mean of credible + trustworthy (7pt),education,4,2024,68.0,69.485,3.194,1,7,"7-pt bipolar (credible/trustworthy), 2-item mean",UNWEIGHTED (US online quota panel),CONTROL ARM ONLY
trust_in_environmental_scientists,gligoric2025,environmental scientists: mean of credible + trustworthy (7pt),education,6,2024,62.0,62.366,3.793,1,7,"7-pt bipolar (credible/trustworthy), 2-item mean",UNWEIGHTED (US online quota panel),CONTROL ARM ONLY
trust_in_environmental_scientists,gligoric2025,environmental scientists: mean of credible + trustworthy (7pt),gender,1,2024,141.0,68.558,2.456,1,7,"7-pt bipolar (credible/trustworthy), 2-item mean",UNWEIGHTED (US online quota panel),CONTROL ARM ONLY
trust_in_environmental_scientists,gligoric2025,environmental scientists: mean of credible + trustworthy (7pt),gender,2,2024,151.0,67.715,2.148,1,7,"7-pt bipolar (credible/trustworthy), 2-item mean",UNWEIGHTED (US online quota panel),CONTROL ARM ONLY
trust_in_environmental_scientists,gligoric2025,environmental scientists: mean of credible + trustworthy (7pt),ideo2,Conservative(6-10),2024,157.0,60.722,2.297,1,7,"7-pt bipolar (credible/trustworthy), 2-item mean",UNWEIGHTED (US online quota panel),CONTROL ARM ONLY
trust_in_environmental_scientists,gligoric2025,environmental scientists: mean of credible + trustworthy (7pt),ideo2,Liberal(1-5),2024,136.0,76.777,2.033,1,7,"7-pt bipolar (credible/trustworthy), 2-item mean",UNWEIGHTED (US online quota panel),CONTROL ARM ONLY
trust_in_environmental_scientists,gligoric2025,environmental scientists: mean of credible + trustworthy (7pt),ideology,1-2 v.liberal,2024,48.0,83.854,3.397,1,7,"7-pt bipolar (credible/trustworthy), 2-item mean",UNWEIGHTED (US online quota panel),CONTROL ARM ONLY
trust_in_environmental_scientists,gligoric2025,environmental scientists: mean of credible + trustworthy (7pt),ideology,3-4 liberal,2024,68.0,74.142,2.922,1,7,"7-pt bipolar (credible/trustworthy), 2-item mean",UNWEIGHTED (US online quota panel),CONTROL ARM ONLY
trust_in_environmental_scientists,gligoric2025,environmental scientists: mean of credible + trustworthy (7pt),ideology,5-6 moderate,2024,52.0,64.263,3.149,1,7,"7-pt bipolar (credible/trustworthy), 2-item mean",UNWEIGHTED (US online quota panel),CONTROL ARM ONLY
trust_in_environmental_scientists,gligoric2025,environmental scientists: mean of credible + trustworthy (7pt),ideology,7-8 conservative,2024,77.0,61.797,3.185,1,7,"7-pt bipolar (credible/trustworthy), 2-item mean",UNWEIGHTED (US online quota panel),CONTROL ARM ONLY
trust_in_environmental_scientists,gligoric2025,environmental scientists: mean of credible + trustworthy (7pt),ideology,9-10 v.conservative,2024,48.0,58.507,4.737,1,7,"7-pt bipolar (credible/trustworthy), 2-item mean",UNWEIGHTED (US online quota panel),CONTROL ARM ONLY
trust_in_environmental_scientists,pew_atp_w42,"RQ4_F1B 5-item mean env research scientists (4pt, reversed)",ALL,ALL,2019,2201.0,67.214,0.642,1,4,"4-pt frequency, 5-item composite",WEIGHT_W42,Form 1B half-sample
trust_in_environmental_scientists,pew_atp_w42,"RQ4_F1B 5-item mean env research scientists (4pt, reversed)",age_band,18 to 29,2019,370.0,70.554,1.443,1,4,"4-pt frequency, 5-item composite",WEIGHT_W42,Form 1B half-sample
trust_in_environmental_scientists,pew_atp_w42,"RQ4_F1B 5-item mean env research scientists (4pt, reversed)",age_band,30 to 49,2019,702.0,65.638,1.236,1,4,"4-pt frequency, 5-item composite",WEIGHT_W42,Form 1B half-sample
trust_in_environmental_scientists,pew_atp_w42,"RQ4_F1B 5-item mean env research scientists (4pt, reversed)",age_band,50 to 64,2019,634.0,65.643,1.152,1,4,"4-pt frequency, 5-item composite",WEIGHT_W42,Form 1B half-sample
trust_in_environmental_scientists,pew_atp_w42,"RQ4_F1B 5-item mean env research scientists (4pt, reversed)",age_band,65 or older,2019,492.0,68.434,1.192,1,4,"4-pt frequency, 5-item composite",WEIGHT_W42,Form 1B half-sample
trust_in_environmental_scientists,pew_atp_w42,"RQ4_F1B 5-item mean env research scientists (4pt, reversed)",education,Associate's degree,2019,195.0,68.986,1.861,1,4,"4-pt frequency, 5-item composite",WEIGHT_W42,Form 1B half-sample
trust_in_environmental_scientists,pew_atp_w42,"RQ4_F1B 5-item mean env research scientists (4pt, reversed)",education,College graduate/some post grad,2019,453.0,70.003,1.227,1,4,"4-pt frequency, 5-item composite",WEIGHT_W42,Form 1B half-sample
trust_in_environmental_scientists,pew_atp_w42,"RQ4_F1B 5-item mean env research scientists (4pt, reversed)",education,High school graduate,2019,652.0,63.222,1.282,1,4,"4-pt frequency, 5-item composite",WEIGHT_W42,Form 1B half-sample
trust_in_environmental_scientists,pew_atp_w42,"RQ4_F1B 5-item mean env research scientists (4pt, reversed)",education,Less than high school,2019,156.0,64.977,2.688,1,4,"4-pt frequency, 5-item composite",WEIGHT_W42,Form 1B half-sample
trust_in_environmental_scientists,pew_atp_w42,"RQ4_F1B 5-item mean env research scientists (4pt, reversed)",education,Postgraduate,2019,323.0,70.691,1.857,1,4,"4-pt frequency, 5-item composite",WEIGHT_W42,Form 1B half-sample
trust_in_environmental_scientists,pew_atp_w42,"RQ4_F1B 5-item mean env research scientists (4pt, reversed)",education,"Some college, no degree",2019,419.0,68.744,1.233,1,4,"4-pt frequency, 5-item composite",WEIGHT_W42,Form 1B half-sample
trust_in_environmental_scientists,pew_atp_w42,"RQ4_F1B 5-item mean env research scientists (4pt, reversed)",education3,College graduate or more,2019,776.0,70.288,1.052,1,4,"4-pt frequency, 5-item composite",WEIGHT_W42,Form 1B half-sample
trust_in_environmental_scientists,pew_atp_w42,"RQ4_F1B 5-item mean env research scientists (4pt, reversed)",education3,H.S. graduate or less,2019,808.0,63.623,1.165,1,4,"4-pt frequency, 5-item composite",WEIGHT_W42,Form 1B half-sample
trust_in_environmental_scientists,pew_atp_w42,"RQ4_F1B 5-item mean env research scientists (4pt, reversed)",education3,Some college,2019,614.0,68.824,1.028,1,4,"4-pt frequency, 5-item composite",WEIGHT_W42,Form 1B half-sample
trust_in_environmental_scientists,pew_atp_w42,"RQ4_F1B 5-item mean env research scientists (4pt, reversed)",gender,Female,2019,1221.0,68.161,0.84,1,4,"4-pt frequency, 5-item composite",WEIGHT_W42,Form 1B half-sample
trust_in_environmental_scientists,pew_atp_w42,"RQ4_F1B 5-item mean env research scientists (4pt, reversed)",gender,Male,2019,978.0,66.226,0.977,1,4,"4-pt frequency, 5-item composite",WEIGHT_W42,Form 1B half-sample
trust_in_environmental_scientists,pew_atp_w42,"RQ4_F1B 5-item mean env research scientists (4pt, reversed)",ideology,Conservative,2019,510.0,58.417,1.223,1,4,"4-pt frequency, 5-item composite",WEIGHT_W42,Form 1B half-sample
trust_in_environmental_scientists,pew_atp_w42,"RQ4_F1B 5-item mean env research scientists (4pt, reversed)",ideology,Liberal,2019,419.0,75.801,1.298,1,4,"4-pt frequency, 5-item composite",WEIGHT_W42,Form 1B half-sample
trust_in_environmental_scientists,pew_atp_w42,"RQ4_F1B 5-item mean env research scientists (4pt, reversed)",ideology,Moderate,2019,838.0,68.556,1.012,1,4,"4-pt frequency, 5-item composite",WEIGHT_W42,Form 1B half-sample
trust_in_environmental_scientists,pew_atp_w42,"RQ4_F1B 5-item mean env research scientists (4pt, reversed)",ideology,Very conservative,2019,179.0,53.847,2.132,1,4,"4-pt frequency, 5-item composite",WEIGHT_W42,Form 1B half-sample
trust_in_environmental_scientists,pew_atp_w42,"RQ4_F1B 5-item mean env research scientists (4pt, reversed)",ideology,Very liberal,2019,202.0,78.206,2.399,1,4,"4-pt frequency, 5-item composite",WEIGHT_W42,Form 1B half-sample
trust_in_environmental_scientists,pew_atp_w42,"RQ4_F1B 5-item mean env research scientists (4pt, reversed)",income,"$30-$74,999",2019,807.0,67.353,0.96,1,4,"4-pt frequency, 5-item composite",WEIGHT_W42,Form 1B half-sample
trust_in_environmental_scientists,pew_atp_w42,"RQ4_F1B 5-item mean env research scientists (4pt, reversed)",income,"$75,000+",2019,692.0,69.74,1.013,1,4,"4-pt frequency, 5-item composite",WEIGHT_W42,Form 1B half-sample
trust_in_environmental_scientists,pew_atp_w42,"RQ4_F1B 5-item mean env research scientists (4pt, reversed)",income,"Less than $30,000",2019,616.0,64.966,1.412,1,4,"4-pt frequency, 5-item composite",WEIGHT_W42,Form 1B half-sample
trust_in_environmental_scientists,pew_atp_w42,"RQ4_F1B 5-item mean env research scientists (4pt, reversed)",party,Democrat,2019,796.0,75.126,0.977,1,4,"4-pt frequency, 5-item composite",WEIGHT_W42,Form 1B half-sample
trust_in_environmental_scientists,pew_atp_w42,"RQ4_F1B 5-item mean env research scientists (4pt, reversed)",party,Independent,2019,536.0,67.653,1.215,1,4,"4-pt frequency, 5-item composite",WEIGHT_W42,Form 1B half-sample
trust_in_environmental_scientists,pew_atp_w42,"RQ4_F1B 5-item mean env research scientists (4pt, reversed)",party,Republican,2019,578.0,59.098,1.094,1,4,"4-pt frequency, 5-item composite",WEIGHT_W42,Form 1B half-sample
trust_in_environmental_scientists,pew_atp_w42,"RQ4_F1B 5-item mean env research scientists (4pt, reversed)",party_lean,Dem/Lean Dem,2019,1191.0,73.648,0.811,1,4,"4-pt frequency, 5-item composite",WEIGHT_W42,Form 1B half-sample
trust_in_environmental_scientists,pew_atp_w42,"RQ4_F1B 5-item mean env research scientists (4pt, reversed)",party_lean,Rep/Lean Rep,2019,905.0,58.713,0.945,1,4,"4-pt frequency, 5-item composite",WEIGHT_W42,Form 1B half-sample
trust_in_environmental_scientists,pew_atp_w42,"RQ4_F1B 5-item mean env research scientists (4pt, reversed)",race,Black non-Hispanic,2019,264.0,67.666,1.711,1,4,"4-pt frequency, 5-item composite",WEIGHT_W42,Form 1B half-sample
trust_in_environmental_scientists,pew_atp_w42,"RQ4_F1B 5-item mean env research scientists (4pt, reversed)",race,Hispanic,2019,346.0,66.765,1.932,1,4,"4-pt frequency, 5-item composite",WEIGHT_W42,Form 1B half-sample
trust_in_environmental_scientists,pew_atp_w42,"RQ4_F1B 5-item mean env research scientists (4pt, reversed)",race,Other,2019,136.0,66.71,2.862,1,4,"4-pt frequency, 5-item composite",WEIGHT_W42,Form 1B half-sample
trust_in_environmental_scientists,pew_atp_w42,"RQ4_F1B 5-item mean env research scientists (4pt, reversed)",race,White non-Hispanic,2019,1432.0,67.375,0.748,1,4,"4-pt frequency, 5-item composite",WEIGHT_W42,Form 1B half-sample
trust_in_environmental_scientists,pew_atp_w42,"RQ4_F1BA_W42 env research scientists: does good research (4pt, reversed)",ALL,ALL,2019,2189.0,75.369,0.715,1,4,4-pt frequency (all or most/some/only a little/none of the time),WEIGHT_W42,Form 1B half-sample (n~2226)
trust_in_environmental_scientists,pew_atp_w42,"RQ4_F1BA_W42 env research scientists: does good research (4pt, reversed)",age_band,18 to 29,2019,369.0,76.743,1.904,1,4,4-pt frequency (all or most/some/only a little/none of the time),WEIGHT_W42,Form 1B half-sample (n~2226)
trust_in_environmental_scientists,pew_atp_w42,"RQ4_F1BA_W42 env research scientists: does good research (4pt, reversed)",age_band,30 to 49,2019,700.0,73.393,1.284,1,4,4-pt frequency (all or most/some/only a little/none of the time),WEIGHT_W42,Form 1B half-sample (n~2226)
trust_in_environmental_scientists,pew_atp_w42,"RQ4_F1BA_W42 env research scientists: does good research (4pt, reversed)",age_band,50 to 64,2019,631.0,74.839,1.224,1,4,4-pt frequency (all or most/some/only a little/none of the time),WEIGHT_W42,Form 1B half-sample (n~2226)
trust_in_environmental_scientists,pew_atp_w42,"RQ4_F1BA_W42 env research scientists: does good research (4pt, reversed)",age_band,65 or older,2019,486.0,77.957,1.293,1,4,4-pt frequency (all or most/some/only a little/none of the time),WEIGHT_W42,Form 1B half-sample (n~2226)
trust_in_environmental_scientists,pew_atp_w42,"RQ4_F1BA_W42 env research scientists: does good research (4pt, reversed)",education,Associate's degree,2019,195.0,76.532,2.071,1,4,4-pt frequency (all or most/some/only a little/none of the time),WEIGHT_W42,Form 1B half-sample (n~2226)
trust_in_environmental_scientists,pew_atp_w42,"RQ4_F1BA_W42 env research scientists: does good research (4pt, reversed)",education,College graduate/some post grad,2019,451.0,78.474,1.306,1,4,4-pt frequency (all or most/some/only a little/none of the time),WEIGHT_W42,Form 1B half-sample (n~2226)
trust_in_environmental_scientists,pew_atp_w42,"RQ4_F1BA_W42 env research scientists: does good research (4pt, reversed)",education,High school graduate,2019,646.0,72.181,1.33,1,4,4-pt frequency (all or most/some/only a little/none of the time),WEIGHT_W42,Form 1B half-sample (n~2226)
trust_in_environmental_scientists,pew_atp_w42,"RQ4_F1BA_W42 env research scientists: does good research (4pt, reversed)",education,Less than high school,2019,155.0,71.309,3.029,1,4,4-pt frequency (all or most/some/only a little/none of the time),WEIGHT_W42,Form 1B half-sample (n~2226)
trust_in_environmental_scientists,pew_atp_w42,"RQ4_F1BA_W42 env research scientists: does good research (4pt, reversed)",education,Postgraduate,2019,322.0,78.536,1.936,1,4,4-pt frequency (all or most/some/only a little/none of the time),WEIGHT_W42,Form 1B half-sample (n~2226)
trust_in_environmental_scientists,pew_atp_w42,"RQ4_F1BA_W42 env research scientists: does good research (4pt, reversed)",education,"Some college, no degree",2019,417.0,76.677,1.673,1,4,4-pt frequency (all or most/some/only a little/none of the time),WEIGHT_W42,Form 1B half-sample (n~2226)
trust_in_environmental_scientists,pew_atp_w42,"RQ4_F1BA_W42 env research scientists: does good research (4pt, reversed)",education3,College graduate or more,2019,773.0,78.499,1.106,1,4,4-pt frequency (all or most/some/only a little/none of the time),WEIGHT_W42,Form 1B half-sample (n~2226)
trust_in_environmental_scientists,pew_atp_w42,"RQ4_F1BA_W42 env research scientists: does good research (4pt, reversed)",education3,H.S. graduate or less,2019,801.0,71.983,1.236,1,4,4-pt frequency (all or most/some/only a little/none of the time),WEIGHT_W42,Form 1B half-sample (n~2226)
trust_in_environmental_scientists,pew_atp_w42,"RQ4_F1BA_W42 env research scientists: does good research (4pt, reversed)",education3,Some college,2019,612.0,76.629,1.312,1,4,4-pt frequency (all or most/some/only a little/none of the time),WEIGHT_W42,Form 1B half-sample (n~2226)
trust_in_environmental_scientists,pew_atp_w42,"RQ4_F1BA_W42 env research scientists: does good research (4pt, reversed)",gender,Female,2019,1213.0,76.215,0.956,1,4,4-pt frequency (all or most/some/only a little/none of the time),WEIGHT_W42,Form 1B half-sample (n~2226)
trust_in_environmental_scientists,pew_atp_w42,"RQ4_F1BA_W42 env research scientists: does good research (4pt, reversed)",gender,Male,2019,974.0,74.494,1.07,1,4,4-pt frequency (all or most/some/only a little/none of the time),WEIGHT_W42,Form 1B half-sample (n~2226)
trust_in_environmental_scientists,pew_atp_w42,"RQ4_F1BA_W42 env research scientists: does good research (4pt, reversed)",ideology,Conservative,2019,508.0,68.283,1.47,1,4,4-pt frequency (all or most/some/only a little/none of the time),WEIGHT_W42,Form 1B half-sample (n~2226)
trust_in_environmental_scientists,pew_atp_w42,"RQ4_F1BA_W42 env research scientists: does good research (4pt, reversed)",ideology,Liberal,2019,418.0,82.298,1.512,1,4,4-pt frequency (all or most/some/only a little/none of the time),WEIGHT_W42,Form 1B half-sample (n~2226)
trust_in_environmental_scientists,pew_atp_w42,"RQ4_F1BA_W42 env research scientists: does good research (4pt, reversed)",ideology,Moderate,2019,832.0,76.974,1.088,1,4,4-pt frequency (all or most/some/only a little/none of the time),WEIGHT_W42,Form 1B half-sample (n~2226)
trust_in_environmental_scientists,pew_atp_w42,"RQ4_F1BA_W42 env research scientists: does good research (4pt, reversed)",ideology,Very conservative,2019,179.0,62.68,2.323,1,4,4-pt frequency (all or most/some/only a little/none of the time),WEIGHT_W42,Form 1B half-sample (n~2226)
trust_in_environmental_scientists,pew_atp_w42,"RQ4_F1BA_W42 env research scientists: does good research (4pt, reversed)",ideology,Very liberal,2019,200.0,85.216,2.669,1,4,4-pt frequency (all or most/some/only a little/none of the time),WEIGHT_W42,Form 1B half-sample (n~2226)
trust_in_environmental_scientists,pew_atp_w42,"RQ4_F1BA_W42 env research scientists: does good research (4pt, reversed)",income,"$30-$74,999",2019,800.0,75.712,1.08,1,4,4-pt frequency (all or most/some/only a little/none of the time),WEIGHT_W42,Form 1B half-sample (n~2226)
trust_in_environmental_scientists,pew_atp_w42,"RQ4_F1BA_W42 env research scientists: does good research (4pt, reversed)",income,"$75,000+",2019,689.0,78.391,1.082,1,4,4-pt frequency (all or most/some/only a little/none of the time),WEIGHT_W42,Form 1B half-sample (n~2226)
trust_in_environmental_scientists,pew_atp_w42,"RQ4_F1BA_W42 env research scientists: does good research (4pt, reversed)",income,"Less than $30,000",2019,614.0,72.194,1.614,1,4,4-pt frequency (all or most/some/only a little/none of the time),WEIGHT_W42,Form 1B half-sample (n~2226)
trust_in_environmental_scientists,pew_atp_w42,"RQ4_F1BA_W42 env research scientists: does good research (4pt, reversed)",party,Democrat,2019,790.0,82.192,1.073,1,4,4-pt frequency (all or most/some/only a little/none of the time),WEIGHT_W42,Form 1B half-sample (n~2226)
trust_in_environmental_scientists,pew_atp_w42,"RQ4_F1BA_W42 env research scientists: does good research (4pt, reversed)",party,Independent,2019,535.0,77.106,1.278,1,4,4-pt frequency (all or most/some/only a little/none of the time),WEIGHT_W42,Form 1B half-sample (n~2226)
trust_in_environmental_scientists,pew_atp_w42,"RQ4_F1BA_W42 env research scientists: does good research (4pt, reversed)",party,Republican,2019,574.0,68.222,1.264,1,4,4-pt frequency (all or most/some/only a little/none of the time),WEIGHT_W42,Form 1B half-sample (n~2226)
trust_in_environmental_scientists,pew_atp_w42,"RQ4_F1BA_W42 env research scientists: does good research (4pt, reversed)",party_lean,Dem/Lean Dem,2019,1184.0,80.876,0.94,1,4,4-pt frequency (all or most/some/only a little/none of the time),WEIGHT_W42,Form 1B half-sample (n~2226)
trust_in_environmental_scientists,pew_atp_w42,"RQ4_F1BA_W42 env research scientists: does good research (4pt, reversed)",party_lean,Rep/Lean Rep,2019,901.0,68.327,1.082,1,4,4-pt frequency (all or most/some/only a little/none of the time),WEIGHT_W42,Form 1B half-sample (n~2226)
trust_in_environmental_scientists,pew_atp_w42,"RQ4_F1BA_W42 env research scientists: does good research (4pt, reversed)",race,Black non-Hispanic,2019,263.0,73.063,2.133,1,4,4-pt frequency (all or most/some/only a little/none of the time),WEIGHT_W42,Form 1B half-sample (n~2226)
trust_in_environmental_scientists,pew_atp_w42,"RQ4_F1BA_W42 env research scientists: does good research (4pt, reversed)",race,Hispanic,2019,345.0,74.347,2.195,1,4,4-pt frequency (all or most/some/only a little/none of the time),WEIGHT_W42,Form 1B half-sample (n~2226)
trust_in_environmental_scientists,pew_atp_w42,"RQ4_F1BA_W42 env research scientists: does good research (4pt, reversed)",race,Other,2019,135.0,73.626,3.335,1,4,4-pt frequency (all or most/some/only a little/none of the time),WEIGHT_W42,Form 1B half-sample (n~2226)
trust_in_environmental_scientists,pew_atp_w42,"RQ4_F1BA_W42 env research scientists: does good research (4pt, reversed)",race,White non-Hispanic,2019,1423.0,76.339,0.798,1,4,4-pt frequency (all or most/some/only a little/none of the time),WEIGHT_W42,Form 1B half-sample (n~2226)
trust_in_environmental_scientists,pew_atp_w42,"RQ4_F1BB_W42 env research scientists: fair and accurate info (4pt, reversed)",ALL,ALL,2019,2192.0,71.368,0.76,1,4,4-pt frequency (all or most/some/only a little/none of the time),WEIGHT_W42,Form 1B half-sample (n~2226)
trust_in_environmental_scientists,pew_atp_w42,"RQ4_F1BB_W42 env research scientists: fair and accurate info (4pt, reversed)",age_band,18 to 29,2019,365.0,73.122,1.794,1,4,4-pt frequency (all or most/some/only a little/none of the time),WEIGHT_W42,Form 1B half-sample (n~2226)
trust_in_environmental_scientists,pew_atp_w42,"RQ4_F1BB_W42 env research scientists: fair and accurate info (4pt, reversed)",age_band,30 to 49,2019,700.0,69.507,1.454,1,4,4-pt frequency (all or most/some/only a little/none of the time),WEIGHT_W42,Form 1B half-sample (n~2226)
trust_in_environmental_scientists,pew_atp_w42,"RQ4_F1BB_W42 env research scientists: fair and accurate info (4pt, reversed)",age_band,50 to 64,2019,633.0,70.907,1.376,1,4,4-pt frequency (all or most/some/only a little/none of the time),WEIGHT_W42,Form 1B half-sample (n~2226)
trust_in_environmental_scientists,pew_atp_w42,"RQ4_F1BB_W42 env research scientists: fair and accurate info (4pt, reversed)",age_band,65 or older,2019,491.0,73.256,1.349,1,4,4-pt frequency (all or most/some/only a little/none of the time),WEIGHT_W42,Form 1B half-sample (n~2226)
trust_in_environmental_scientists,pew_atp_w42,"RQ4_F1BB_W42 env research scientists: fair and accurate info (4pt, reversed)",education,Associate's degree,2019,195.0,73.325,2.312,1,4,4-pt frequency (all or most/some/only a little/none of the time),WEIGHT_W42,Form 1B half-sample (n~2226)
trust_in_environmental_scientists,pew_atp_w42,"RQ4_F1BB_W42 env research scientists: fair and accurate info (4pt, reversed)",education,College graduate/some post grad,2019,451.0,74.898,1.473,1,4,4-pt frequency (all or most/some/only a little/none of the time),WEIGHT_W42,Form 1B half-sample (n~2226)
trust_in_environmental_scientists,pew_atp_w42,"RQ4_F1BB_W42 env research scientists: fair and accurate info (4pt, reversed)",education,High school graduate,2019,649.0,66.922,1.594,1,4,4-pt frequency (all or most/some/only a little/none of the time),WEIGHT_W42,Form 1B half-sample (n~2226)
trust_in_environmental_scientists,pew_atp_w42,"RQ4_F1BB_W42 env research scientists: fair and accurate info (4pt, reversed)",education,Less than high school,2019,154.0,66.831,3.047,1,4,4-pt frequency (all or most/some/only a little/none of the time),WEIGHT_W42,Form 1B half-sample (n~2226)
trust_in_environmental_scientists,pew_atp_w42,"RQ4_F1BB_W42 env research scientists: fair and accurate info (4pt, reversed)",education,Postgraduate,2019,321.0,78.053,1.757,1,4,4-pt frequency (all or most/some/only a little/none of the time),WEIGHT_W42,Form 1B half-sample (n~2226)
trust_in_environmental_scientists,pew_atp_w42,"RQ4_F1BB_W42 env research scientists: fair and accurate info (4pt, reversed)",education,"Some college, no degree",2019,419.0,71.907,1.466,1,4,4-pt frequency (all or most/some/only a little/none of the time),WEIGHT_W42,Form 1B half-sample (n~2226)
trust_in_environmental_scientists,pew_atp_w42,"RQ4_F1BB_W42 env research scientists: fair and accurate info (4pt, reversed)",education3,College graduate or more,2019,772.0,76.201,1.132,1,4,4-pt frequency (all or most/some/only a little/none of the time),WEIGHT_W42,Form 1B half-sample (n~2226)
trust_in_environmental_scientists,pew_atp_w42,"RQ4_F1BB_W42 env research scientists: fair and accurate info (4pt, reversed)",education3,H.S. graduate or less,2019,803.0,66.901,1.412,1,4,4-pt frequency (all or most/some/only a little/none of the time),WEIGHT_W42,Form 1B half-sample (n~2226)
trust_in_environmental_scientists,pew_atp_w42,"RQ4_F1BB_W42 env research scientists: fair and accurate info (4pt, reversed)",education3,Some college,2019,614.0,72.374,1.242,1,4,4-pt frequency (all or most/some/only a little/none of the time),WEIGHT_W42,Form 1B half-sample (n~2226)
trust_in_environmental_scientists,pew_atp_w42,"RQ4_F1BB_W42 env research scientists: fair and accurate info (4pt, reversed)",gender,Female,2019,1217.0,72.562,0.996,1,4,4-pt frequency (all or most/some/only a little/none of the time),WEIGHT_W42,Form 1B half-sample (n~2226)
trust_in_environmental_scientists,pew_atp_w42,"RQ4_F1BB_W42 env research scientists: fair and accurate info (4pt, reversed)",gender,Male,2019,973.0,70.108,1.152,1,4,4-pt frequency (all or most/some/only a little/none of the time),WEIGHT_W42,Form 1B half-sample (n~2226)
trust_in_environmental_scientists,pew_atp_w42,"RQ4_F1BB_W42 env research scientists: fair and accurate info (4pt, reversed)",ideology,Conservative,2019,509.0,62.26,1.436,1,4,4-pt frequency (all or most/some/only a little/none of the time),WEIGHT_W42,Form 1B half-sample (n~2226)
trust_in_environmental_scientists,pew_atp_w42,"RQ4_F1BB_W42 env research scientists: fair and accurate info (4pt, reversed)",ideology,Liberal,2019,418.0,81.492,1.567,1,4,4-pt frequency (all or most/some/only a little/none of the time),WEIGHT_W42,Form 1B half-sample (n~2226)
trust_in_environmental_scientists,pew_atp_w42,"RQ4_F1BB_W42 env research scientists: fair and accurate info (4pt, reversed)",ideology,Moderate,2019,834.0,71.631,1.196,1,4,4-pt frequency (all or most/some/only a little/none of the time),WEIGHT_W42,Form 1B half-sample (n~2226)
trust_in_environmental_scientists,pew_atp_w42,"RQ4_F1BB_W42 env research scientists: fair and accurate info (4pt, reversed)",ideology,Very conservative,2019,179.0,60.162,2.584,1,4,4-pt frequency (all or most/some/only a little/none of the time),WEIGHT_W42,Form 1B half-sample (n~2226)
trust_in_environmental_scientists,pew_atp_w42,"RQ4_F1BB_W42 env research scientists: fair and accurate info (4pt, reversed)",ideology,Very liberal,2019,201.0,83.539,2.706,1,4,4-pt frequency (all or most/some/only a little/none of the time),WEIGHT_W42,Form 1B half-sample (n~2226)
trust_in_environmental_scientists,pew_atp_w42,"RQ4_F1BB_W42 env research scientists: fair and accurate info (4pt, reversed)",income,"$30-$74,999",2019,805.0,70.913,1.123,1,4,4-pt frequency (all or most/some/only a little/none of the time),WEIGHT_W42,Form 1B half-sample (n~2226)
trust_in_environmental_scientists,pew_atp_w42,"RQ4_F1BB_W42 env research scientists: fair and accurate info (4pt, reversed)",income,"$75,000+",2019,690.0,75.679,1.168,1,4,4-pt frequency (all or most/some/only a little/none of the time),WEIGHT_W42,Form 1B half-sample (n~2226)
trust_in_environmental_scientists,pew_atp_w42,"RQ4_F1BB_W42 env research scientists: fair and accurate info (4pt, reversed)",income,"Less than $30,000",2019,611.0,67.843,1.679,1,4,4-pt frequency (all or most/some/only a little/none of the time),WEIGHT_W42,Form 1B half-sample (n~2226)
trust_in_environmental_scientists,pew_atp_w42,"RQ4_F1BB_W42 env research scientists: fair and accurate info (4pt, reversed)",party,Democrat,2019,793.0,80.362,1.135,1,4,4-pt frequency (all or most/some/only a little/none of the time),WEIGHT_W42,Form 1B half-sample (n~2226)
trust_in_environmental_scientists,pew_atp_w42,"RQ4_F1BB_W42 env research scientists: fair and accurate info (4pt, reversed)",party,Independent,2019,531.0,71.726,1.44,1,4,4-pt frequency (all or most/some/only a little/none of the time),WEIGHT_W42,Form 1B half-sample (n~2226)
trust_in_environmental_scientists,pew_atp_w42,"RQ4_F1BB_W42 env research scientists: fair and accurate info (4pt, reversed)",party,Republican,2019,577.0,63.497,1.27,1,4,4-pt frequency (all or most/some/only a little/none of the time),WEIGHT_W42,Form 1B half-sample (n~2226)
trust_in_environmental_scientists,pew_atp_w42,"RQ4_F1BB_W42 env research scientists: fair and accurate info (4pt, reversed)",party_lean,Dem/Lean Dem,2019,1187.0,77.97,1.006,1,4,4-pt frequency (all or most/some/only a little/none of the time),WEIGHT_W42,Form 1B half-sample (n~2226)
trust_in_environmental_scientists,pew_atp_w42,"RQ4_F1BB_W42 env research scientists: fair and accurate info (4pt, reversed)",party_lean,Rep/Lean Rep,2019,901.0,63.051,1.058,1,4,4-pt frequency (all or most/some/only a little/none of the time),WEIGHT_W42,Form 1B half-sample (n~2226)
trust_in_environmental_scientists,pew_atp_w42,"RQ4_F1BB_W42 env research scientists: fair and accurate info (4pt, reversed)",race,Black non-Hispanic,2019,264.0,68.26,2.109,1,4,4-pt frequency (all or most/some/only a little/none of the time),WEIGHT_W42,Form 1B half-sample (n~2226)
trust_in_environmental_scientists,pew_atp_w42,"RQ4_F1BB_W42 env research scientists: fair and accurate info (4pt, reversed)",race,Hispanic,2019,345.0,70.001,2.327,1,4,4-pt frequency (all or most/some/only a little/none of the time),WEIGHT_W42,Form 1B half-sample (n~2226)
trust_in_environmental_scientists,pew_atp_w42,"RQ4_F1BB_W42 env research scientists: fair and accurate info (4pt, reversed)",race,Other,2019,134.0,70.845,3.421,1,4,4-pt frequency (all or most/some/only a little/none of the time),WEIGHT_W42,Form 1B half-sample (n~2226)
trust_in_environmental_scientists,pew_atp_w42,"RQ4_F1BB_W42 env research scientists: fair and accurate info (4pt, reversed)",race,White non-Hispanic,2019,1426.0,72.451,0.867,1,4,4-pt frequency (all or most/some/only a little/none of the time),WEIGHT_W42,Form 1B half-sample (n~2226)
trust_in_environmental_scientists,pew_atp_w42,"RQ4_F1BC_W42 env research scientists: admits mistakes (4pt, reversed)",ALL,ALL,2019,2188.0,57.544,0.808,1,4,4-pt frequency (all or most/some/only a little/none of the time),WEIGHT_W42,Form 1B half-sample (n~2226)
trust_in_environmental_scientists,pew_atp_w42,"RQ4_F1BC_W42 env research scientists: admits mistakes (4pt, reversed)",age_band,18 to 29,2019,368.0,62.853,1.856,1,4,4-pt frequency (all or most/some/only a little/none of the time),WEIGHT_W42,Form 1B half-sample (n~2226)
trust_in_environmental_scientists,pew_atp_w42,"RQ4_F1BC_W42 env research scientists: admits mistakes (4pt, reversed)",age_band,30 to 49,2019,700.0,56.532,1.545,1,4,4-pt frequency (all or most/some/only a little/none of the time),WEIGHT_W42,Form 1B half-sample (n~2226)
trust_in_environmental_scientists,pew_atp_w42,"RQ4_F1BC_W42 env research scientists: admits mistakes (4pt, reversed)",age_band,50 to 64,2019,630.0,54.707,1.368,1,4,4-pt frequency (all or most/some/only a little/none of the time),WEIGHT_W42,Form 1B half-sample (n~2226)
trust_in_environmental_scientists,pew_atp_w42,"RQ4_F1BC_W42 env research scientists: admits mistakes (4pt, reversed)",age_band,65 or older,2019,487.0,57.536,1.579,1,4,4-pt frequency (all or most/some/only a little/none of the time),WEIGHT_W42,Form 1B half-sample (n~2226)
trust_in_environmental_scientists,pew_atp_w42,"RQ4_F1BC_W42 env research scientists: admits mistakes (4pt, reversed)",education,Associate's degree,2019,195.0,60.565,2.468,1,4,4-pt frequency (all or most/some/only a little/none of the time),WEIGHT_W42,Form 1B half-sample (n~2226)
trust_in_environmental_scientists,pew_atp_w42,"RQ4_F1BC_W42 env research scientists: admits mistakes (4pt, reversed)",education,College graduate/some post grad,2019,448.0,59.488,1.748,1,4,4-pt frequency (all or most/some/only a little/none of the time),WEIGHT_W42,Form 1B half-sample (n~2226)
trust_in_environmental_scientists,pew_atp_w42,"RQ4_F1BC_W42 env research scientists: admits mistakes (4pt, reversed)",education,High school graduate,2019,646.0,53.106,1.483,1,4,4-pt frequency (all or most/some/only a little/none of the time),WEIGHT_W42,Form 1B half-sample (n~2226)
trust_in_environmental_scientists,pew_atp_w42,"RQ4_F1BC_W42 env research scientists: admits mistakes (4pt, reversed)",education,Less than high school,2019,155.0,56.782,3.189,1,4,4-pt frequency (all or most/some/only a little/none of the time),WEIGHT_W42,Form 1B half-sample (n~2226)
trust_in_environmental_scientists,pew_atp_w42,"RQ4_F1BC_W42 env research scientists: admits mistakes (4pt, reversed)",education,Postgraduate,2019,323.0,60.131,2.26,1,4,4-pt frequency (all or most/some/only a little/none of the time),WEIGHT_W42,Form 1B half-sample (n~2226)
trust_in_environmental_scientists,pew_atp_w42,"RQ4_F1BC_W42 env research scientists: admits mistakes (4pt, reversed)",education,"Some college, no degree",2019,418.0,59.827,1.749,1,4,4-pt frequency (all or most/some/only a little/none of the time),WEIGHT_W42,Form 1B half-sample (n~2226)
trust_in_environmental_scientists,pew_atp_w42,"RQ4_F1BC_W42 env research scientists: admits mistakes (4pt, reversed)",education3,College graduate or more,2019,771.0,59.756,1.387,1,4,4-pt frequency (all or most/some/only a little/none of the time),WEIGHT_W42,Form 1B half-sample (n~2226)
trust_in_environmental_scientists,pew_atp_w42,"RQ4_F1BC_W42 env research scientists: admits mistakes (4pt, reversed)",education3,H.S. graduate or less,2019,801.0,53.94,1.363,1,4,4-pt frequency (all or most/some/only a little/none of the time),WEIGHT_W42,Form 1B half-sample (n~2226)
trust_in_environmental_scientists,pew_atp_w42,"RQ4_F1BC_W42 env research scientists: admits mistakes (4pt, reversed)",education3,Some college,2019,613.0,60.071,1.424,1,4,4-pt frequency (all or most/some/only a little/none of the time),WEIGHT_W42,Form 1B half-sample (n~2226)
trust_in_environmental_scientists,pew_atp_w42,"RQ4_F1BC_W42 env research scientists: admits mistakes (4pt, reversed)",gender,Female,2019,1212.0,58.89,1.075,1,4,4-pt frequency (all or most/some/only a little/none of the time),WEIGHT_W42,Form 1B half-sample (n~2226)
trust_in_environmental_scientists,pew_atp_w42,"RQ4_F1BC_W42 env research scientists: admits mistakes (4pt, reversed)",gender,Male,2019,974.0,56.125,1.214,1,4,4-pt frequency (all or most/some/only a little/none of the time),WEIGHT_W42,Form 1B half-sample (n~2226)
trust_in_environmental_scientists,pew_atp_w42,"RQ4_F1BC_W42 env research scientists: admits mistakes (4pt, reversed)",ideology,Conservative,2019,507.0,47.588,1.717,1,4,4-pt frequency (all or most/some/only a little/none of the time),WEIGHT_W42,Form 1B half-sample (n~2226)
trust_in_environmental_scientists,pew_atp_w42,"RQ4_F1BC_W42 env research scientists: admits mistakes (4pt, reversed)",ideology,Liberal,2019,416.0,66.885,1.676,1,4,4-pt frequency (all or most/some/only a little/none of the time),WEIGHT_W42,Form 1B half-sample (n~2226)
trust_in_environmental_scientists,pew_atp_w42,"RQ4_F1BC_W42 env research scientists: admits mistakes (4pt, reversed)",ideology,Moderate,2019,834.0,59.39,1.285,1,4,4-pt frequency (all or most/some/only a little/none of the time),WEIGHT_W42,Form 1B half-sample (n~2226)
trust_in_environmental_scientists,pew_atp_w42,"RQ4_F1BC_W42 env research scientists: admits mistakes (4pt, reversed)",ideology,Very conservative,2019,179.0,41.486,2.689,1,4,4-pt frequency (all or most/some/only a little/none of the time),WEIGHT_W42,Form 1B half-sample (n~2226)
trust_in_environmental_scientists,pew_atp_w42,"RQ4_F1BC_W42 env research scientists: admits mistakes (4pt, reversed)",ideology,Very liberal,2019,200.0,69.901,2.748,1,4,4-pt frequency (all or most/some/only a little/none of the time),WEIGHT_W42,Form 1B half-sample (n~2226)
trust_in_environmental_scientists,pew_atp_w42,"RQ4_F1BC_W42 env research scientists: admits mistakes (4pt, reversed)",income,"$30-$74,999",2019,804.0,57.325,1.341,1,4,4-pt frequency (all or most/some/only a little/none of the time),WEIGHT_W42,Form 1B half-sample (n~2226)
trust_in_environmental_scientists,pew_atp_w42,"RQ4_F1BC_W42 env research scientists: admits mistakes (4pt, reversed)",income,"$75,000+",2019,688.0,59.031,1.298,1,4,4-pt frequency (all or most/some/only a little/none of the time),WEIGHT_W42,Form 1B half-sample (n~2226)
trust_in_environmental_scientists,pew_atp_w42,"RQ4_F1BC_W42 env research scientists: admits mistakes (4pt, reversed)",income,"Less than $30,000",2019,610.0,56.692,1.647,1,4,4-pt frequency (all or most/some/only a little/none of the time),WEIGHT_W42,Form 1B half-sample (n~2226)
trust_in_environmental_scientists,pew_atp_w42,"RQ4_F1BC_W42 env research scientists: admits mistakes (4pt, reversed)",party,Democrat,2019,790.0,65.164,1.221,1,4,4-pt frequency (all or most/some/only a little/none of the time),WEIGHT_W42,Form 1B half-sample (n~2226)
trust_in_environmental_scientists,pew_atp_w42,"RQ4_F1BC_W42 env research scientists: admits mistakes (4pt, reversed)",party,Independent,2019,534.0,57.901,1.708,1,4,4-pt frequency (all or most/some/only a little/none of the time),WEIGHT_W42,Form 1B half-sample (n~2226)
trust_in_environmental_scientists,pew_atp_w42,"RQ4_F1BC_W42 env research scientists: admits mistakes (4pt, reversed)",party,Republican,2019,574.0,48.744,1.451,1,4,4-pt frequency (all or most/some/only a little/none of the time),WEIGHT_W42,Form 1B half-sample (n~2226)
trust_in_environmental_scientists,pew_atp_w42,"RQ4_F1BC_W42 env research scientists: admits mistakes (4pt, reversed)",party_lean,Dem/Lean Dem,2019,1183.0,64.512,1.063,1,4,4-pt frequency (all or most/some/only a little/none of the time),WEIGHT_W42,Form 1B half-sample (n~2226)
trust_in_environmental_scientists,pew_atp_w42,"RQ4_F1BC_W42 env research scientists: admits mistakes (4pt, reversed)",party_lean,Rep/Lean Rep,2019,901.0,47.902,1.196,1,4,4-pt frequency (all or most/some/only a little/none of the time),WEIGHT_W42,Form 1B half-sample (n~2226)
trust_in_environmental_scientists,pew_atp_w42,"RQ4_F1BC_W42 env research scientists: admits mistakes (4pt, reversed)",race,Black non-Hispanic,2019,263.0,60.23,2.123,1,4,4-pt frequency (all or most/some/only a little/none of the time),WEIGHT_W42,Form 1B half-sample (n~2226)
trust_in_environmental_scientists,pew_atp_w42,"RQ4_F1BC_W42 env research scientists: admits mistakes (4pt, reversed)",race,Hispanic,2019,343.0,57.244,2.493,1,4,4-pt frequency (all or most/some/only a little/none of the time),WEIGHT_W42,Form 1B half-sample (n~2226)
trust_in_environmental_scientists,pew_atp_w42,"RQ4_F1BC_W42 env research scientists: admits mistakes (4pt, reversed)",race,Other,2019,136.0,59.351,3.131,1,4,4-pt frequency (all or most/some/only a little/none of the time),WEIGHT_W42,Form 1B half-sample (n~2226)
trust_in_environmental_scientists,pew_atp_w42,"RQ4_F1BC_W42 env research scientists: admits mistakes (4pt, reversed)",race,White non-Hispanic,2019,1423.0,56.926,0.958,1,4,4-pt frequency (all or most/some/only a little/none of the time),WEIGHT_W42,Form 1B half-sample (n~2226)
trust_in_environmental_scientists,pew_atp_w42,"RQ4_F1BD_W42 env research scientists: transparent re conflicts (4pt, reversed)",ALL,ALL,2019,2183.0,59.436,0.795,1,4,4-pt frequency (all or most/some/only a little/none of the time),WEIGHT_W42,Form 1B half-sample (n~2226)
trust_in_environmental_scientists,pew_atp_w42,"RQ4_F1BD_W42 env research scientists: transparent re conflicts (4pt, reversed)",age_band,18 to 29,2019,365.0,62.731,1.96,1,4,4-pt frequency (all or most/some/only a little/none of the time),WEIGHT_W42,Form 1B half-sample (n~2226)
trust_in_environmental_scientists,pew_atp_w42,"RQ4_F1BD_W42 env research scientists: transparent re conflicts (4pt, reversed)",age_band,30 to 49,2019,695.0,58.234,1.438,1,4,4-pt frequency (all or most/some/only a little/none of the time),WEIGHT_W42,Form 1B half-sample (n~2226)
trust_in_environmental_scientists,pew_atp_w42,"RQ4_F1BD_W42 env research scientists: transparent re conflicts (4pt, reversed)",age_band,50 to 64,2019,632.0,58.005,1.551,1,4,4-pt frequency (all or most/some/only a little/none of the time),WEIGHT_W42,Form 1B half-sample (n~2226)
trust_in_environmental_scientists,pew_atp_w42,"RQ4_F1BD_W42 env research scientists: transparent re conflicts (4pt, reversed)",age_band,65 or older,2019,488.0,59.867,1.321,1,4,4-pt frequency (all or most/some/only a little/none of the time),WEIGHT_W42,Form 1B half-sample (n~2226)
trust_in_environmental_scientists,pew_atp_w42,"RQ4_F1BD_W42 env research scientists: transparent re conflicts (4pt, reversed)",education,Associate's degree,2019,193.0,61.35,2.543,1,4,4-pt frequency (all or most/some/only a little/none of the time),WEIGHT_W42,Form 1B half-sample (n~2226)
trust_in_environmental_scientists,pew_atp_w42,"RQ4_F1BD_W42 env research scientists: transparent re conflicts (4pt, reversed)",education,College graduate/some post grad,2019,450.0,60.962,1.574,1,4,4-pt frequency (all or most/some/only a little/none of the time),WEIGHT_W42,Form 1B half-sample (n~2226)
trust_in_environmental_scientists,pew_atp_w42,"RQ4_F1BD_W42 env research scientists: transparent re conflicts (4pt, reversed)",education,High school graduate,2019,646.0,56.227,1.534,1,4,4-pt frequency (all or most/some/only a little/none of the time),WEIGHT_W42,Form 1B half-sample (n~2226)
trust_in_environmental_scientists,pew_atp_w42,"RQ4_F1BD_W42 env research scientists: transparent re conflicts (4pt, reversed)",education,Less than high school,2019,153.0,59.748,3.185,1,4,4-pt frequency (all or most/some/only a little/none of the time),WEIGHT_W42,Form 1B half-sample (n~2226)
trust_in_environmental_scientists,pew_atp_w42,"RQ4_F1BD_W42 env research scientists: transparent re conflicts (4pt, reversed)",education,Postgraduate,2019,321.0,61.339,2.061,1,4,4-pt frequency (all or most/some/only a little/none of the time),WEIGHT_W42,Form 1B half-sample (n~2226)
trust_in_environmental_scientists,pew_atp_w42,"RQ4_F1BD_W42 env research scientists: transparent re conflicts (4pt, reversed)",education,"Some college, no degree",2019,417.0,60.621,1.726,1,4,4-pt frequency (all or most/some/only a little/none of the time),WEIGHT_W42,Form 1B half-sample (n~2226)
trust_in_environmental_scientists,pew_atp_w42,"RQ4_F1BD_W42 env research scientists: transparent re conflicts (4pt, reversed)",education3,College graduate or more,2019,771.0,61.118,1.256,1,4,4-pt frequency (all or most/some/only a little/none of the time),WEIGHT_W42,Form 1B half-sample (n~2226)
trust_in_environmental_scientists,pew_atp_w42,"RQ4_F1BD_W42 env research scientists: transparent re conflicts (4pt, reversed)",education3,H.S. graduate or less,2019,799.0,57.017,1.393,1,4,4-pt frequency (all or most/some/only a little/none of the time),WEIGHT_W42,Form 1B half-sample (n~2226)
trust_in_environmental_scientists,pew_atp_w42,"RQ4_F1BD_W42 env research scientists: transparent re conflicts (4pt, reversed)",education3,Some college,2019,610.0,60.861,1.426,1,4,4-pt frequency (all or most/some/only a little/none of the time),WEIGHT_W42,Form 1B half-sample (n~2226)
trust_in_environmental_scientists,pew_atp_w42,"RQ4_F1BD_W42 env research scientists: transparent re conflicts (4pt, reversed)",gender,Female,2019,1210.0,60.522,1.039,1,4,4-pt frequency (all or most/some/only a little/none of the time),WEIGHT_W42,Form 1B half-sample (n~2226)
trust_in_environmental_scientists,pew_atp_w42,"RQ4_F1BD_W42 env research scientists: transparent re conflicts (4pt, reversed)",gender,Male,2019,971.0,58.323,1.209,1,4,4-pt frequency (all or most/some/only a little/none of the time),WEIGHT_W42,Form 1B half-sample (n~2226)
trust_in_environmental_scientists,pew_atp_w42,"RQ4_F1BD_W42 env research scientists: transparent re conflicts (4pt, reversed)",ideology,Conservative,2019,507.0,51.687,1.651,1,4,4-pt frequency (all or most/some/only a little/none of the time),WEIGHT_W42,Form 1B half-sample (n~2226)
trust_in_environmental_scientists,pew_atp_w42,"RQ4_F1BD_W42 env research scientists: transparent re conflicts (4pt, reversed)",ideology,Liberal,2019,415.0,67.361,1.854,1,4,4-pt frequency (all or most/some/only a little/none of the time),WEIGHT_W42,Form 1B half-sample (n~2226)
trust_in_environmental_scientists,pew_atp_w42,"RQ4_F1BD_W42 env research scientists: transparent re conflicts (4pt, reversed)",ideology,Moderate,2019,832.0,61.642,1.184,1,4,4-pt frequency (all or most/some/only a little/none of the time),WEIGHT_W42,Form 1B half-sample (n~2226)
trust_in_environmental_scientists,pew_atp_w42,"RQ4_F1BD_W42 env research scientists: transparent re conflicts (4pt, reversed)",ideology,Very conservative,2019,178.0,45.035,2.755,1,4,4-pt frequency (all or most/some/only a little/none of the time),WEIGHT_W42,Form 1B half-sample (n~2226)
trust_in_environmental_scientists,pew_atp_w42,"RQ4_F1BD_W42 env research scientists: transparent re conflicts (4pt, reversed)",ideology,Very liberal,2019,201.0,66.202,2.979,1,4,4-pt frequency (all or most/some/only a little/none of the time),WEIGHT_W42,Form 1B half-sample (n~2226)
trust_in_environmental_scientists,pew_atp_w42,"RQ4_F1BD_W42 env research scientists: transparent re conflicts (4pt, reversed)",income,"$30-$74,999",2019,802.0,60.627,1.208,1,4,4-pt frequency (all or most/some/only a little/none of the time),WEIGHT_W42,Form 1B half-sample (n~2226)
trust_in_environmental_scientists,pew_atp_w42,"RQ4_F1BD_W42 env research scientists: transparent re conflicts (4pt, reversed)",income,"$75,000+",2019,687.0,59.547,1.336,1,4,4-pt frequency (all or most/some/only a little/none of the time),WEIGHT_W42,Form 1B half-sample (n~2226)
trust_in_environmental_scientists,pew_atp_w42,"RQ4_F1BD_W42 env research scientists: transparent re conflicts (4pt, reversed)",income,"Less than $30,000",2019,608.0,58.662,1.698,1,4,4-pt frequency (all or most/some/only a little/none of the time),WEIGHT_W42,Form 1B half-sample (n~2226)
trust_in_environmental_scientists,pew_atp_w42,"RQ4_F1BD_W42 env research scientists: transparent re conflicts (4pt, reversed)",party,Democrat,2019,787.0,66.588,1.239,1,4,4-pt frequency (all or most/some/only a little/none of the time),WEIGHT_W42,Form 1B half-sample (n~2226)
trust_in_environmental_scientists,pew_atp_w42,"RQ4_F1BD_W42 env research scientists: transparent re conflicts (4pt, reversed)",party,Independent,2019,531.0,59.458,1.512,1,4,4-pt frequency (all or most/some/only a little/none of the time),WEIGHT_W42,Form 1B half-sample (n~2226)
trust_in_environmental_scientists,pew_atp_w42,"RQ4_F1BD_W42 env research scientists: transparent re conflicts (4pt, reversed)",party,Republican,2019,574.0,51.836,1.499,1,4,4-pt frequency (all or most/some/only a little/none of the time),WEIGHT_W42,Form 1B half-sample (n~2226)
trust_in_environmental_scientists,pew_atp_w42,"RQ4_F1BD_W42 env research scientists: transparent re conflicts (4pt, reversed)",party_lean,Dem/Lean Dem,2019,1179.0,65.321,1.043,1,4,4-pt frequency (all or most/some/only a little/none of the time),WEIGHT_W42,Form 1B half-sample (n~2226)
trust_in_environmental_scientists,pew_atp_w42,"RQ4_F1BD_W42 env research scientists: transparent re conflicts (4pt, reversed)",party_lean,Rep/Lean Rep,2019,900.0,51.478,1.205,1,4,4-pt frequency (all or most/some/only a little/none of the time),WEIGHT_W42,Form 1B half-sample (n~2226)
trust_in_environmental_scientists,pew_atp_w42,"RQ4_F1BD_W42 env research scientists: transparent re conflicts (4pt, reversed)",race,Black non-Hispanic,2019,261.0,63.474,2.173,1,4,4-pt frequency (all or most/some/only a little/none of the time),WEIGHT_W42,Form 1B half-sample (n~2226)
trust_in_environmental_scientists,pew_atp_w42,"RQ4_F1BD_W42 env research scientists: transparent re conflicts (4pt, reversed)",race,Hispanic,2019,343.0,61.167,2.48,1,4,4-pt frequency (all or most/some/only a little/none of the time),WEIGHT_W42,Form 1B half-sample (n~2226)
trust_in_environmental_scientists,pew_atp_w42,"RQ4_F1BD_W42 env research scientists: transparent re conflicts (4pt, reversed)",race,Other,2019,136.0,59.037,3.074,1,4,4-pt frequency (all or most/some/only a little/none of the time),WEIGHT_W42,Form 1B half-sample (n~2226)
trust_in_environmental_scientists,pew_atp_w42,"RQ4_F1BD_W42 env research scientists: transparent re conflicts (4pt, reversed)",race,White non-Hispanic,2019,1420.0,58.289,0.928,1,4,4-pt frequency (all or most/some/only a little/none of the time),WEIGHT_W42,Form 1B half-sample (n~2226)
trust_in_environmental_scientists,pew_atp_w42,"RQ4_F1BE_W42 env research scientists: cares about public interest (4pt, reversed)",ALL,ALL,2019,2193.0,72.1,0.785,1,4,4-pt frequency (all or most/some/only a little/none of the time),WEIGHT_W42,Form 1B half-sample (n~2226)
trust_in_environmental_scientists,pew_atp_w42,"RQ4_F1BE_W42 env research scientists: cares about public interest (4pt, reversed)",age_band,18 to 29,2019,368.0,76.393,1.725,1,4,4-pt frequency (all or most/some/only a little/none of the time),WEIGHT_W42,Form 1B half-sample (n~2226)
trust_in_environmental_scientists,pew_atp_w42,"RQ4_F1BE_W42 env research scientists: cares about public interest (4pt, reversed)",age_band,30 to 49,2019,700.0,70.533,1.467,1,4,4-pt frequency (all or most/some/only a little/none of the time),WEIGHT_W42,Form 1B half-sample (n~2226)
trust_in_environmental_scientists,pew_atp_w42,"RQ4_F1BE_W42 env research scientists: cares about public interest (4pt, reversed)",age_band,50 to 64,2019,633.0,69.79,1.472,1,4,4-pt frequency (all or most/some/only a little/none of the time),WEIGHT_W42,Form 1B half-sample (n~2226)
trust_in_environmental_scientists,pew_atp_w42,"RQ4_F1BE_W42 env research scientists: cares about public interest (4pt, reversed)",age_band,65 or older,2019,489.0,73.286,1.538,1,4,4-pt frequency (all or most/some/only a little/none of the time),WEIGHT_W42,Form 1B half-sample (n~2226)
trust_in_environmental_scientists,pew_atp_w42,"RQ4_F1BE_W42 env research scientists: cares about public interest (4pt, reversed)",education,Associate's degree,2019,195.0,72.944,2.425,1,4,4-pt frequency (all or most/some/only a little/none of the time),WEIGHT_W42,Form 1B half-sample (n~2226)
trust_in_environmental_scientists,pew_atp_w42,"RQ4_F1BE_W42 env research scientists: cares about public interest (4pt, reversed)",education,College graduate/some post grad,2019,452.0,75.962,1.521,1,4,4-pt frequency (all or most/some/only a little/none of the time),WEIGHT_W42,Form 1B half-sample (n~2226)
trust_in_environmental_scientists,pew_atp_w42,"RQ4_F1BE_W42 env research scientists: cares about public interest (4pt, reversed)",education,High school graduate,2019,650.0,67.329,1.562,1,4,4-pt frequency (all or most/some/only a little/none of the time),WEIGHT_W42,Form 1B half-sample (n~2226)
trust_in_environmental_scientists,pew_atp_w42,"RQ4_F1BE_W42 env research scientists: cares about public interest (4pt, reversed)",education,Less than high school,2019,155.0,68.47,2.941,1,4,4-pt frequency (all or most/some/only a little/none of the time),WEIGHT_W42,Form 1B half-sample (n~2226)
trust_in_environmental_scientists,pew_atp_w42,"RQ4_F1BE_W42 env research scientists: cares about public interest (4pt, reversed)",education,Postgraduate,2019,321.0,76.165,2.297,1,4,4-pt frequency (all or most/some/only a little/none of the time),WEIGHT_W42,Form 1B half-sample (n~2226)
trust_in_environmental_scientists,pew_atp_w42,"RQ4_F1BE_W42 env research scientists: cares about public interest (4pt, reversed)",education,"Some college, no degree",2019,417.0,74.551,1.525,1,4,4-pt frequency (all or most/some/only a little/none of the time),WEIGHT_W42,Form 1B half-sample (n~2226)
trust_in_environmental_scientists,pew_atp_w42,"RQ4_F1BE_W42 env research scientists: cares about public interest (4pt, reversed)",education3,College graduate or more,2019,773.0,76.046,1.302,1,4,4-pt frequency (all or most/some/only a little/none of the time),WEIGHT_W42,Form 1B half-sample (n~2226)
trust_in_environmental_scientists,pew_atp_w42,"RQ4_F1BE_W42 env research scientists: cares about public interest (4pt, reversed)",education3,H.S. graduate or less,2019,805.0,67.59,1.38,1,4,4-pt frequency (all or most/some/only a little/none of the time),WEIGHT_W42,Form 1B half-sample (n~2226)
trust_in_environmental_scientists,pew_atp_w42,"RQ4_F1BE_W42 env research scientists: cares about public interest (4pt, reversed)",education3,Some college,2019,612.0,74.019,1.3,1,4,4-pt frequency (all or most/some/only a little/none of the time),WEIGHT_W42,Form 1B half-sample (n~2226)
trust_in_environmental_scientists,pew_atp_w42,"RQ4_F1BE_W42 env research scientists: cares about public interest (4pt, reversed)",gender,Female,2019,1216.0,72.461,1.032,1,4,4-pt frequency (all or most/some/only a little/none of the time),WEIGHT_W42,Form 1B half-sample (n~2226)
trust_in_environmental_scientists,pew_atp_w42,"RQ4_F1BE_W42 env research scientists: cares about public interest (4pt, reversed)",gender,Male,2019,975.0,71.729,1.191,1,4,4-pt frequency (all or most/some/only a little/none of the time),WEIGHT_W42,Form 1B half-sample (n~2226)
trust_in_environmental_scientists,pew_atp_w42,"RQ4_F1BE_W42 env research scientists: cares about public interest (4pt, reversed)",ideology,Conservative,2019,508.0,62.044,1.662,1,4,4-pt frequency (all or most/some/only a little/none of the time),WEIGHT_W42,Form 1B half-sample (n~2226)
trust_in_environmental_scientists,pew_atp_w42,"RQ4_F1BE_W42 env research scientists: cares about public interest (4pt, reversed)",ideology,Liberal,2019,417.0,80.836,1.52,1,4,4-pt frequency (all or most/some/only a little/none of the time),WEIGHT_W42,Form 1B half-sample (n~2226)
trust_in_environmental_scientists,pew_atp_w42,"RQ4_F1BE_W42 env research scientists: cares about public interest (4pt, reversed)",ideology,Moderate,2019,837.0,73.176,1.257,1,4,4-pt frequency (all or most/some/only a little/none of the time),WEIGHT_W42,Form 1B half-sample (n~2226)
trust_in_environmental_scientists,pew_atp_w42,"RQ4_F1BE_W42 env research scientists: cares about public interest (4pt, reversed)",ideology,Very conservative,2019,178.0,59.876,2.516,1,4,4-pt frequency (all or most/some/only a little/none of the time),WEIGHT_W42,Form 1B half-sample (n~2226)
trust_in_environmental_scientists,pew_atp_w42,"RQ4_F1BE_W42 env research scientists: cares about public interest (4pt, reversed)",ideology,Very liberal,2019,202.0,85.069,2.63,1,4,4-pt frequency (all or most/some/only a little/none of the time),WEIGHT_W42,Form 1B half-sample (n~2226)
trust_in_environmental_scientists,pew_atp_w42,"RQ4_F1BE_W42 env research scientists: cares about public interest (4pt, reversed)",income,"$30-$74,999",2019,804.0,72.333,1.23,1,4,4-pt frequency (all or most/some/only a little/none of the time),WEIGHT_W42,Form 1B half-sample (n~2226)
trust_in_environmental_scientists,pew_atp_w42,"RQ4_F1BE_W42 env research scientists: cares about public interest (4pt, reversed)",income,"$75,000+",2019,689.0,75.915,1.252,1,4,4-pt frequency (all or most/some/only a little/none of the time),WEIGHT_W42,Form 1B half-sample (n~2226)
trust_in_environmental_scientists,pew_atp_w42,"RQ4_F1BE_W42 env research scientists: cares about public interest (4pt, reversed)",income,"Less than $30,000",2019,614.0,68.516,1.626,1,4,4-pt frequency (all or most/some/only a little/none of the time),WEIGHT_W42,Form 1B half-sample (n~2226)
trust_in_environmental_scientists,pew_atp_w42,"RQ4_F1BE_W42 env research scientists: cares about public interest (4pt, reversed)",party,Democrat,2019,794.0,80.805,1.126,1,4,4-pt frequency (all or most/some/only a little/none of the time),WEIGHT_W42,Form 1B half-sample (n~2226)
trust_in_environmental_scientists,pew_atp_w42,"RQ4_F1BE_W42 env research scientists: cares about public interest (4pt, reversed)",party,Independent,2019,533.0,72.157,1.598,1,4,4-pt frequency (all or most/some/only a little/none of the time),WEIGHT_W42,Form 1B half-sample (n~2226)
trust_in_environmental_scientists,pew_atp_w42,"RQ4_F1BE_W42 env research scientists: cares about public interest (4pt, reversed)",party,Republican,2019,575.0,63.047,1.418,1,4,4-pt frequency (all or most/some/only a little/none of the time),WEIGHT_W42,Form 1B half-sample (n~2226)
trust_in_environmental_scientists,pew_atp_w42,"RQ4_F1BE_W42 env research scientists: cares about public interest (4pt, reversed)",party_lean,Dem/Lean Dem,2019,1188.0,79.239,0.966,1,4,4-pt frequency (all or most/some/only a little/none of the time),WEIGHT_W42,Form 1B half-sample (n~2226)
trust_in_environmental_scientists,pew_atp_w42,"RQ4_F1BE_W42 env research scientists: cares about public interest (4pt, reversed)",party_lean,Rep/Lean Rep,2019,901.0,62.847,1.223,1,4,4-pt frequency (all or most/some/only a little/none of the time),WEIGHT_W42,Form 1B half-sample (n~2226)
trust_in_environmental_scientists,pew_atp_w42,"RQ4_F1BE_W42 env research scientists: cares about public interest (4pt, reversed)",race,Black non-Hispanic,2019,264.0,73.117,1.963,1,4,4-pt frequency (all or most/some/only a little/none of the time),WEIGHT_W42,Form 1B half-sample (n~2226)
trust_in_environmental_scientists,pew_atp_w42,"RQ4_F1BE_W42 env research scientists: cares about public interest (4pt, reversed)",race,Hispanic,2019,345.0,70.653,2.179,1,4,4-pt frequency (all or most/some/only a little/none of the time),WEIGHT_W42,Form 1B half-sample (n~2226)
trust_in_environmental_scientists,pew_atp_w42,"RQ4_F1BE_W42 env research scientists: cares about public interest (4pt, reversed)",race,Other,2019,135.0,71.878,3.221,1,4,4-pt frequency (all or most/some/only a little/none of the time),WEIGHT_W42,Form 1B half-sample (n~2226)
trust_in_environmental_scientists,pew_atp_w42,"RQ4_F1BE_W42 env research scientists: cares about public interest (4pt, reversed)",race,White non-Hispanic,2019,1426.0,72.465,0.958,1,4,4-pt frequency (all or most/some/only a little/none of the time),WEIGHT_W42,Form 1B half-sample (n~2226)
trust_in_epidemiologists,gligoric2025,epidemiologists: mean of credible + trustworthy (7pt),ALL,ALL,2024,233.0,68.956,1.674,1,7,"7-pt bipolar (credible/trustworthy), 2-item mean",UNWEIGHTED (US online quota panel),CONTROL ARM ONLY
trust_in_epidemiologists,gligoric2025,epidemiologists: mean of credible + trustworthy (7pt),age_band,18-29,2024,78.0,67.521,2.654,1,7,"7-pt bipolar (credible/trustworthy), 2-item mean",UNWEIGHTED (US online quota panel),CONTROL ARM ONLY
trust_in_epidemiologists,gligoric2025,epidemiologists: mean of credible + trustworthy (7pt),age_band,30-44,2024,58.0,65.517,3.432,1,7,"7-pt bipolar (credible/trustworthy), 2-item mean",UNWEIGHTED (US online quota panel),CONTROL ARM ONLY
trust_in_epidemiologists,gligoric2025,epidemiologists: mean of credible + trustworthy (7pt),age_band,45-59,2024,50.0,71.667,4.012,1,7,"7-pt bipolar (credible/trustworthy), 2-item mean",UNWEIGHTED (US online quota panel),CONTROL ARM ONLY
trust_in_epidemiologists,gligoric2025,epidemiologists: mean of credible + trustworthy (7pt),age_band,60+,2024,47.0,72.695,3.662,1,7,"7-pt bipolar (credible/trustworthy), 2-item mean",UNWEIGHTED (US online quota panel),CONTROL ARM ONLY
trust_in_epidemiologists,gligoric2025,epidemiologists: mean of credible + trustworthy (7pt),education,2,2024,59.0,65.395,3.272,1,7,"7-pt bipolar (credible/trustworthy), 2-item mean",UNWEIGHTED (US online quota panel),CONTROL ARM ONLY
trust_in_epidemiologists,gligoric2025,epidemiologists: mean of credible + trustworthy (7pt),education,3,2024,26.0,70.513,5.336,1,7,"7-pt bipolar (credible/trustworthy), 2-item mean",UNWEIGHTED (US online quota panel),CONTROL ARM ONLY
trust_in_epidemiologists,gligoric2025,epidemiologists: mean of credible + trustworthy (7pt),education,4,2024,69.0,71.498,2.813,1,7,"7-pt bipolar (credible/trustworthy), 2-item mean",UNWEIGHTED (US online quota panel),CONTROL ARM ONLY
trust_in_epidemiologists,gligoric2025,epidemiologists: mean of credible + trustworthy (7pt),education,6,2024,54.0,71.142,3.769,1,7,"7-pt bipolar (credible/trustworthy), 2-item mean",UNWEIGHTED (US online quota panel),CONTROL ARM ONLY
trust_in_epidemiologists,gligoric2025,epidemiologists: mean of credible + trustworthy (7pt),gender,1,2024,116.0,68.103,2.529,1,7,"7-pt bipolar (credible/trustworthy), 2-item mean",UNWEIGHTED (US online quota panel),CONTROL ARM ONLY
trust_in_epidemiologists,gligoric2025,epidemiologists: mean of credible + trustworthy (7pt),gender,2,2024,116.0,69.971,2.219,1,7,"7-pt bipolar (credible/trustworthy), 2-item mean",UNWEIGHTED (US online quota panel),CONTROL ARM ONLY
trust_in_epidemiologists,gligoric2025,epidemiologists: mean of credible + trustworthy (7pt),ideo2,Conservative(6-10),2024,117.0,63.462,2.4,1,7,"7-pt bipolar (credible/trustworthy), 2-item mean",UNWEIGHTED (US online quota panel),CONTROL ARM ONLY
trust_in_epidemiologists,gligoric2025,epidemiologists: mean of credible + trustworthy (7pt),ideo2,Liberal(1-5),2024,116.0,74.497,2.229,1,7,"7-pt bipolar (credible/trustworthy), 2-item mean",UNWEIGHTED (US online quota panel),CONTROL ARM ONLY
trust_in_epidemiologists,gligoric2025,epidemiologists: mean of credible + trustworthy (7pt),ideology,1-2 v.liberal,2024,45.0,80.926,3.185,1,7,"7-pt bipolar (credible/trustworthy), 2-item mean",UNWEIGHTED (US online quota panel),CONTROL ARM ONLY
trust_in_epidemiologists,gligoric2025,epidemiologists: mean of credible + trustworthy (7pt),ideology,3-4 liberal,2024,54.0,68.827,3.519,1,7,"7-pt bipolar (credible/trustworthy), 2-item mean",UNWEIGHTED (US online quota panel),CONTROL ARM ONLY
trust_in_epidemiologists,gligoric2025,epidemiologists: mean of credible + trustworthy (7pt),ideology,5-6 moderate,2024,39.0,69.444,3.754,1,7,"7-pt bipolar (credible/trustworthy), 2-item mean",UNWEIGHTED (US online quota panel),CONTROL ARM ONLY
trust_in_epidemiologists,gligoric2025,epidemiologists: mean of credible + trustworthy (7pt),ideology,7-8 conservative,2024,62.0,63.038,3.204,1,7,"7-pt bipolar (credible/trustworthy), 2-item mean",UNWEIGHTED (US online quota panel),CONTROL ARM ONLY
trust_in_epidemiologists,gligoric2025,epidemiologists: mean of credible + trustworthy (7pt),ideology,9-10 v.conservative,2024,33.0,63.384,5.024,1,7,"7-pt bipolar (credible/trustworthy), 2-item mean",UNWEIGHTED (US online quota panel),CONTROL ARM ONLY
trust_in_medical_researchers,gligoric2025,medical researchers: mean of credible + trustworthy (7pt),ALL,ALL,2024,263.0,71.768,1.548,1,7,"7-pt bipolar (credible/trustworthy), 2-item mean",UNWEIGHTED (US online quota panel),CONTROL ARM ONLY
trust_in_medical_researchers,gligoric2025,medical researchers: mean of credible + trustworthy (7pt),age_band,18-29,2024,88.0,67.803,2.626,1,7,"7-pt bipolar (credible/trustworthy), 2-item mean",UNWEIGHTED (US online quota panel),CONTROL ARM ONLY
trust_in_medical_researchers,gligoric2025,medical researchers: mean of credible + trustworthy (7pt),age_band,30-44,2024,55.0,64.545,3.665,1,7,"7-pt bipolar (credible/trustworthy), 2-item mean",UNWEIGHTED (US online quota panel),CONTROL ARM ONLY
trust_in_medical_researchers,gligoric2025,medical researchers: mean of credible + trustworthy (7pt),age_band,45-59,2024,71.0,79.46,2.7,1,7,"7-pt bipolar (credible/trustworthy), 2-item mean",UNWEIGHTED (US online quota panel),CONTROL ARM ONLY
trust_in_medical_researchers,gligoric2025,medical researchers: mean of credible + trustworthy (7pt),age_band,60+,2024,49.0,75.85,3.387,1,7,"7-pt bipolar (credible/trustworthy), 2-item mean",UNWEIGHTED (US online quota panel),CONTROL ARM ONLY
trust_in_medical_researchers,gligoric2025,medical researchers: mean of credible + trustworthy (7pt),education,2,2024,88.0,67.33,2.918,1,7,"7-pt bipolar (credible/trustworthy), 2-item mean",UNWEIGHTED (US online quota panel),CONTROL ARM ONLY
trust_in_medical_researchers,gligoric2025,medical researchers: mean of credible + trustworthy (7pt),education,3,2024,37.0,74.55,3.834,1,7,"7-pt bipolar (credible/trustworthy), 2-item mean",UNWEIGHTED (US online quota panel),CONTROL ARM ONLY
trust_in_medical_researchers,gligoric2025,medical researchers: mean of credible + trustworthy (7pt),education,4,2024,57.0,74.123,3.12,1,7,"7-pt bipolar (credible/trustworthy), 2-item mean",UNWEIGHTED (US online quota panel),CONTROL ARM ONLY
trust_in_medical_researchers,gligoric2025,medical researchers: mean of credible + trustworthy (7pt),education,6,2024,53.0,75.0,3.485,1,7,"7-pt bipolar (credible/trustworthy), 2-item mean",UNWEIGHTED (US online quota panel),CONTROL ARM ONLY
trust_in_medical_researchers,gligoric2025,medical researchers: mean of credible + trustworthy (7pt),gender,1,2024,124.0,70.094,2.349,1,7,"7-pt bipolar (credible/trustworthy), 2-item mean",UNWEIGHTED (US online quota panel),CONTROL ARM ONLY
trust_in_medical_researchers,gligoric2025,medical researchers: mean of credible + trustworthy (7pt),gender,2,2024,137.0,72.993,2.068,1,7,"7-pt bipolar (credible/trustworthy), 2-item mean",UNWEIGHTED (US online quota panel),CONTROL ARM ONLY
trust_in_medical_researchers,gligoric2025,medical researchers: mean of credible + trustworthy (7pt),ideo2,Conservative(6-10),2024,127.0,68.11,2.278,1,7,"7-pt bipolar (credible/trustworthy), 2-item mean",UNWEIGHTED (US online quota panel),CONTROL ARM ONLY
trust_in_medical_researchers,gligoric2025,medical researchers: mean of credible + trustworthy (7pt),ideo2,Liberal(1-5),2024,136.0,75.184,2.072,1,7,"7-pt bipolar (credible/trustworthy), 2-item mean",UNWEIGHTED (US online quota panel),CONTROL ARM ONLY
trust_in_medical_researchers,gligoric2025,medical researchers: mean of credible + trustworthy (7pt),ideology,1-2 v.liberal,2024,52.0,79.167,3.459,1,7,"7-pt bipolar (credible/trustworthy), 2-item mean",UNWEIGHTED (US online quota panel),CONTROL ARM ONLY
trust_in_medical_researchers,gligoric2025,medical researchers: mean of credible + trustworthy (7pt),ideology,3-4 liberal,2024,65.0,71.795,2.967,1,7,"7-pt bipolar (credible/trustworthy), 2-item mean",UNWEIGHTED (US online quota panel),CONTROL ARM ONLY
trust_in_medical_researchers,gligoric2025,medical researchers: mean of credible + trustworthy (7pt),ideology,5-6 moderate,2024,42.0,75.992,2.981,1,7,"7-pt bipolar (credible/trustworthy), 2-item mean",UNWEIGHTED (US online quota panel),CONTROL ARM ONLY
trust_in_medical_researchers,gligoric2025,medical researchers: mean of credible + trustworthy (7pt),ideology,7-8 conservative,2024,67.0,67.537,3.311,1,7,"7-pt bipolar (credible/trustworthy), 2-item mean",UNWEIGHTED (US online quota panel),CONTROL ARM ONLY
trust_in_medical_researchers,gligoric2025,medical researchers: mean of credible + trustworthy (7pt),ideology,9-10 v.conservative,2024,37.0,64.189,4.426,1,7,"7-pt bipolar (credible/trustworthy), 2-item mean",UNWEIGHTED (US online quota panel),CONTROL ARM ONLY
trust_in_medical_scientists,pew_atp_w100,"CONF_F_W100 confidence Medical scientists act in best interests (4pt, reversed)",ALL,ALL,2021,7254.0,67.641,0.475,1,4,4-pt confidence (great deal/fair amount/not too much/none),WEIGHT_W100,form split half-sample
trust_in_medical_scientists,pew_atp_w100,"CONF_F_W100 confidence Medical scientists act in best interests (4pt, reversed)",age_band,18-29,2021,686.0,68.391,1.538,1,4,4-pt confidence (great deal/fair amount/not too much/none),WEIGHT_W100,form split half-sample
trust_in_medical_scientists,pew_atp_w100,"CONF_F_W100 confidence Medical scientists act in best interests (4pt, reversed)",age_band,30-49,2021,2255.0,66.521,0.807,1,4,4-pt confidence (great deal/fair amount/not too much/none),WEIGHT_W100,form split half-sample
trust_in_medical_scientists,pew_atp_w100,"CONF_F_W100 confidence Medical scientists act in best interests (4pt, reversed)",age_band,50-64,2021,2113.0,65.883,0.837,1,4,4-pt confidence (great deal/fair amount/not too much/none),WEIGHT_W100,form split half-sample
trust_in_medical_scientists,pew_atp_w100,"CONF_F_W100 confidence Medical scientists act in best interests (4pt, reversed)",age_band,65+,2021,2179.0,71.005,0.8,1,4,4-pt confidence (great deal/fair amount/not too much/none),WEIGHT_W100,form split half-sample
trust_in_medical_scientists,pew_atp_w100,"CONF_F_W100 confidence Medical scientists act in best interests (4pt, reversed)",education,College graduate+,2021,3242.0,74.398,0.606,1,4,4-pt confidence (great deal/fair amount/not too much/none),WEIGHT_W100,form split half-sample
trust_in_medical_scientists,pew_atp_w100,"CONF_F_W100 confidence Medical scientists act in best interests (4pt, reversed)",education,H.S. graduate or less,2021,1687.0,62.828,0.919,1,4,4-pt confidence (great deal/fair amount/not too much/none),WEIGHT_W100,form split half-sample
trust_in_medical_scientists,pew_atp_w100,"CONF_F_W100 confidence Medical scientists act in best interests (4pt, reversed)",education,Some college,2021,2314.0,66.021,0.839,1,4,4-pt confidence (great deal/fair amount/not too much/none),WEIGHT_W100,form split half-sample
trust_in_medical_scientists,pew_atp_w100,"CONF_F_W100 confidence Medical scientists act in best interests (4pt, reversed)",education3,College graduate+,2021,3242.0,74.398,0.606,1,4,4-pt confidence (great deal/fair amount/not too much/none),WEIGHT_W100,form split half-sample
trust_in_medical_scientists,pew_atp_w100,"CONF_F_W100 confidence Medical scientists act in best interests (4pt, reversed)",education3,H.S. graduate or less,2021,1687.0,62.828,0.919,1,4,4-pt confidence (great deal/fair amount/not too much/none),WEIGHT_W100,form split half-sample
trust_in_medical_scientists,pew_atp_w100,"CONF_F_W100 confidence Medical scientists act in best interests (4pt, reversed)",education3,Some college,2021,2314.0,66.021,0.839,1,4,4-pt confidence (great deal/fair amount/not too much/none),WEIGHT_W100,form split half-sample
trust_in_medical_scientists,pew_atp_w100,"CONF_F_W100 confidence Medical scientists act in best interests (4pt, reversed)",ideology,Conservative,2021,1654.0,60.207,0.869,1,4,4-pt confidence (great deal/fair amount/not too much/none),WEIGHT_W100,form split half-sample
trust_in_medical_scientists,pew_atp_w100,"CONF_F_W100 confidence Medical scientists act in best interests (4pt, reversed)",ideology,Liberal,2021,1308.0,79.801,0.945,1,4,4-pt confidence (great deal/fair amount/not too much/none),WEIGHT_W100,form split half-sample
trust_in_medical_scientists,pew_atp_w100,"CONF_F_W100 confidence Medical scientists act in best interests (4pt, reversed)",ideology,Moderate,2021,2891.0,70.769,0.73,1,4,4-pt confidence (great deal/fair amount/not too much/none),WEIGHT_W100,form split half-sample
trust_in_medical_scientists,pew_atp_w100,"CONF_F_W100 confidence Medical scientists act in best interests (4pt, reversed)",ideology,Very conservative,2021,604.0,49.261,1.599,1,4,4-pt confidence (great deal/fair amount/not too much/none),WEIGHT_W100,form split half-sample
trust_in_medical_scientists,pew_atp_w100,"CONF_F_W100 confidence Medical scientists act in best interests (4pt, reversed)",ideology,Very liberal,2021,568.0,79.882,1.493,1,4,4-pt confidence (great deal/fair amount/not too much/none),WEIGHT_W100,form split half-sample
trust_in_medical_scientists,pew_atp_w100,"CONF_F_W100 confidence Medical scientists act in best interests (4pt, reversed)",party,Democrat,2021,3001.0,78.963,0.672,1,4,4-pt confidence (great deal/fair amount/not too much/none),WEIGHT_W100,form split half-sample
trust_in_medical_scientists,pew_atp_w100,"CONF_F_W100 confidence Medical scientists act in best interests (4pt, reversed)",party,Independent,2021,1776.0,68.719,0.873,1,4,4-pt confidence (great deal/fair amount/not too much/none),WEIGHT_W100,form split half-sample
trust_in_medical_scientists,pew_atp_w100,"CONF_F_W100 confidence Medical scientists act in best interests (4pt, reversed)",party,Republican,2021,1689.0,56.652,0.896,1,4,4-pt confidence (great deal/fair amount/not too much/none),WEIGHT_W100,form split half-sample
trust_in_medical_scientists,pew_atp_w100,"CONF_F_W100 confidence Medical scientists act in best interests (4pt, reversed)",party_lean,Dem/Lean Dem,2021,4257.0,77.47,0.575,1,4,4-pt confidence (great deal/fair amount/not too much/none),WEIGHT_W100,form split half-sample
trust_in_medical_scientists,pew_atp_w100,"CONF_F_W100 confidence Medical scientists act in best interests (4pt, reversed)",party_lean,Rep/Lean Rep,2021,2691.0,57.561,0.718,1,4,4-pt confidence (great deal/fair amount/not too much/none),WEIGHT_W100,form split half-sample
trust_in_medical_scientists,pew_atp_w100,"CONF_F_W100 confidence Medical scientists act in best interests (4pt, reversed)",race,Asian non-Hispanic,2021,186.0,75.906,2.453,1,4,4-pt confidence (great deal/fair amount/not too much/none),WEIGHT_W100,form split half-sample
trust_in_medical_scientists,pew_atp_w100,"CONF_F_W100 confidence Medical scientists act in best interests (4pt, reversed)",race,Black non-Hispanic,2021,1520.0,66.719,1.336,1,4,4-pt confidence (great deal/fair amount/not too much/none),WEIGHT_W100,form split half-sample
trust_in_medical_scientists,pew_atp_w100,"CONF_F_W100 confidence Medical scientists act in best interests (4pt, reversed)",race,Hispanic,2021,1886.0,67.836,1.008,1,4,4-pt confidence (great deal/fair amount/not too much/none),WEIGHT_W100,form split half-sample
trust_in_medical_scientists,pew_atp_w100,"CONF_F_W100 confidence Medical scientists act in best interests (4pt, reversed)",race,Other,2021,340.0,62.343,2.405,1,4,4-pt confidence (great deal/fair amount/not too much/none),WEIGHT_W100,form split half-sample
trust_in_medical_scientists,pew_atp_w100,"CONF_F_W100 confidence Medical scientists act in best interests (4pt, reversed)",race,White non-Hispanic,2021,3316.0,67.401,0.61,1,4,4-pt confidence (great deal/fair amount/not too much/none),WEIGHT_W100,form split half-sample
trust_in_medical_scientists,pew_atp_w114,"CONF_F_W114 confidence Medical scientists act in best interests (4pt, reversed)",ALL,ALL,2022,5297.0,68.523,0.551,1,4,4-pt confidence (great deal/fair amount/not too much/none),WEIGHT_W114,form split half-sample
trust_in_medical_scientists,pew_atp_w114,"CONF_F_W114 confidence Medical scientists act in best interests (4pt, reversed)",age_band,18 to 29,2022,437.0,71.348,1.573,1,4,4-pt confidence (great deal/fair amount/not too much/none),WEIGHT_W114,form split half-sample
trust_in_medical_scientists,pew_atp_w114,"CONF_F_W114 confidence Medical scientists act in best interests (4pt, reversed)",age_band,30 to 49,2022,1724.0,67.195,0.95,1,4,4-pt confidence (great deal/fair amount/not too much/none),WEIGHT_W114,form split half-sample
trust_in_medical_scientists,pew_atp_w114,"CONF_F_W114 confidence Medical scientists act in best interests (4pt, reversed)",age_band,50 to 64,2022,1513.0,66.287,0.976,1,4,4-pt confidence (great deal/fair amount/not too much/none),WEIGHT_W114,form split half-sample
trust_in_medical_scientists,pew_atp_w114,"CONF_F_W114 confidence Medical scientists act in best interests (4pt, reversed)",age_band,65 or older,2022,1607.0,70.5,0.964,1,4,4-pt confidence (great deal/fair amount/not too much/none),WEIGHT_W114,form split half-sample
trust_in_medical_scientists,pew_atp_w114,"CONF_F_W114 confidence Medical scientists act in best interests (4pt, reversed)",education,Associate's degree,2022,596.0,66.313,1.565,1,4,4-pt confidence (great deal/fair amount/not too much/none),WEIGHT_W114,form split half-sample
trust_in_medical_scientists,pew_atp_w114,"CONF_F_W114 confidence Medical scientists act in best interests (4pt, reversed)",education,College graduate/some post grad,2022,1357.0,72.744,0.831,1,4,4-pt confidence (great deal/fair amount/not too much/none),WEIGHT_W114,form split half-sample
trust_in_medical_scientists,pew_atp_w114,"CONF_F_W114 confidence Medical scientists act in best interests (4pt, reversed)",education,High school graduate,2022,787.0,65.696,1.265,1,4,4-pt confidence (great deal/fair amount/not too much/none),WEIGHT_W114,form split half-sample
trust_in_medical_scientists,pew_atp_w114,"CONF_F_W114 confidence Medical scientists act in best interests (4pt, reversed)",education,Less than high school,2022,178.0,65.259,2.783,1,4,4-pt confidence (great deal/fair amount/not too much/none),WEIGHT_W114,form split half-sample
trust_in_medical_scientists,pew_atp_w114,"CONF_F_W114 confidence Medical scientists act in best interests (4pt, reversed)",education,Postgraduate,2022,1240.0,76.138,0.846,1,4,4-pt confidence (great deal/fair amount/not too much/none),WEIGHT_W114,form split half-sample
trust_in_medical_scientists,pew_atp_w114,"CONF_F_W114 confidence Medical scientists act in best interests (4pt, reversed)",education,"Some college, no degree",2022,1122.0,66.04,1.173,1,4,4-pt confidence (great deal/fair amount/not too much/none),WEIGHT_W114,form split half-sample
trust_in_medical_scientists,pew_atp_w114,"CONF_F_W114 confidence Medical scientists act in best interests (4pt, reversed)",education3,College graduate or more,2022,2597.0,74.312,0.594,1,4,4-pt confidence (great deal/fair amount/not too much/none),WEIGHT_W114,form split half-sample
trust_in_medical_scientists,pew_atp_w114,"CONF_F_W114 confidence Medical scientists act in best interests (4pt, reversed)",education3,High school graduate or less,2022,965.0,65.599,1.16,1,4,4-pt confidence (great deal/fair amount/not too much/none),WEIGHT_W114,form split half-sample
trust_in_medical_scientists,pew_atp_w114,"CONF_F_W114 confidence Medical scientists act in best interests (4pt, reversed)",education3,Some college,2022,1718.0,66.129,0.941,1,4,4-pt confidence (great deal/fair amount/not too much/none),WEIGHT_W114,form split half-sample
trust_in_medical_scientists,pew_atp_w114,"CONF_F_W114 confidence Medical scientists act in best interests (4pt, reversed)",ideology,Conservative,2022,1368.0,60.743,1.064,1,4,4-pt confidence (great deal/fair amount/not too much/none),WEIGHT_W114,form split half-sample
trust_in_medical_scientists,pew_atp_w114,"CONF_F_W114 confidence Medical scientists act in best interests (4pt, reversed)",ideology,Liberal,2022,947.0,80.314,1.074,1,4,4-pt confidence (great deal/fair amount/not too much/none),WEIGHT_W114,form split half-sample
trust_in_medical_scientists,pew_atp_w114,"CONF_F_W114 confidence Medical scientists act in best interests (4pt, reversed)",ideology,Moderate,2022,1936.0,71.556,0.82,1,4,4-pt confidence (great deal/fair amount/not too much/none),WEIGHT_W114,form split half-sample
trust_in_medical_scientists,pew_atp_w114,"CONF_F_W114 confidence Medical scientists act in best interests (4pt, reversed)",ideology,Very conservative,2022,493.0,46.797,1.975,1,4,4-pt confidence (great deal/fair amount/not too much/none),WEIGHT_W114,form split half-sample
trust_in_medical_scientists,pew_atp_w114,"CONF_F_W114 confidence Medical scientists act in best interests (4pt, reversed)",ideology,Very liberal,2022,452.0,79.656,1.867,1,4,4-pt confidence (great deal/fair amount/not too much/none),WEIGHT_W114,form split half-sample
trust_in_medical_scientists,pew_atp_w114,"CONF_F_W114 confidence Medical scientists act in best interests (4pt, reversed)",party,Democrat,2022,1678.0,79.975,0.861,1,4,4-pt confidence (great deal/fair amount/not too much/none),WEIGHT_W114,form split half-sample
trust_in_medical_scientists,pew_atp_w114,"CONF_F_W114 confidence Medical scientists act in best interests (4pt, reversed)",party,Independent,2022,1392.0,68.35,1.117,1,4,4-pt confidence (great deal/fair amount/not too much/none),WEIGHT_W114,form split half-sample
trust_in_medical_scientists,pew_atp_w114,"CONF_F_W114 confidence Medical scientists act in best interests (4pt, reversed)",party,Republican,2022,1626.0,59.121,0.919,1,4,4-pt confidence (great deal/fair amount/not too much/none),WEIGHT_W114,form split half-sample
trust_in_medical_scientists,pew_atp_w114,"CONF_F_W114 confidence Medical scientists act in best interests (4pt, reversed)",race,Asian non-Hispanic,2022,186.0,80.693,2.325,1,4,4-pt confidence (great deal/fair amount/not too much/none),WEIGHT_W114,form split half-sample
trust_in_medical_scientists,pew_atp_w114,"CONF_F_W114 confidence Medical scientists act in best interests (4pt, reversed)",race,Black non-Hispanic,2022,580.0,68.937,1.63,1,4,4-pt confidence (great deal/fair amount/not too much/none),WEIGHT_W114,form split half-sample
trust_in_medical_scientists,pew_atp_w114,"CONF_F_W114 confidence Medical scientists act in best interests (4pt, reversed)",race,Hispanic,2022,707.0,67.932,1.707,1,4,4-pt confidence (great deal/fair amount/not too much/none),WEIGHT_W114,form split half-sample
trust_in_medical_scientists,pew_atp_w114,"CONF_F_W114 confidence Medical scientists act in best interests (4pt, reversed)",race,Other,2022,171.0,66.485,3.073,1,4,4-pt confidence (great deal/fair amount/not too much/none),WEIGHT_W114,form split half-sample
trust_in_medical_scientists,pew_atp_w114,"CONF_F_W114 confidence Medical scientists act in best interests (4pt, reversed)",race,White non-Hispanic,2022,3585.0,67.915,0.643,1,4,4-pt confidence (great deal/fair amount/not too much/none),WEIGHT_W114,form split half-sample
trust_in_medical_scientists,pew_atp_w42,"CONFD_F1_W42 confidence Medical scientists act in best interests (4pt, reversed)",ALL,ALL,2019,2222.0,73.037,0.703,1,4,4-pt confidence (great deal/fair amount/not too much/none),WEIGHT_W42,form split half-sample
trust_in_medical_scientists,pew_atp_w42,"CONFD_F1_W42 confidence Medical scientists act in best interests (4pt, reversed)",age_band,18 to 29,2019,371.0,72.084,1.819,1,4,4-pt confidence (great deal/fair amount/not too much/none),WEIGHT_W42,form split half-sample
trust_in_medical_scientists,pew_atp_w42,"CONFD_F1_W42 confidence Medical scientists act in best interests (4pt, reversed)",age_band,30 to 49,2019,708.0,71.267,1.337,1,4,4-pt confidence (great deal/fair amount/not too much/none),WEIGHT_W42,form split half-sample
trust_in_medical_scientists,pew_atp_w42,"CONFD_F1_W42 confidence Medical scientists act in best interests (4pt, reversed)",age_band,50 to 64,2019,646.0,74.474,1.184,1,4,4-pt confidence (great deal/fair amount/not too much/none),WEIGHT_W42,form split half-sample
trust_in_medical_scientists,pew_atp_w42,"CONFD_F1_W42 confidence Medical scientists act in best interests (4pt, reversed)",age_band,65 or older,2019,494.0,75.196,1.197,1,4,4-pt confidence (great deal/fair amount/not too much/none),WEIGHT_W42,form split half-sample
trust_in_medical_scientists,pew_atp_w42,"CONFD_F1_W42 confidence Medical scientists act in best interests (4pt, reversed)",education,Associate's degree,2019,198.0,73.335,2.294,1,4,4-pt confidence (great deal/fair amount/not too much/none),WEIGHT_W42,form split half-sample
trust_in_medical_scientists,pew_atp_w42,"CONFD_F1_W42 confidence Medical scientists act in best interests (4pt, reversed)",education,College graduate/some post grad,2019,456.0,77.076,1.285,1,4,4-pt confidence (great deal/fair amount/not too much/none),WEIGHT_W42,form split half-sample
trust_in_medical_scientists,pew_atp_w42,"CONFD_F1_W42 confidence Medical scientists act in best interests (4pt, reversed)",education,High school graduate,2019,661.0,70.444,1.36,1,4,4-pt confidence (great deal/fair amount/not too much/none),WEIGHT_W42,form split half-sample
trust_in_medical_scientists,pew_atp_w42,"CONFD_F1_W42 confidence Medical scientists act in best interests (4pt, reversed)",education,Less than high school,2019,157.0,70.886,2.727,1,4,4-pt confidence (great deal/fair amount/not too much/none),WEIGHT_W42,form split half-sample
trust_in_medical_scientists,pew_atp_w42,"CONFD_F1_W42 confidence Medical scientists act in best interests (4pt, reversed)",education,Postgraduate,2019,325.0,76.876,1.52,1,4,4-pt confidence (great deal/fair amount/not too much/none),WEIGHT_W42,form split half-sample
trust_in_medical_scientists,pew_atp_w42,"CONFD_F1_W42 confidence Medical scientists act in best interests (4pt, reversed)",education,"Some college, no degree",2019,422.0,72.021,1.644,1,4,4-pt confidence (great deal/fair amount/not too much/none),WEIGHT_W42,form split half-sample
trust_in_medical_scientists,pew_atp_w42,"CONFD_F1_W42 confidence Medical scientists act in best interests (4pt, reversed)",education3,College graduate or more,2019,781.0,76.994,0.981,1,4,4-pt confidence (great deal/fair amount/not too much/none),WEIGHT_W42,form split half-sample
trust_in_medical_scientists,pew_atp_w42,"CONFD_F1_W42 confidence Medical scientists act in best interests (4pt, reversed)",education3,H.S. graduate or less,2019,818.0,70.544,1.219,1,4,4-pt confidence (great deal/fair amount/not too much/none),WEIGHT_W42,form split half-sample
trust_in_medical_scientists,pew_atp_w42,"CONFD_F1_W42 confidence Medical scientists act in best interests (4pt, reversed)",education3,Some college,2019,620.0,72.453,1.336,1,4,4-pt confidence (great deal/fair amount/not too much/none),WEIGHT_W42,form split half-sample
trust_in_medical_scientists,pew_atp_w42,"CONFD_F1_W42 confidence Medical scientists act in best interests (4pt, reversed)",gender,Female,2019,1237.0,73.253,0.952,1,4,4-pt confidence (great deal/fair amount/not too much/none),WEIGHT_W42,form split half-sample
trust_in_medical_scientists,pew_atp_w42,"CONFD_F1_W42 confidence Medical scientists act in best interests (4pt, reversed)",gender,Male,2019,983.0,72.815,1.04,1,4,4-pt confidence (great deal/fair amount/not too much/none),WEIGHT_W42,form split half-sample
trust_in_medical_scientists,pew_atp_w42,"CONFD_F1_W42 confidence Medical scientists act in best interests (4pt, reversed)",ideology,Conservative,2019,519.0,72.691,1.46,1,4,4-pt confidence (great deal/fair amount/not too much/none),WEIGHT_W42,form split half-sample
trust_in_medical_scientists,pew_atp_w42,"CONFD_F1_W42 confidence Medical scientists act in best interests (4pt, reversed)",ideology,Liberal,2019,420.0,73.18,1.617,1,4,4-pt confidence (great deal/fair amount/not too much/none),WEIGHT_W42,form split half-sample
trust_in_medical_scientists,pew_atp_w42,"CONFD_F1_W42 confidence Medical scientists act in best interests (4pt, reversed)",ideology,Moderate,2019,846.0,74.339,1.053,1,4,4-pt confidence (great deal/fair amount/not too much/none),WEIGHT_W42,form split half-sample
trust_in_medical_scientists,pew_atp_w42,"CONFD_F1_W42 confidence Medical scientists act in best interests (4pt, reversed)",ideology,Very conservative,2019,181.0,67.597,2.283,1,4,4-pt confidence (great deal/fair amount/not too much/none),WEIGHT_W42,form split half-sample
trust_in_medical_scientists,pew_atp_w42,"CONFD_F1_W42 confidence Medical scientists act in best interests (4pt, reversed)",ideology,Very liberal,2019,202.0,77.203,2.703,1,4,4-pt confidence (great deal/fair amount/not too much/none),WEIGHT_W42,form split half-sample
trust_in_medical_scientists,pew_atp_w42,"CONFD_F1_W42 confidence Medical scientists act in best interests (4pt, reversed)",income,"$30-$74,999",2019,811.0,73.339,1.11,1,4,4-pt confidence (great deal/fair amount/not too much/none),WEIGHT_W42,form split half-sample
trust_in_medical_scientists,pew_atp_w42,"CONFD_F1_W42 confidence Medical scientists act in best interests (4pt, reversed)",income,"$75,000+",2019,701.0,76.269,1.017,1,4,4-pt confidence (great deal/fair amount/not too much/none),WEIGHT_W42,form split half-sample
trust_in_medical_scientists,pew_atp_w42,"CONFD_F1_W42 confidence Medical scientists act in best interests (4pt, reversed)",income,"Less than $30,000",2019,620.0,69.017,1.607,1,4,4-pt confidence (great deal/fair amount/not too much/none),WEIGHT_W42,form split half-sample
trust_in_medical_scientists,pew_atp_w42,"CONFD_F1_W42 confidence Medical scientists act in best interests (4pt, reversed)",party,Democrat,2019,800.0,76.124,1.12,1,4,4-pt confidence (great deal/fair amount/not too much/none),WEIGHT_W42,form split half-sample
trust_in_medical_scientists,pew_atp_w42,"CONFD_F1_W42 confidence Medical scientists act in best interests (4pt, reversed)",party,Independent,2019,538.0,73.452,1.237,1,4,4-pt confidence (great deal/fair amount/not too much/none),WEIGHT_W42,form split half-sample
trust_in_medical_scientists,pew_atp_w42,"CONFD_F1_W42 confidence Medical scientists act in best interests (4pt, reversed)",party,Republican,2019,591.0,72.58,1.222,1,4,4-pt confidence (great deal/fair amount/not too much/none),WEIGHT_W42,form split half-sample
trust_in_medical_scientists,pew_atp_w42,"CONFD_F1_W42 confidence Medical scientists act in best interests (4pt, reversed)",party_lean,Dem/Lean Dem,2019,1198.0,73.894,0.975,1,4,4-pt confidence (great deal/fair amount/not too much/none),WEIGHT_W42,form split half-sample
trust_in_medical_scientists,pew_atp_w42,"CONFD_F1_W42 confidence Medical scientists act in best interests (4pt, reversed)",party_lean,Rep/Lean Rep,2019,919.0,72.38,1.041,1,4,4-pt confidence (great deal/fair amount/not too much/none),WEIGHT_W42,form split half-sample
trust_in_medical_scientists,pew_atp_w42,"CONFD_F1_W42 confidence Medical scientists act in best interests (4pt, reversed)",race,Black non-Hispanic,2019,265.0,68.701,2.116,1,4,4-pt confidence (great deal/fair amount/not too much/none),WEIGHT_W42,form split half-sample
trust_in_medical_scientists,pew_atp_w42,"CONFD_F1_W42 confidence Medical scientists act in best interests (4pt, reversed)",race,Hispanic,2019,347.0,73.486,2.088,1,4,4-pt confidence (great deal/fair amount/not too much/none),WEIGHT_W42,form split half-sample
trust_in_medical_scientists,pew_atp_w42,"CONFD_F1_W42 confidence Medical scientists act in best interests (4pt, reversed)",race,Other,2019,138.0,70.743,3.343,1,4,4-pt confidence (great deal/fair amount/not too much/none),WEIGHT_W42,form split half-sample
trust_in_medical_scientists,pew_atp_w42,"CONFD_F1_W42 confidence Medical scientists act in best interests (4pt, reversed)",race,White non-Hispanic,2019,1449.0,74.093,0.781,1,4,4-pt confidence (great deal/fair amount/not too much/none),WEIGHT_W42,form split half-sample
trust_in_medical_scientists,pew_atp_w42,"RQ4_F1A 5-item mean medical research scientists (4pt, reversed)",ALL,ALL,2019,2210.0,66.801,0.592,1,4,"4-pt frequency, 5-item composite",WEIGHT_W42,Form 1A half-sample
trust_in_medical_scientists,pew_atp_w42,"RQ4_F1A 5-item mean medical research scientists (4pt, reversed)",age_band,18 to 29,2019,369.0,66.648,1.491,1,4,"4-pt frequency, 5-item composite",WEIGHT_W42,Form 1A half-sample
trust_in_medical_scientists,pew_atp_w42,"RQ4_F1A 5-item mean medical research scientists (4pt, reversed)",age_band,30 to 49,2019,706.0,65.534,1.139,1,4,"4-pt frequency, 5-item composite",WEIGHT_W42,Form 1A half-sample
trust_in_medical_scientists,pew_atp_w42,"RQ4_F1A 5-item mean medical research scientists (4pt, reversed)",age_band,50 to 64,2019,640.0,66.327,1.004,1,4,"4-pt frequency, 5-item composite",WEIGHT_W42,Form 1A half-sample
trust_in_medical_scientists,pew_atp_w42,"RQ4_F1A 5-item mean medical research scientists (4pt, reversed)",age_band,65 or older,2019,492.0,69.783,1.012,1,4,"4-pt frequency, 5-item composite",WEIGHT_W42,Form 1A half-sample
trust_in_medical_scientists,pew_atp_w42,"RQ4_F1A 5-item mean medical research scientists (4pt, reversed)",education,Associate's degree,2019,196.0,65.798,2.486,1,4,"4-pt frequency, 5-item composite",WEIGHT_W42,Form 1A half-sample
trust_in_medical_scientists,pew_atp_w42,"RQ4_F1A 5-item mean medical research scientists (4pt, reversed)",education,College graduate/some post grad,2019,453.0,71.157,0.913,1,4,"4-pt frequency, 5-item composite",WEIGHT_W42,Form 1A half-sample
trust_in_medical_scientists,pew_atp_w42,"RQ4_F1A 5-item mean medical research scientists (4pt, reversed)",education,High school graduate,2019,656.0,64.656,1.074,1,4,"4-pt frequency, 5-item composite",WEIGHT_W42,Form 1A half-sample
trust_in_medical_scientists,pew_atp_w42,"RQ4_F1A 5-item mean medical research scientists (4pt, reversed)",education,Less than high school,2019,155.0,60.562,2.266,1,4,"4-pt frequency, 5-item composite",WEIGHT_W42,Form 1A half-sample
trust_in_medical_scientists,pew_atp_w42,"RQ4_F1A 5-item mean medical research scientists (4pt, reversed)",education,Postgraduate,2019,325.0,71.435,1.484,1,4,"4-pt frequency, 5-item composite",WEIGHT_W42,Form 1A half-sample
trust_in_medical_scientists,pew_atp_w42,"RQ4_F1A 5-item mean medical research scientists (4pt, reversed)",education,"Some college, no degree",2019,422.0,66.724,1.317,1,4,"4-pt frequency, 5-item composite",WEIGHT_W42,Form 1A half-sample
trust_in_medical_scientists,pew_atp_w42,"RQ4_F1A 5-item mean medical research scientists (4pt, reversed)",education3,College graduate or more,2019,778.0,71.272,0.814,1,4,"4-pt frequency, 5-item composite",WEIGHT_W42,Form 1A half-sample
trust_in_medical_scientists,pew_atp_w42,"RQ4_F1A 5-item mean medical research scientists (4pt, reversed)",education3,H.S. graduate or less,2019,811.0,63.737,0.977,1,4,"4-pt frequency, 5-item composite",WEIGHT_W42,Form 1A half-sample
trust_in_medical_scientists,pew_atp_w42,"RQ4_F1A 5-item mean medical research scientists (4pt, reversed)",education3,Some college,2019,618.0,66.421,1.204,1,4,"4-pt frequency, 5-item composite",WEIGHT_W42,Form 1A half-sample
trust_in_medical_scientists,pew_atp_w42,"RQ4_F1A 5-item mean medical research scientists (4pt, reversed)",gender,Female,2019,1231.0,66.604,0.833,1,4,"4-pt frequency, 5-item composite",WEIGHT_W42,Form 1A half-sample
trust_in_medical_scientists,pew_atp_w42,"RQ4_F1A 5-item mean medical research scientists (4pt, reversed)",gender,Male,2019,977.0,67.013,0.843,1,4,"4-pt frequency, 5-item composite",WEIGHT_W42,Form 1A half-sample
trust_in_medical_scientists,pew_atp_w42,"RQ4_F1A 5-item mean medical research scientists (4pt, reversed)",ideology,Conservative,2019,514.0,66.08,1.017,1,4,"4-pt frequency, 5-item composite",WEIGHT_W42,Form 1A half-sample
trust_in_medical_scientists,pew_atp_w42,"RQ4_F1A 5-item mean medical research scientists (4pt, reversed)",ideology,Liberal,2019,418.0,69.935,1.449,1,4,"4-pt frequency, 5-item composite",WEIGHT_W42,Form 1A half-sample
trust_in_medical_scientists,pew_atp_w42,"RQ4_F1A 5-item mean medical research scientists (4pt, reversed)",ideology,Moderate,2019,840.0,67.659,0.856,1,4,"4-pt frequency, 5-item composite",WEIGHT_W42,Form 1A half-sample
trust_in_medical_scientists,pew_atp_w42,"RQ4_F1A 5-item mean medical research scientists (4pt, reversed)",ideology,Very conservative,2019,181.0,60.588,1.761,1,4,"4-pt frequency, 5-item composite",WEIGHT_W42,Form 1A half-sample
trust_in_medical_scientists,pew_atp_w42,"RQ4_F1A 5-item mean medical research scientists (4pt, reversed)",ideology,Very liberal,2019,201.0,68.86,2.575,1,4,"4-pt frequency, 5-item composite",WEIGHT_W42,Form 1A half-sample
trust_in_medical_scientists,pew_atp_w42,"RQ4_F1A 5-item mean medical research scientists (4pt, reversed)",income,"$30-$74,999",2019,808.0,66.892,0.894,1,4,"4-pt frequency, 5-item composite",WEIGHT_W42,Form 1A half-sample
trust_in_medical_scientists,pew_atp_w42,"RQ4_F1A 5-item mean medical research scientists (4pt, reversed)",income,"$75,000+",2019,699.0,70.964,0.91,1,4,"4-pt frequency, 5-item composite",WEIGHT_W42,Form 1A half-sample
trust_in_medical_scientists,pew_atp_w42,"RQ4_F1A 5-item mean medical research scientists (4pt, reversed)",income,"Less than $30,000",2019,616.0,62.511,1.317,1,4,"4-pt frequency, 5-item composite",WEIGHT_W42,Form 1A half-sample
trust_in_medical_scientists,pew_atp_w42,"RQ4_F1A 5-item mean medical research scientists (4pt, reversed)",party,Democrat,2019,794.0,69.952,0.993,1,4,"4-pt frequency, 5-item composite",WEIGHT_W42,Form 1A half-sample
trust_in_medical_scientists,pew_atp_w42,"RQ4_F1A 5-item mean medical research scientists (4pt, reversed)",party,Independent,2019,536.0,68.225,1.123,1,4,"4-pt frequency, 5-item composite",WEIGHT_W42,Form 1A half-sample
trust_in_medical_scientists,pew_atp_w42,"RQ4_F1A 5-item mean medical research scientists (4pt, reversed)",party,Republican,2019,585.0,65.985,0.931,1,4,"4-pt frequency, 5-item composite",WEIGHT_W42,Form 1A half-sample
trust_in_medical_scientists,pew_atp_w42,"RQ4_F1A 5-item mean medical research scientists (4pt, reversed)",party_lean,Dem/Lean Dem,2019,1190.0,68.333,0.836,1,4,"4-pt frequency, 5-item composite",WEIGHT_W42,Form 1A half-sample
trust_in_medical_scientists,pew_atp_w42,"RQ4_F1A 5-item mean medical research scientists (4pt, reversed)",party_lean,Rep/Lean Rep,2019,913.0,65.262,0.809,1,4,"4-pt frequency, 5-item composite",WEIGHT_W42,Form 1A half-sample
trust_in_medical_scientists,pew_atp_w42,"RQ4_F1A 5-item mean medical research scientists (4pt, reversed)",race,Black non-Hispanic,2019,263.0,65.264,1.896,1,4,"4-pt frequency, 5-item composite",WEIGHT_W42,Form 1A half-sample
trust_in_medical_scientists,pew_atp_w42,"RQ4_F1A 5-item mean medical research scientists (4pt, reversed)",race,Hispanic,2019,347.0,64.172,1.763,1,4,"4-pt frequency, 5-item composite",WEIGHT_W42,Form 1A half-sample
trust_in_medical_scientists,pew_atp_w42,"RQ4_F1A 5-item mean medical research scientists (4pt, reversed)",race,Other,2019,137.0,63.906,2.455,1,4,"4-pt frequency, 5-item composite",WEIGHT_W42,Form 1A half-sample
trust_in_medical_scientists,pew_atp_w42,"RQ4_F1A 5-item mean medical research scientists (4pt, reversed)",race,White non-Hispanic,2019,1441.0,68.164,0.67,1,4,"4-pt frequency, 5-item composite",WEIGHT_W42,Form 1A half-sample
trust_in_meteorologists,gligoric2025,meteorologists: mean of credible + trustworthy (7pt),ALL,ALL,2024,241.0,69.156,1.526,1,7,"7-pt bipolar (credible/trustworthy), 2-item mean",UNWEIGHTED (US online quota panel),CONTROL ARM ONLY
trust_in_meteorologists,gligoric2025,meteorologists: mean of credible + trustworthy (7pt),age_band,18-29,2024,73.0,65.753,2.733,1,7,"7-pt bipolar (credible/trustworthy), 2-item mean",UNWEIGHTED (US online quota panel),CONTROL ARM ONLY
trust_in_meteorologists,gligoric2025,meteorologists: mean of credible + trustworthy (7pt),age_band,30-44,2024,55.0,63.939,3.357,1,7,"7-pt bipolar (credible/trustworthy), 2-item mean",UNWEIGHTED (US online quota panel),CONTROL ARM ONLY
trust_in_meteorologists,gligoric2025,meteorologists: mean of credible + trustworthy (7pt),age_band,45-59,2024,65.0,75.0,2.565,1,7,"7-pt bipolar (credible/trustworthy), 2-item mean",UNWEIGHTED (US online quota panel),CONTROL ARM ONLY
trust_in_meteorologists,gligoric2025,meteorologists: mean of credible + trustworthy (7pt),age_band,60+,2024,48.0,72.396,3.614,1,7,"7-pt bipolar (credible/trustworthy), 2-item mean",UNWEIGHTED (US online quota panel),CONTROL ARM ONLY
trust_in_meteorologists,gligoric2025,meteorologists: mean of credible + trustworthy (7pt),education,2,2024,82.0,66.667,2.471,1,7,"7-pt bipolar (credible/trustworthy), 2-item mean",UNWEIGHTED (US online quota panel),CONTROL ARM ONLY
trust_in_meteorologists,gligoric2025,meteorologists: mean of credible + trustworthy (7pt),education,3,2024,27.0,71.605,3.648,1,7,"7-pt bipolar (credible/trustworthy), 2-item mean",UNWEIGHTED (US online quota panel),CONTROL ARM ONLY
trust_in_meteorologists,gligoric2025,meteorologists: mean of credible + trustworthy (7pt),education,4,2024,56.0,72.321,3.172,1,7,"7-pt bipolar (credible/trustworthy), 2-item mean",UNWEIGHTED (US online quota panel),CONTROL ARM ONLY
trust_in_meteorologists,gligoric2025,meteorologists: mean of credible + trustworthy (7pt),education,6,2024,53.0,70.283,3.553,1,7,"7-pt bipolar (credible/trustworthy), 2-item mean",UNWEIGHTED (US online quota panel),CONTROL ARM ONLY
trust_in_meteorologists,gligoric2025,meteorologists: mean of credible + trustworthy (7pt),gender,1,2024,109.0,64.755,2.45,1,7,"7-pt bipolar (credible/trustworthy), 2-item mean",UNWEIGHTED (US online quota panel),CONTROL ARM ONLY
trust_in_meteorologists,gligoric2025,meteorologists: mean of credible + trustworthy (7pt),gender,2,2024,129.0,73.127,1.896,1,7,"7-pt bipolar (credible/trustworthy), 2-item mean",UNWEIGHTED (US online quota panel),CONTROL ARM ONLY
trust_in_meteorologists,gligoric2025,meteorologists: mean of credible + trustworthy (7pt),ideo2,Conservative(6-10),2024,117.0,67.308,2.23,1,7,"7-pt bipolar (credible/trustworthy), 2-item mean",UNWEIGHTED (US online quota panel),CONTROL ARM ONLY
trust_in_meteorologists,gligoric2025,meteorologists: mean of credible + trustworthy (7pt),ideo2,Liberal(1-5),2024,124.0,70.901,2.085,1,7,"7-pt bipolar (credible/trustworthy), 2-item mean",UNWEIGHTED (US online quota panel),CONTROL ARM ONLY
trust_in_meteorologists,gligoric2025,meteorologists: mean of credible + trustworthy (7pt),ideology,1-2 v.liberal,2024,44.0,72.727,3.629,1,7,"7-pt bipolar (credible/trustworthy), 2-item mean",UNWEIGHTED (US online quota panel),CONTROL ARM ONLY
trust_in_meteorologists,gligoric2025,meteorologists: mean of credible + trustworthy (7pt),ideology,3-4 liberal,2024,55.0,68.636,3.357,1,7,"7-pt bipolar (credible/trustworthy), 2-item mean",UNWEIGHTED (US online quota panel),CONTROL ARM ONLY
trust_in_meteorologists,gligoric2025,meteorologists: mean of credible + trustworthy (7pt),ideology,5-6 moderate,2024,44.0,70.265,2.936,1,7,"7-pt bipolar (credible/trustworthy), 2-item mean",UNWEIGHTED (US online quota panel),CONTROL ARM ONLY
trust_in_meteorologists,gligoric2025,meteorologists: mean of credible + trustworthy (7pt),ideology,7-8 conservative,2024,66.0,65.909,2.877,1,7,"7-pt bipolar (credible/trustworthy), 2-item mean",UNWEIGHTED (US online quota panel),CONTROL ARM ONLY
trust_in_meteorologists,gligoric2025,meteorologists: mean of credible + trustworthy (7pt),ideology,9-10 v.conservative,2024,32.0,70.312,4.82,1,7,"7-pt bipolar (credible/trustworthy), 2-item mean",UNWEIGHTED (US online quota panel),CONTROL ARM ONLY
trust_in_oceanographers,gligoric2025,oceanographers: mean of credible + trustworthy (7pt),ALL,ALL,2024,259.0,75.837,1.434,1,7,"7-pt bipolar (credible/trustworthy), 2-item mean",UNWEIGHTED (US online quota panel),CONTROL ARM ONLY
trust_in_oceanographers,gligoric2025,oceanographers: mean of credible + trustworthy (7pt),age_band,18-29,2024,87.0,68.295,2.588,1,7,"7-pt bipolar (credible/trustworthy), 2-item mean",UNWEIGHTED (US online quota panel),CONTROL ARM ONLY
trust_in_oceanographers,gligoric2025,oceanographers: mean of credible + trustworthy (7pt),age_band,30-44,2024,69.0,76.087,2.935,1,7,"7-pt bipolar (credible/trustworthy), 2-item mean",UNWEIGHTED (US online quota panel),CONTROL ARM ONLY
trust_in_oceanographers,gligoric2025,oceanographers: mean of credible + trustworthy (7pt),age_band,45-59,2024,59.0,81.356,2.779,1,7,"7-pt bipolar (credible/trustworthy), 2-item mean",UNWEIGHTED (US online quota panel),CONTROL ARM ONLY
trust_in_oceanographers,gligoric2025,oceanographers: mean of credible + trustworthy (7pt),age_band,60+,2024,44.0,82.955,2.468,1,7,"7-pt bipolar (credible/trustworthy), 2-item mean",UNWEIGHTED (US online quota panel),CONTROL ARM ONLY
trust_in_oceanographers,gligoric2025,oceanographers: mean of credible + trustworthy (7pt),education,2,2024,59.0,77.542,2.605,1,7,"7-pt bipolar (credible/trustworthy), 2-item mean",UNWEIGHTED (US online quota panel),CONTROL ARM ONLY
trust_in_oceanographers,gligoric2025,oceanographers: mean of credible + trustworthy (7pt),education,3,2024,35.0,68.333,4.209,1,7,"7-pt bipolar (credible/trustworthy), 2-item mean",UNWEIGHTED (US online quota panel),CONTROL ARM ONLY
trust_in_oceanographers,gligoric2025,oceanographers: mean of credible + trustworthy (7pt),education,4,2024,72.0,78.588,2.767,1,7,"7-pt bipolar (credible/trustworthy), 2-item mean",UNWEIGHTED (US online quota panel),CONTROL ARM ONLY
trust_in_oceanographers,gligoric2025,oceanographers: mean of credible + trustworthy (7pt),education,6,2024,59.0,77.966,2.724,1,7,"7-pt bipolar (credible/trustworthy), 2-item mean",UNWEIGHTED (US online quota panel),CONTROL ARM ONLY
trust_in_oceanographers,gligoric2025,oceanographers: mean of credible + trustworthy (7pt),gender,1,2024,124.0,75.0,2.06,1,7,"7-pt bipolar (credible/trustworthy), 2-item mean",UNWEIGHTED (US online quota panel),CONTROL ARM ONLY
trust_in_oceanographers,gligoric2025,oceanographers: mean of credible + trustworthy (7pt),gender,2,2024,134.0,76.803,2.008,1,7,"7-pt bipolar (credible/trustworthy), 2-item mean",UNWEIGHTED (US online quota panel),CONTROL ARM ONLY
trust_in_oceanographers,gligoric2025,oceanographers: mean of credible + trustworthy (7pt),ideo2,Conservative(6-10),2024,113.0,75.0,2.047,1,7,"7-pt bipolar (credible/trustworthy), 2-item mean",UNWEIGHTED (US online quota panel),CONTROL ARM ONLY
trust_in_oceanographers,gligoric2025,oceanographers: mean of credible + trustworthy (7pt),ideo2,Liberal(1-5),2024,146.0,76.484,1.995,1,7,"7-pt bipolar (credible/trustworthy), 2-item mean",UNWEIGHTED (US online quota panel),CONTROL ARM ONLY
trust_in_oceanographers,gligoric2025,oceanographers: mean of credible + trustworthy (7pt),ideology,1-2 v.liberal,2024,52.0,83.494,2.899,1,7,"7-pt bipolar (credible/trustworthy), 2-item mean",UNWEIGHTED (US online quota panel),CONTROL ARM ONLY
trust_in_oceanographers,gligoric2025,oceanographers: mean of credible + trustworthy (7pt),ideology,3-4 liberal,2024,64.0,74.87,2.902,1,7,"7-pt bipolar (credible/trustworthy), 2-item mean",UNWEIGHTED (US online quota panel),CONTROL ARM ONLY
trust_in_oceanographers,gligoric2025,oceanographers: mean of credible + trustworthy (7pt),ideology,5-6 moderate,2024,59.0,68.927,3.266,1,7,"7-pt bipolar (credible/trustworthy), 2-item mean",UNWEIGHTED (US online quota panel),CONTROL ARM ONLY
trust_in_oceanographers,gligoric2025,oceanographers: mean of credible + trustworthy (7pt),ideology,7-8 conservative,2024,52.0,74.038,3.11,1,7,"7-pt bipolar (credible/trustworthy), 2-item mean",UNWEIGHTED (US online quota panel),CONTROL ARM ONLY
trust_in_oceanographers,gligoric2025,oceanographers: mean of credible + trustworthy (7pt),ideology,9-10 v.conservative,2024,32.0,80.99,3.495,1,7,"7-pt bipolar (credible/trustworthy), 2-item mean",UNWEIGHTED (US online quota panel),CONTROL ARM ONLY
trust_in_psychologists,gligoric2025,psychologists: mean of credible + trustworthy (7pt),ALL,ALL,2024,247.0,68.792,1.728,1,7,"7-pt bipolar (credible/trustworthy), 2-item mean",UNWEIGHTED (US online quota panel),CONTROL ARM ONLY
trust_in_psychologists,gligoric2025,psychologists: mean of credible + trustworthy (7pt),age_band,18-29,2024,65.0,70.769,3.3,1,7,"7-pt bipolar (credible/trustworthy), 2-item mean",UNWEIGHTED (US online quota panel),CONTROL ARM ONLY
trust_in_psychologists,gligoric2025,psychologists: mean of credible + trustworthy (7pt),age_band,30-44,2024,70.0,67.976,3.373,1,7,"7-pt bipolar (credible/trustworthy), 2-item mean",UNWEIGHTED (US online quota panel),CONTROL ARM ONLY
trust_in_psychologists,gligoric2025,psychologists: mean of credible + trustworthy (7pt),age_band,45-59,2024,62.0,67.07,3.556,1,7,"7-pt bipolar (credible/trustworthy), 2-item mean",UNWEIGHTED (US online quota panel),CONTROL ARM ONLY
trust_in_psychologists,gligoric2025,psychologists: mean of credible + trustworthy (7pt),age_band,60+,2024,50.0,69.5,3.662,1,7,"7-pt bipolar (credible/trustworthy), 2-item mean",UNWEIGHTED (US online quota panel),CONTROL ARM ONLY
trust_in_psychologists,gligoric2025,psychologists: mean of credible + trustworthy (7pt),education,2,2024,79.0,62.658,3.453,1,7,"7-pt bipolar (credible/trustworthy), 2-item mean",UNWEIGHTED (US online quota panel),CONTROL ARM ONLY
trust_in_psychologists,gligoric2025,psychologists: mean of credible + trustworthy (7pt),education,3,2024,37.0,76.802,3.51,1,7,"7-pt bipolar (credible/trustworthy), 2-item mean",UNWEIGHTED (US online quota panel),CONTROL ARM ONLY
trust_in_psychologists,gligoric2025,psychologists: mean of credible + trustworthy (7pt),education,4,2024,50.0,69.167,3.197,1,7,"7-pt bipolar (credible/trustworthy), 2-item mean",UNWEIGHTED (US online quota panel),CONTROL ARM ONLY
trust_in_psychologists,gligoric2025,psychologists: mean of credible + trustworthy (7pt),education,6,2024,56.0,74.702,3.171,1,7,"7-pt bipolar (credible/trustworthy), 2-item mean",UNWEIGHTED (US online quota panel),CONTROL ARM ONLY
trust_in_psychologists,gligoric2025,psychologists: mean of credible + trustworthy (7pt),gender,1,2024,116.0,67.17,2.691,1,7,"7-pt bipolar (credible/trustworthy), 2-item mean",UNWEIGHTED (US online quota panel),CONTROL ARM ONLY
trust_in_psychologists,gligoric2025,psychologists: mean of credible + trustworthy (7pt),gender,2,2024,130.0,70.0,2.23,1,7,"7-pt bipolar (credible/trustworthy), 2-item mean",UNWEIGHTED (US online quota panel),CONTROL ARM ONLY
trust_in_psychologists,gligoric2025,psychologists: mean of credible + trustworthy (7pt),ideo2,Conservative(6-10),2024,122.0,64.617,2.621,1,7,"7-pt bipolar (credible/trustworthy), 2-item mean",UNWEIGHTED (US online quota panel),CONTROL ARM ONLY
trust_in_psychologists,gligoric2025,psychologists: mean of credible + trustworthy (7pt),ideo2,Liberal(1-5),2024,125.0,72.867,2.212,1,7,"7-pt bipolar (credible/trustworthy), 2-item mean",UNWEIGHTED (US online quota panel),CONTROL ARM ONLY
trust_in_psychologists,gligoric2025,psychologists: mean of credible + trustworthy (7pt),ideology,1-2 v.liberal,2024,49.0,71.769,3.887,1,7,"7-pt bipolar (credible/trustworthy), 2-item mean",UNWEIGHTED (US online quota panel),CONTROL ARM ONLY
trust_in_psychologists,gligoric2025,psychologists: mean of credible + trustworthy (7pt),ideology,3-4 liberal,2024,55.0,73.182,3.292,1,7,"7-pt bipolar (credible/trustworthy), 2-item mean",UNWEIGHTED (US online quota panel),CONTROL ARM ONLY
trust_in_psychologists,gligoric2025,psychologists: mean of credible + trustworthy (7pt),ideology,5-6 moderate,2024,52.0,70.994,3.232,1,7,"7-pt bipolar (credible/trustworthy), 2-item mean",UNWEIGHTED (US online quota panel),CONTROL ARM ONLY
trust_in_psychologists,gligoric2025,psychologists: mean of credible + trustworthy (7pt),ideology,7-8 conservative,2024,64.0,65.495,3.427,1,7,"7-pt bipolar (credible/trustworthy), 2-item mean",UNWEIGHTED (US online quota panel),CONTROL ARM ONLY
trust_in_psychologists,gligoric2025,psychologists: mean of credible + trustworthy (7pt),ideology,9-10 v.conservative,2024,27.0,58.025,6.869,1,7,"7-pt bipolar (credible/trustworthy), 2-item mean",UNWEIGHTED (US online quota panel),CONTROL ARM ONLY
trust_in_science_inventory,agley2021,"Trust in Science Inventory baseline (1-5 agreement, item mean)",ALL,ALL,2021,1024.0,48.252,0.185,1,5,"1-5 agreement, ~21-item mean",UNWEIGHTED,"Prolific US quota sample, PRE-treatment (baseline) 21/22-item Trust in Science Inventory | WARNING: item-mean NOT reverse-coded for negatively worded items -> NOT a valid level anchor; gaps only"
trust_in_science_inventory,agley2021,"Trust in Science Inventory baseline (1-5 agreement, item mean)",age_band,18-29,2021,228.0,49.103,0.374,1,5,"1-5 agreement, ~21-item mean",UNWEIGHTED,"Prolific US quota sample, PRE-treatment (baseline) 21/22-item Trust in Science Inventory | WARNING: item-mean NOT reverse-coded for negatively worded items -> NOT a valid level anchor; gaps only"
trust_in_science_inventory,agley2021,"Trust in Science Inventory baseline (1-5 agreement, item mean)",age_band,30-44,2021,274.0,48.399,0.36,1,5,"1-5 agreement, ~21-item mean",UNWEIGHTED,"Prolific US quota sample, PRE-treatment (baseline) 21/22-item Trust in Science Inventory | WARNING: item-mean NOT reverse-coded for negatively worded items -> NOT a valid level anchor; gaps only"
trust_in_science_inventory,agley2021,"Trust in Science Inventory baseline (1-5 agreement, item mean)",age_band,45-59,2021,250.0,48.091,0.379,1,5,"1-5 agreement, ~21-item mean",UNWEIGHTED,"Prolific US quota sample, PRE-treatment (baseline) 21/22-item Trust in Science Inventory | WARNING: item-mean NOT reverse-coded for negatively worded items -> NOT a valid level anchor; gaps only"
trust_in_science_inventory,agley2021,"Trust in Science Inventory baseline (1-5 agreement, item mean)",age_band,60+,2021,259.0,47.35,0.357,1,5,"1-5 agreement, ~21-item mean",UNWEIGHTED,"Prolific US quota sample, PRE-treatment (baseline) 21/22-item Trust in Science Inventory | WARNING: item-mean NOT reverse-coded for negatively worded items -> NOT a valid level anchor; gaps only"
trust_in_science_inventory,agley2021,"Trust in Science Inventory baseline (1-5 agreement, item mean)",gender,Female,2021,519.0,47.513,0.26,1,5,"1-5 agreement, ~21-item mean",UNWEIGHTED,"Prolific US quota sample, PRE-treatment (baseline) 21/22-item Trust in Science Inventory | WARNING: item-mean NOT reverse-coded for negatively worded items -> NOT a valid level anchor; gaps only"
trust_in_science_inventory,agley2021,"Trust in Science Inventory baseline (1-5 agreement, item mean)",gender,Male,2021,495.0,49.075,0.262,1,5,"1-5 agreement, ~21-item mean",UNWEIGHTED,"Prolific US quota sample, PRE-treatment (baseline) 21/22-item Trust in Science Inventory | WARNING: item-mean NOT reverse-coded for negatively worded items -> NOT a valid level anchor; gaps only"
trust_in_science_inventory,agley2021,"Trust in Science Inventory baseline (1-5 agreement, item mean)",political,1,2021,222.0,46.75,0.358,1,5,"1-5 agreement, ~21-item mean",UNWEIGHTED,"Prolific US quota sample, PRE-treatment (baseline) 21/22-item Trust in Science Inventory | WARNING: item-mean NOT reverse-coded for negatively worded items -> NOT a valid level anchor; gaps only"
trust_in_science_inventory,agley2021,"Trust in Science Inventory baseline (1-5 agreement, item mean)",political,10,2021,67.0,52.866,0.912,1,5,"1-5 agreement, ~21-item mean",UNWEIGHTED,"Prolific US quota sample, PRE-treatment (baseline) 21/22-item Trust in Science Inventory | WARNING: item-mean NOT reverse-coded for negatively worded items -> NOT a valid level anchor; gaps only"
trust_in_science_inventory,agley2021,"Trust in Science Inventory baseline (1-5 agreement, item mean)",political,2,2021,122.0,47.029,0.521,1,5,"1-5 agreement, ~21-item mean",UNWEIGHTED,"Prolific US quota sample, PRE-treatment (baseline) 21/22-item Trust in Science Inventory | WARNING: item-mean NOT reverse-coded for negatively worded items -> NOT a valid level anchor; gaps only"
trust_in_science_inventory,agley2021,"Trust in Science Inventory baseline (1-5 agreement, item mean)",political,3,2021,136.0,48.772,0.5,1,5,"1-5 agreement, ~21-item mean",UNWEIGHTED,"Prolific US quota sample, PRE-treatment (baseline) 21/22-item Trust in Science Inventory | WARNING: item-mean NOT reverse-coded for negatively worded items -> NOT a valid level anchor; gaps only"
trust_in_science_inventory,agley2021,"Trust in Science Inventory baseline (1-5 agreement, item mean)",political,4,2021,94.0,47.292,0.525,1,5,"1-5 agreement, ~21-item mean",UNWEIGHTED,"Prolific US quota sample, PRE-treatment (baseline) 21/22-item Trust in Science Inventory | WARNING: item-mean NOT reverse-coded for negatively worded items -> NOT a valid level anchor; gaps only"
trust_in_science_inventory,agley2021,"Trust in Science Inventory baseline (1-5 agreement, item mean)",political,5,2021,154.0,48.177,0.482,1,5,"1-5 agreement, ~21-item mean",UNWEIGHTED,"Prolific US quota sample, PRE-treatment (baseline) 21/22-item Trust in Science Inventory | WARNING: item-mean NOT reverse-coded for negatively worded items -> NOT a valid level anchor; gaps only"
trust_in_science_inventory,agley2021,"Trust in Science Inventory baseline (1-5 agreement, item mean)",political,6,2021,87.0,48.589,0.566,1,5,"1-5 agreement, ~21-item mean",UNWEIGHTED,"Prolific US quota sample, PRE-treatment (baseline) 21/22-item Trust in Science Inventory | WARNING: item-mean NOT reverse-coded for negatively worded items -> NOT a valid level anchor; gaps only"
trust_in_science_inventory,agley2021,"Trust in Science Inventory baseline (1-5 agreement, item mean)",political,7,2021,46.0,50.716,0.816,1,5,"1-5 agreement, ~21-item mean",UNWEIGHTED,"Prolific US quota sample, PRE-treatment (baseline) 21/22-item Trust in Science Inventory | WARNING: item-mean NOT reverse-coded for negatively worded items -> NOT a valid level anchor; gaps only"
trust_in_science_inventory,agley2021,"Trust in Science Inventory baseline (1-5 agreement, item mean)",political,8,2021,53.0,49.185,0.792,1,5,"1-5 agreement, ~21-item mean",UNWEIGHTED,"Prolific US quota sample, PRE-treatment (baseline) 21/22-item Trust in Science Inventory | WARNING: item-mean NOT reverse-coded for negatively worded items -> NOT a valid level anchor; gaps only"
trust_in_science_inventory,agley2021,"Trust in Science Inventory baseline (1-5 agreement, item mean)",political,9,2021,38.0,49.043,0.863,1,5,"1-5 agreement, ~21-item mean",UNWEIGHTED,"Prolific US quota sample, PRE-treatment (baseline) 21/22-item Trust in Science Inventory | WARNING: item-mean NOT reverse-coded for negatively worded items -> NOT a valid level anchor; gaps only"
trust_in_science_inventory,agley2021,"Trust in Science Inventory baseline (1-5 agreement, item mean)",race,Asian,2021,74.0,48.649,0.624,1,5,"1-5 agreement, ~21-item mean",UNWEIGHTED,"Prolific US quota sample, PRE-treatment (baseline) 21/22-item Trust in Science Inventory | WARNING: item-mean NOT reverse-coded for negatively worded items -> NOT a valid level anchor; gaps only"
trust_in_science_inventory,agley2021,"Trust in Science Inventory baseline (1-5 agreement, item mean)",race,Black,2021,135.0,48.468,0.557,1,5,"1-5 agreement, ~21-item mean",UNWEIGHTED,"Prolific US quota sample, PRE-treatment (baseline) 21/22-item Trust in Science Inventory | WARNING: item-mean NOT reverse-coded for negatively worded items -> NOT a valid level anchor; gaps only"
trust_in_science_inventory,agley2021,"Trust in Science Inventory baseline (1-5 agreement, item mean)",race,White,2021,787.0,48.093,0.208,1,5,"1-5 agreement, ~21-item mean",UNWEIGHTED,"Prolific US quota sample, PRE-treatment (baseline) 21/22-item Trust in Science Inventory | WARNING: item-mean NOT reverse-coded for negatively worded items -> NOT a valid level anchor; gaps only"
trust_in_scientists,anes2020,V202173 feeling thermometer scientists 0-100,ALL,ALL,2020,7367.0,78.0201820605836,0.363831306746212,0,100,0-100 feeling thermometer,V200010b (2020 post-election) / 2024 full-sample weight,weighted overall
trust_in_scientists,anes2020,V202173 feeling thermometer scientists 0-100,age_band,18-29,2020,863.0,78.68934526494847,1.0602105805209043,0,100,0-100 feeling thermometer,V200010b (2020 post-election) / 2024 full-sample weight,post-election weight V200010b; US citizens 18+; party strict=leaners counted Independent
trust_in_scientists,anes2020,V202173 feeling thermometer scientists 0-100,age_band,30-44,2020,1797.0,77.7074365544891,0.7296430249305041,0,100,0-100 feeling thermometer,V200010b (2020 post-election) / 2024 full-sample weight,post-election weight V200010b; US citizens 18+; party strict=leaners counted Independent
trust_in_scientists,anes2020,V202173 feeling thermometer scientists 0-100,age_band,45-59,2020,1692.0,77.25393536273623,0.6694776429254574,0,100,0-100 feeling thermometer,V200010b (2020 post-election) / 2024 full-sample weight,post-election weight V200010b; US citizens 18+; party strict=leaners counted Independent
trust_in_scientists,anes2020,V202173 feeling thermometer scientists 0-100,age_band,60+,2020,2729.0,79.02363601845587,0.5839981336824562,0,100,0-100 feeling thermometer,V200010b (2020 post-election) / 2024 full-sample weight,post-election weight V200010b; US citizens 18+; party strict=leaners counted Independent
trust_in_scientists,anes2020,V202173 feeling thermometer scientists 0-100,education,Bachelor's degree,2020,1865.0,81.34445014683999,0.5522074917379199,0,100,0-100 feeling thermometer,V200010b (2020 post-election) / 2024 full-sample weight,post-election weight V200010b; US citizens 18+; party strict=leaners counted Independent
trust_in_scientists,anes2020,V202173 feeling thermometer scientists 0-100,education,Graduate degree (Masters+Doctorate),2020,1461.0,83.98800042181244,0.5761814189283682,0,100,0-100 feeling thermometer,V200010b (2020 post-election) / 2024 full-sample weight,post-election weight V200010b; US citizens 18+; party strict=leaners counted Independent
trust_in_scientists,anes2020,V202173 feeling thermometer scientists 0-100,education,High school diploma / GED,2020,1143.0,75.0630381523954,0.9145040499233298,0,100,0-100 feeling thermometer,V200010b (2020 post-election) / 2024 full-sample weight,post-election weight V200010b; US citizens 18+; party strict=leaners counted Independent
trust_in_scientists,anes2020,V202173 feeling thermometer scientists 0-100,education,Less than high school,2020,307.0,72.10939875470173,1.743881146194395,0,100,0-100 feeling thermometer,V200010b (2020 post-election) / 2024 full-sample weight,post-election weight V200010b; US citizens 18+; party strict=leaners counted Independent
trust_in_scientists,anes2020,V202173 feeling thermometer scientists 0-100,education,Some college or Associate's degree,2020,2478.0,77.59724297317597,0.5483678632439936,0,100,0-100 feeling thermometer,V200010b (2020 post-election) / 2024 full-sample weight,post-election weight V200010b; US citizens 18+; party strict=leaners counted Independent
trust_in_scientists,anes2020,V202173 feeling thermometer scientists 0-100,gender,Female,2020,3974.0,78.4346422767128,0.4969582816752009,0,100,0-100 feeling thermometer,V200010b (2020 post-election) / 2024 full-sample weight,post-election weight V200010b; US citizens 18+; party strict=leaners counted Independent
trust_in_scientists,anes2020,V202173 feeling thermometer scientists 0-100,gender,Male,2020,3344.0,77.65966721982922,0.5374327055325774,0,100,0-100 feeling thermometer,V200010b (2020 post-election) / 2024 full-sample weight,post-election weight V200010b; US citizens 18+; party strict=leaners counted Independent
trust_in_scientists,anes2020,V202173 feeling thermometer scientists 0-100,income,"$100,000 to $167,999",2020,1443.0,79.89435475633347,0.717674874573913,0,100,0-100 feeling thermometer,V200010b (2020 post-election) / 2024 full-sample weight,post-election weight V200010b; US citizens 18+; party strict=leaners counted Independent
trust_in_scientists,anes2020,V202173 feeling thermometer scientists 0-100,income,"$168,000 or more",2020,773.0,82.33937260204982,1.0494912086600554,0,100,0-100 feeling thermometer,V200010b (2020 post-election) / 2024 full-sample weight,post-election weight V200010b; US citizens 18+; party strict=leaners counted Independent
trust_in_scientists,anes2020,V202173 feeling thermometer scientists 0-100,income,"$30,000 to $55,999",2020,1492.0,77.0099611410751,0.7740094544767172,0,100,0-100 feeling thermometer,V200010b (2020 post-election) / 2024 full-sample weight,post-election weight V200010b; US citizens 18+; party strict=leaners counted Independent
trust_in_scientists,anes2020,V202173 feeling thermometer scientists 0-100,income,"$56,000 to $99,999",2020,1580.0,77.55583085323107,0.7476228734471779,0,100,0-100 feeling thermometer,V200010b (2020 post-election) / 2024 full-sample weight,post-election weight V200010b; US citizens 18+; party strict=leaners counted Independent
trust_in_scientists,anes2020,V202173 feeling thermometer scientists 0-100,income,"Less than $30,000",2020,1573.0,74.08459844120857,1.0942303663881967,0,100,0-100 feeling thermometer,V200010b (2020 post-election) / 2024 full-sample weight,post-election weight V200010b; US citizens 18+; party strict=leaners counted Independent
trust_in_scientists,anes2020,V202173 feeling thermometer scientists 0-100,party,Democrat,2020,2561.0,85.89956199038323,0.6192131232908021,0,100,0-100 feeling thermometer,V200010b (2020 post-election) / 2024 full-sample weight,post-election weight V200010b; US citizens 18+; party strict=leaners counted Independent
trust_in_scientists,anes2020,V202173 feeling thermometer scientists 0-100,party,Independent,2020,2511.0,77.22065467889148,0.6141546916487858,0,100,0-100 feeling thermometer,V200010b (2020 post-election) / 2024 full-sample weight,post-election weight V200010b; US citizens 18+; party strict=leaners counted Independent
trust_in_scientists,anes2020,V202173 feeling thermometer scientists 0-100,party,Republican,2020,2271.0,70.46633518345114,0.6056785136301003,0,100,0-100 feeling thermometer,V200010b (2020 post-election) / 2024 full-sample weight,post-election weight V200010b; US citizens 18+; party strict=leaners counted Independent
trust_in_scientists,anes2020,V202173 feeling thermometer scientists 0-100,party_leanersfolded,Democrat,2020,3436.0,85.52859062487664,0.5167690543693202,0,100,0-100 feeling thermometer,V200010b (2020 post-election) / 2024 full-sample weight,post-election weight V200010b; US citizens 18+; party strict=leaners counted Independent
trust_in_scientists,anes2020,V202173 feeling thermometer scientists 0-100,party_leanersfolded,Independent,2020,864.0,74.7976077013067,1.096173915704393,0,100,0-100 feeling thermometer,V200010b (2020 post-election) / 2024 full-sample weight,post-election weight V200010b; US citizens 18+; party strict=leaners counted Independent
trust_in_scientists,anes2020,V202173 feeling thermometer scientists 0-100,party_leanersfolded,Republican,2020,3043.0,70.95750299301915,0.5256647514583429,0,100,0-100 feeling thermometer,V200010b (2020 post-election) / 2024 full-sample weight,post-election weight V200010b; US citizens 18+; party strict=leaners counted Independent
trust_in_scientists,anes2020,V202173 feeling thermometer scientists 0-100,race,Asian / Asian American,2020,245.0,83.21455829843754,1.6151682612770395,0,100,0-100 feeling thermometer,V200010b (2020 post-election) / 2024 full-sample weight,post-election weight V200010b; US citizens 18+; party strict=leaners counted Independent
trust_in_scientists,anes2020,V202173 feeling thermometer scientists 0-100,race,Black / African American,2020,635.0,76.65417076116708,1.4804820724947103,0,100,0-100 feeling thermometer,V200010b (2020 post-election) / 2024 full-sample weight,post-election weight V200010b; US citizens 18+; party strict=leaners counted Independent
trust_in_scientists,anes2020,V202173 feeling thermometer scientists 0-100,race,Hispanic / Latino,2020,656.0,78.23187346998446,1.1943584451063989,0,100,0-100 feeling thermometer,V200010b (2020 post-election) / 2024 full-sample weight,post-election weight V200010b; US citizens 18+; party strict=leaners counted Independent
trust_in_scientists,anes2020,V202173 feeling thermometer scientists 0-100,race,Other,2020,387.0,79.91417091575333,1.3586267579432814,0,100,0-100 feeling thermometer,V200010b (2020 post-election) / 2024 full-sample weight,post-election weight V200010b; US citizens 18+; party strict=leaners counted Independent
trust_in_scientists,anes2020,V202173 feeling thermometer scientists 0-100,race,White / Caucasian,2020,5369.0,77.83892449360529,0.4014887254118743,0,100,0-100 feeling thermometer,V200010b (2020 post-election) / 2024 full-sample weight,post-election weight V200010b; US citizens 18+; party strict=leaners counted Independent
trust_in_scientists,anes2024,"V242420 CSES trust in scientists (4pt, reversed)",ALL,ALL,2024,4702.0,71.03372410312913,0.5734045114551019,1,4,"4-pt trust (CSES), reversed",V200010b (2020 post-election) / 2024 full-sample weight,weighted overall
trust_in_scientists,anes2024,"V242420 CSES trust in scientists (4pt, reversed)",age_band,18-29,2024,434.0,71.57020262332968,1.7544741936864274,1,4,"4-pt trust (CSES), reversed",V200010b (2020 post-election) / 2024 full-sample weight,"post weight V240108b excl PAPI; income bands 2/3 approximate (30-60k band mapped to 30-55,999)"
trust_in_scientists,anes2024,"V242420 CSES trust in scientists (4pt, reversed)",age_band,30-44,2024,1132.0,70.73905028934624,1.1982788659903394,1,4,"4-pt trust (CSES), reversed",V200010b (2020 post-election) / 2024 full-sample weight,"post weight V240108b excl PAPI; income bands 2/3 approximate (30-60k band mapped to 30-55,999)"
trust_in_scientists,anes2024,"V242420 CSES trust in scientists (4pt, reversed)",age_band,45-59,2024,1048.0,70.9310492662602,1.0929953484044006,1,4,"4-pt trust (CSES), reversed",V200010b (2020 post-election) / 2024 full-sample weight,"post weight V240108b excl PAPI; income bands 2/3 approximate (30-60k band mapped to 30-55,999)"
trust_in_scientists,anes2024,"V242420 CSES trust in scientists (4pt, reversed)",age_band,60+,2024,1889.0,71.66668949454528,0.8392931049582195,1,4,"4-pt trust (CSES), reversed",V200010b (2020 post-election) / 2024 full-sample weight,"post weight V240108b excl PAPI; income bands 2/3 approximate (30-60k band mapped to 30-55,999)"
trust_in_scientists,anes2024,"V242420 CSES trust in scientists (4pt, reversed)",education,Bachelor's degree,2024,1224.0,79.38219683043855,0.8982564284165727,1,4,"4-pt trust (CSES), reversed",V200010b (2020 post-election) / 2024 full-sample weight,"post weight V240108b excl PAPI; income bands 2/3 approximate (30-60k band mapped to 30-55,999)"
trust_in_scientists,anes2024,"V242420 CSES trust in scientists (4pt, reversed)",education,Graduate degree (Masters+Doctorate),2024,977.0,83.38458521697262,0.9193198258149422,1,4,"4-pt trust (CSES), reversed",V200010b (2020 post-election) / 2024 full-sample weight,"post weight V240108b excl PAPI; income bands 2/3 approximate (30-60k band mapped to 30-55,999)"
trust_in_scientists,anes2024,"V242420 CSES trust in scientists (4pt, reversed)",education,High school diploma / GED,2024,786.0,64.3359182794506,1.254885534364888,1,4,"4-pt trust (CSES), reversed",V200010b (2020 post-election) / 2024 full-sample weight,"post weight V240108b excl PAPI; income bands 2/3 approximate (30-60k band mapped to 30-55,999)"
trust_in_scientists,anes2024,"V242420 CSES trust in scientists (4pt, reversed)",education,Less than high school,2024,217.0,59.87406087766772,2.771386818232984,1,4,"4-pt trust (CSES), reversed",V200010b (2020 post-election) / 2024 full-sample weight,"post weight V240108b excl PAPI; income bands 2/3 approximate (30-60k band mapped to 30-55,999)"
trust_in_scientists,anes2024,"V242420 CSES trust in scientists (4pt, reversed)",education,Some college or Associate's degree,2024,1463.0,68.39975838604865,0.9805870894796078,1,4,"4-pt trust (CSES), reversed",V200010b (2020 post-election) / 2024 full-sample weight,"post weight V240108b excl PAPI; income bands 2/3 approximate (30-60k band mapped to 30-55,999)"
trust_in_scientists,anes2024,"V242420 CSES trust in scientists (4pt, reversed)",gender,Female,2024,2479.0,71.7612210447223,0.7411430871311515,1,4,"4-pt trust (CSES), reversed",V200010b (2020 post-election) / 2024 full-sample weight,"post weight V240108b excl PAPI; income bands 2/3 approximate (30-60k band mapped to 30-55,999)"
trust_in_scientists,anes2024,"V242420 CSES trust in scientists (4pt, reversed)",gender,Male,2024,2139.0,69.98926218716673,0.8872961222293421,1,4,"4-pt trust (CSES), reversed",V200010b (2020 post-election) / 2024 full-sample weight,"post weight V240108b excl PAPI; income bands 2/3 approximate (30-60k band mapped to 30-55,999)"
trust_in_scientists,anes2024,"V242420 CSES trust in scientists (4pt, reversed)",gender,Other,2024,62.0,78.09464666549955,5.253466484457627,1,4,"4-pt trust (CSES), reversed",V200010b (2020 post-election) / 2024 full-sample weight,"post weight V240108b excl PAPI; income bands 2/3 approximate (30-60k band mapped to 30-55,999)"
trust_in_scientists,anes2024,"V242420 CSES trust in scientists (4pt, reversed)",income,"$100,000 to $167,999",2024,1435.0,74.95001824865679,0.8867477321065855,1,4,"4-pt trust (CSES), reversed",V200010b (2020 post-election) / 2024 full-sample weight,"post weight V240108b excl PAPI; income bands 2/3 approximate (30-60k band mapped to 30-55,999)"
trust_in_scientists,anes2024,"V242420 CSES trust in scientists (4pt, reversed)",income,"$168,000 or more",2024,342.0,78.48176517172529,2.06448070620265,1,4,"4-pt trust (CSES), reversed",V200010b (2020 post-election) / 2024 full-sample weight,"post weight V240108b excl PAPI; income bands 2/3 approximate (30-60k band mapped to 30-55,999)"
trust_in_scientists,anes2024,"V242420 CSES trust in scientists (4pt, reversed)",income,"$30,000 to $55,999",2024,897.0,67.3873720659166,1.31182493750676,1,4,"4-pt trust (CSES), reversed",V200010b (2020 post-election) / 2024 full-sample weight,"post weight V240108b excl PAPI; income bands 2/3 approximate (30-60k band mapped to 30-55,999)"
trust_in_scientists,anes2024,"V242420 CSES trust in scientists (4pt, reversed)",income,"$56,000 to $99,999",2024,948.0,71.31645080585325,1.3880065058148086,1,4,"4-pt trust (CSES), reversed",V200010b (2020 post-election) / 2024 full-sample weight,"post weight V240108b excl PAPI; income bands 2/3 approximate (30-60k band mapped to 30-55,999)"
trust_in_scientists,anes2024,"V242420 CSES trust in scientists (4pt, reversed)",income,"Less than $30,000",2024,833.0,61.0090334624622,1.596590436147575,1,4,"4-pt trust (CSES), reversed",V200010b (2020 post-election) / 2024 full-sample weight,"post weight V240108b excl PAPI; income bands 2/3 approximate (30-60k band mapped to 30-55,999)"
trust_in_scientists,anes2024,"V242420 CSES trust in scientists (4pt, reversed)",party,Democrat,2024,1702.0,82.02814680677743,0.9005315487660603,1,4,"4-pt trust (CSES), reversed",V200010b (2020 post-election) / 2024 full-sample weight,"post weight V240108b excl PAPI; income bands 2/3 approximate (30-60k band mapped to 30-55,999)"
trust_in_scientists,anes2024,"V242420 CSES trust in scientists (4pt, reversed)",party,Independent,2024,1520.0,69.71647869441585,0.996492762051031,1,4,"4-pt trust (CSES), reversed",V200010b (2020 post-election) / 2024 full-sample weight,"post weight V240108b excl PAPI; income bands 2/3 approximate (30-60k band mapped to 30-55,999)"
trust_in_scientists,anes2024,"V242420 CSES trust in scientists (4pt, reversed)",party,Republican,2024,1462.0,59.92127236889255,0.9365042284328816,1,4,"4-pt trust (CSES), reversed",V200010b (2020 post-election) / 2024 full-sample weight,"post weight V240108b excl PAPI; income bands 2/3 approximate (30-60k band mapped to 30-55,999)"
trust_in_scientists,anes2024,"V242420 CSES trust in scientists (4pt, reversed)",party_leanersfolded,Democrat,2024,2318.0,81.88603426716534,0.746730394523957,1,4,"4-pt trust (CSES), reversed",V200010b (2020 post-election) / 2024 full-sample weight,"post weight V240108b excl PAPI; income bands 2/3 approximate (30-60k band mapped to 30-55,999)"
trust_in_scientists,anes2024,"V242420 CSES trust in scientists (4pt, reversed)",party_leanersfolded,Independent,2024,299.0,61.51590189503285,2.5148264965985203,1,4,"4-pt trust (CSES), reversed",V200010b (2020 post-election) / 2024 full-sample weight,"post weight V240108b excl PAPI; income bands 2/3 approximate (30-60k band mapped to 30-55,999)"
trust_in_scientists,anes2024,"V242420 CSES trust in scientists (4pt, reversed)",party_leanersfolded,Republican,2024,2067.0,60.690715722818666,0.7835784304883671,1,4,"4-pt trust (CSES), reversed",V200010b (2020 post-election) / 2024 full-sample weight,"post weight V240108b excl PAPI; income bands 2/3 approximate (30-60k band mapped to 30-55,999)"
trust_in_scientists,anes2024,"V242420 CSES trust in scientists (4pt, reversed)",race,Asian / Asian American,2024,163.0,78.93596047433604,2.158426906521912,1,4,"4-pt trust (CSES), reversed",V200010b (2020 post-election) / 2024 full-sample weight,"post weight V240108b excl PAPI; income bands 2/3 approximate (30-60k band mapped to 30-55,999)"
trust_in_scientists,anes2024,"V242420 CSES trust in scientists (4pt, reversed)",race,Black / African American,2024,418.0,65.78078454861,2.052215465901547,1,4,"4-pt trust (CSES), reversed",V200010b (2020 post-election) / 2024 full-sample weight,"post weight V240108b excl PAPI; income bands 2/3 approximate (30-60k band mapped to 30-55,999)"
trust_in_scientists,anes2024,"V242420 CSES trust in scientists (4pt, reversed)",race,Hispanic / Latino,2024,482.0,70.21010931667404,1.7401208006322018,1,4,"4-pt trust (CSES), reversed",V200010b (2020 post-election) / 2024 full-sample weight,"post weight V240108b excl PAPI; income bands 2/3 approximate (30-60k band mapped to 30-55,999)"
trust_in_scientists,anes2024,"V242420 CSES trust in scientists (4pt, reversed)",race,Other,2024,191.0,65.70096505428697,2.4560597203849346,1,4,"4-pt trust (CSES), reversed",V200010b (2020 post-election) / 2024 full-sample weight,"post weight V240108b excl PAPI; income bands 2/3 approximate (30-60k band mapped to 30-55,999)"
trust_in_scientists,anes2024,"V242420 CSES trust in scientists (4pt, reversed)",race,White / Caucasian,2024,3406.0,72.07515041525332,0.6677806728775554,1,4,"4-pt trust (CSES), reversed",V200010b (2020 post-election) / 2024 full-sample weight,"post weight V240108b excl PAPI; income bands 2/3 approximate (30-60k band mapped to 30-55,999)"
trust_in_scientists,gligoric2025,grand mean across 35 scientist occupations (7pt),ALL,ALL,2024,2248.0,71.738,0.427,1,7,"7-pt bipolar (credible/trustworthy), 2-item mean",UNWEIGHTED (US online quota panel),CONTROL ARM ONLY
trust_in_scientists,gligoric2025,grand mean across 35 scientist occupations (7pt),age_band,18-29,2024,697.0,69.246,0.732,1,7,"7-pt bipolar (credible/trustworthy), 2-item mean",UNWEIGHTED (US online quota panel),CONTROL ARM ONLY
trust_in_scientists,gligoric2025,grand mean across 35 scientist occupations (7pt),age_band,30-44,2024,576.0,70.718,0.865,1,7,"7-pt bipolar (credible/trustworthy), 2-item mean",UNWEIGHTED (US online quota panel),CONTROL ARM ONLY
trust_in_scientists,gligoric2025,grand mean across 35 scientist occupations (7pt),age_band,45-59,2024,541.0,73.136,0.921,1,7,"7-pt bipolar (credible/trustworthy), 2-item mean",UNWEIGHTED (US online quota panel),CONTROL ARM ONLY
trust_in_scientists,gligoric2025,grand mean across 35 scientist occupations (7pt),age_band,60+,2024,433.0,75.38,0.902,1,7,"7-pt bipolar (credible/trustworthy), 2-item mean",UNWEIGHTED (US online quota panel),CONTROL ARM ONLY
trust_in_scientists,gligoric2025,grand mean across 35 scientist occupations (7pt),education,1,2024,147.0,61.494,1.823,1,7,"7-pt bipolar (credible/trustworthy), 2-item mean",UNWEIGHTED (US online quota panel),CONTROL ARM ONLY
trust_in_scientists,gligoric2025,grand mean across 35 scientist occupations (7pt),education,2,2024,709.0,69.035,0.786,1,7,"7-pt bipolar (credible/trustworthy), 2-item mean",UNWEIGHTED (US online quota panel),CONTROL ARM ONLY
trust_in_scientists,gligoric2025,grand mean across 35 scientist occupations (7pt),education,3,2024,310.0,72.93,1.092,1,7,"7-pt bipolar (credible/trustworthy), 2-item mean",UNWEIGHTED (US online quota panel),CONTROL ARM ONLY
trust_in_scientists,gligoric2025,grand mean across 35 scientist occupations (7pt),education,4,2024,555.0,74.981,0.784,1,7,"7-pt bipolar (credible/trustworthy), 2-item mean",UNWEIGHTED (US online quota panel),CONTROL ARM ONLY
trust_in_scientists,gligoric2025,grand mean across 35 scientist occupations (7pt),education,5,2024,73.0,69.035,2.668,1,7,"7-pt bipolar (credible/trustworthy), 2-item mean",UNWEIGHTED (US online quota panel),CONTROL ARM ONLY
trust_in_scientists,gligoric2025,grand mean across 35 scientist occupations (7pt),education,6,2024,454.0,74.931,0.897,1,7,"7-pt bipolar (credible/trustworthy), 2-item mean",UNWEIGHTED (US online quota panel),CONTROL ARM ONLY
trust_in_scientists,gligoric2025,grand mean across 35 scientist occupations (7pt),gender,1,2024,1092.0,72.369,0.602,1,7,"7-pt bipolar (credible/trustworthy), 2-item mean",UNWEIGHTED (US online quota panel),CONTROL ARM ONLY
trust_in_scientists,gligoric2025,grand mean across 35 scientist occupations (7pt),gender,2,2024,1147.0,71.164,0.608,1,7,"7-pt bipolar (credible/trustworthy), 2-item mean",UNWEIGHTED (US online quota panel),CONTROL ARM ONLY
trust_in_scientists,gligoric2025,grand mean across 35 scientist occupations (7pt),ideo2,Conservative(6-10),2024,1138.0,69.01,0.582,1,7,"7-pt bipolar (credible/trustworthy), 2-item mean",UNWEIGHTED (US online quota panel),CONTROL ARM ONLY
trust_in_scientists,gligoric2025,grand mean across 35 scientist occupations (7pt),ideo2,Liberal(1-5),2024,1110.0,74.535,0.614,1,7,"7-pt bipolar (credible/trustworthy), 2-item mean",UNWEIGHTED (US online quota panel),CONTROL ARM ONLY
trust_in_scientists,gligoric2025,grand mean across 35 scientist occupations (7pt),ideology,1-2 v.liberal,2024,424.0,78.439,0.998,1,7,"7-pt bipolar (credible/trustworthy), 2-item mean",UNWEIGHTED (US online quota panel),CONTROL ARM ONLY
trust_in_scientists,gligoric2025,grand mean across 35 scientist occupations (7pt),ideology,3-4 liberal,2024,490.0,72.666,0.926,1,7,"7-pt bipolar (credible/trustworthy), 2-item mean",UNWEIGHTED (US online quota panel),CONTROL ARM ONLY
trust_in_scientists,gligoric2025,grand mean across 35 scientist occupations (7pt),ideology,5-6 moderate,2024,434.0,70.502,0.856,1,7,"7-pt bipolar (credible/trustworthy), 2-item mean",UNWEIGHTED (US online quota panel),CONTROL ARM ONLY
trust_in_scientists,gligoric2025,grand mean across 35 scientist occupations (7pt),ideology,7-8 conservative,2024,586.0,69.45,0.806,1,7,"7-pt bipolar (credible/trustworthy), 2-item mean",UNWEIGHTED (US online quota panel),CONTROL ARM ONLY
trust_in_scientists,gligoric2025,grand mean across 35 scientist occupations (7pt),ideology,9-10 v.conservative,2024,314.0,67.217,1.218,1,7,"7-pt bipolar (credible/trustworthy), 2-item mean",UNWEIGHTED (US online quota panel),CONTROL ARM ONLY
trust_in_scientists,gss,"consci confidence in scientific community (3pt, reversed)",ALL,ALL,2021-2024,7089.0,65.581,0.543,1,3,3-pt confidence (great deal/only some/hardly any),wtssps,pooled 2021+2022+2024 GSS
trust_in_scientists,gss,"consci confidence in scientific community (3pt, reversed)",ALL,ALL,2016-2018,3390.0,69.737,0.633,1,3,3-pt confidence (great deal/only some/hardly any),wtssps,pooled
trust_in_scientists,gss,"consci confidence in scientific community (3pt, reversed)",ALL,ALL,2024,2121.0,62.16,0.982,1,3,3-pt confidence (great deal/only some/hardly any),wtssps,
trust_in_scientists,gss,"consci confidence in scientific community (3pt, reversed)",ALL,ALL,2022,2314.0,63.152,1.088,1,3,3-pt confidence (great deal/only some/hardly any),wtssps,
trust_in_scientists,gss,"consci confidence in scientific community (3pt, reversed)",ALL,ALL,2021,2654.0,70.334,0.757,1,3,3-pt confidence (great deal/only some/hardly any),wtssps,
trust_in_scientists,gss,"consci confidence in scientific community (3pt, reversed)",ALL,ALL,2018,1506.0,70.754,0.972,1,3,3-pt confidence (great deal/only some/hardly any),wtssps,
trust_in_scientists,gss,"consci confidence in scientific community (3pt, reversed)",ALL,ALL,1973,1353.0,67.241,0.883,1,3,3-pt confidence,wtssps,annual trend point
trust_in_scientists,gss,"consci confidence in scientific community (3pt, reversed)",ALL,ALL,1974,1324.0,71.444,0.982,1,3,3-pt confidence,wtssps,annual trend point
trust_in_scientists,gss,"consci confidence in scientific community (3pt, reversed)",ALL,ALL,1975,1328.0,67.301,0.931,1,3,3-pt confidence,wtssps,annual trend point
trust_in_scientists,gss,"consci confidence in scientific community (3pt, reversed)",ALL,ALL,1976,1314.0,69.714,0.969,1,3,3-pt confidence,wtssps,annual trend point
trust_in_scientists,gss,"consci confidence in scientific community (3pt, reversed)",ALL,ALL,1977,1403.0,69.441,0.859,1,3,3-pt confidence,wtssps,annual trend point
trust_in_scientists,gss,"consci confidence in scientific community (3pt, reversed)",ALL,ALL,1978,1401.0,66.178,1.08,1,3,3-pt confidence,wtssps,annual trend point
trust_in_scientists,gss,"consci confidence in scientific community (3pt, reversed)",ALL,ALL,1980,1322.0,68.318,1.049,1,3,3-pt confidence,wtssps,annual trend point
trust_in_scientists,gss,"consci confidence in scientific community (3pt, reversed)",ALL,ALL,1982,1664.0,68.371,0.945,1,3,3-pt confidence,wtssps,annual trend point
trust_in_scientists,gss,"consci confidence in scientific community (3pt, reversed)",ALL,ALL,1983,1492.0,69.388,1.003,1,3,3-pt confidence,wtssps,annual trend point
trust_in_scientists,gss,"consci confidence in scientific community (3pt, reversed)",ALL,ALL,1984,920.0,71.954,1.223,1,3,3-pt confidence,wtssps,annual trend point
trust_in_scientists,gss,"consci confidence in scientific community (3pt, reversed)",ALL,ALL,1986,1379.0,67.918,0.902,1,3,3-pt confidence,wtssps,annual trend point
trust_in_scientists,gss,"consci confidence in scientific community (3pt, reversed)",ALL,ALL,1987,1677.0,70.491,0.919,1,3,3-pt confidence,wtssps,annual trend point
trust_in_scientists,gss,"consci confidence in scientific community (3pt, reversed)",ALL,ALL,1988,914.0,68.758,1.081,1,3,3-pt confidence,wtssps,annual trend point
trust_in_scientists,gss,"consci confidence in scientific community (3pt, reversed)",ALL,ALL,1989,937.0,69.108,1.125,1,3,3-pt confidence,wtssps,annual trend point
trust_in_scientists,gss,"consci confidence in scientific community (3pt, reversed)",ALL,ALL,1990,819.0,67.491,1.208,1,3,3-pt confidence,wtssps,annual trend point
trust_in_scientists,gss,"consci confidence in scientific community (3pt, reversed)",ALL,ALL,1991,941.0,68.223,1.15,1,3,3-pt confidence,wtssps,annual trend point
trust_in_scientists,gss,"consci confidence in scientific community (3pt, reversed)",ALL,ALL,1993,962.0,66.39,1.1,1,3,3-pt confidence,wtssps,annual trend point
trust_in_scientists,gss,"consci confidence in scientific community (3pt, reversed)",ALL,ALL,1994,1896.0,66.776,0.799,1,3,3-pt confidence,wtssps,annual trend point
trust_in_scientists,gss,"consci confidence in scientific community (3pt, reversed)",ALL,ALL,1996,1763.0,67.467,0.85,1,3,3-pt confidence,wtssps,annual trend point
trust_in_scientists,gss,"consci confidence in scientific community (3pt, reversed)",ALL,ALL,1998,1760.0,67.484,0.887,1,3,3-pt confidence,wtssps,annual trend point
trust_in_scientists,gss,"consci confidence in scientific community (3pt, reversed)",ALL,ALL,2000,1739.0,68.583,0.851,1,3,3-pt confidence,wtssps,annual trend point
trust_in_scientists,gss,"consci confidence in scientific community (3pt, reversed)",ALL,ALL,2002,857.0,65.617,1.294,1,3,3-pt confidence,wtssps,annual trend point
trust_in_scientists,gss,"consci confidence in scientific community (3pt, reversed)",ALL,ALL,2004,845.0,67.9,1.23,1,3,3-pt confidence,wtssps,annual trend point
trust_in_scientists,gss,"consci confidence in scientific community (3pt, reversed)",ALL,ALL,2006,1890.0,68.919,0.814,1,3,3-pt confidence,wtssps,annual trend point
trust_in_scientists,gss,"consci confidence in scientific community (3pt, reversed)",ALL,ALL,2008,1301.0,67.097,0.968,1,3,3-pt confidence,wtssps,annual trend point
trust_in_scientists,gss,"consci confidence in scientific community (3pt, reversed)",ALL,ALL,2010,1306.0,68.275,1.058,1,3,3-pt confidence,wtssps,annual trend point
trust_in_scientists,gss,"consci confidence in scientific community (3pt, reversed)",ALL,ALL,2012,1264.0,67.597,1.071,1,3,3-pt confidence,wtssps,annual trend point
trust_in_scientists,gss,"consci confidence in scientific community (3pt, reversed)",ALL,ALL,2014,1623.0,67.68,0.885,1,3,3-pt confidence,wtssps,annual trend point
trust_in_scientists,gss,"consci confidence in scientific community (3pt, reversed)",ALL,ALL,2016,1884.0,68.903,0.83,1,3,3-pt confidence,wtssps,annual trend point
trust_in_scientists,gss,"consci confidence in scientific community (3pt, reversed)",ALL,ALL,2018,1506.0,70.754,0.972,1,3,3-pt confidence,wtssps,annual trend point
trust_in_scientists,gss,"consci confidence in scientific community (3pt, reversed)",ALL,ALL,2021,2654.0,70.334,0.757,1,3,3-pt confidence,wtssps,annual trend point
trust_in_scientists,gss,"consci confidence in scientific community (3pt, reversed)",ALL,ALL,2022,2314.0,63.152,1.088,1,3,3-pt confidence,wtssps,annual trend point
trust_in_scientists,gss,"consci confidence in scientific community (3pt, reversed)",ALL,ALL,2024,2121.0,62.16,0.982,1,3,3-pt confidence,wtssps,annual trend point
trust_in_scientists,gss,"consci confidence in scientific community (3pt, reversed)",age_band,18-29,2021-2024,896.0,69.52,1.478,1,3,3-pt confidence (great deal/only some/hardly any),wtssps,pooled 2021+2022+2024 GSS
trust_in_scientists,gss,"consci confidence in scientific community (3pt, reversed)",age_band,18-29,2016-2018,607.0,73.879,1.508,1,3,3-pt confidence (great deal/only some/hardly any),wtssps,pooled
trust_in_scientists,gss,"consci confidence in scientific community (3pt, reversed)",age_band,18-29,2024,279.0,63.872,2.616,1,3,3-pt confidence (great deal/only some/hardly any),wtssps,
trust_in_scientists,gss,"consci confidence in scientific community (3pt, reversed)",age_band,18-29,2022,342.0,70.709,2.589,1,3,3-pt confidence (great deal/only some/hardly any),wtssps,
trust_in_scientists,gss,"consci confidence in scientific community (3pt, reversed)",age_band,18-29,2021,275.0,72.941,2.407,1,3,3-pt confidence (great deal/only some/hardly any),wtssps,
trust_in_scientists,gss,"consci confidence in scientific community (3pt, reversed)",age_band,18-29,2018,266.0,73.208,2.394,1,3,3-pt confidence (great deal/only some/hardly any),wtssps,
trust_in_scientists,gss,"consci confidence in scientific community (3pt, reversed)",age_band,30-44,2021-2024,1793.0,64.956,1.037,1,3,3-pt confidence (great deal/only some/hardly any),wtssps,pooled 2021+2022+2024 GSS
trust_in_scientists,gss,"consci confidence in scientific community (3pt, reversed)",age_band,30-44,2016-2018,922.0,69.885,1.191,1,3,3-pt confidence (great deal/only some/hardly any),wtssps,pooled
trust_in_scientists,gss,"consci confidence in scientific community (3pt, reversed)",age_band,30-44,2024,574.0,62.003,1.781,1,3,3-pt confidence (great deal/only some/hardly any),wtssps,
trust_in_scientists,gss,"consci confidence in scientific community (3pt, reversed)",age_band,30-44,2022,591.0,60.821,2.161,1,3,3-pt confidence (great deal/only some/hardly any),wtssps,
trust_in_scientists,gss,"consci confidence in scientific community (3pt, reversed)",age_band,30-44,2021,628.0,70.903,1.422,1,3,3-pt confidence (great deal/only some/hardly any),wtssps,
trust_in_scientists,gss,"consci confidence in scientific community (3pt, reversed)",age_band,30-44,2018,423.0,70.412,1.869,1,3,3-pt confidence (great deal/only some/hardly any),wtssps,
trust_in_scientists,gss,"consci confidence in scientific community (3pt, reversed)",age_band,45-59,2021-2024,1569.0,63.98,1.128,1,3,3-pt confidence (great deal/only some/hardly any),wtssps,pooled 2021+2022+2024 GSS
trust_in_scientists,gss,"consci confidence in scientific community (3pt, reversed)",age_band,45-59,2016-2018,890.0,68.049,1.156,1,3,3-pt confidence (great deal/only some/hardly any),wtssps,pooled
trust_in_scientists,gss,"consci confidence in scientific community (3pt, reversed)",age_band,45-59,2024,466.0,60.721,2.064,1,3,3-pt confidence (great deal/only some/hardly any),wtssps,
trust_in_scientists,gss,"consci confidence in scientific community (3pt, reversed)",age_band,45-59,2022,497.0,61.14,2.279,1,3,3-pt confidence (great deal/only some/hardly any),wtssps,
trust_in_scientists,gss,"consci confidence in scientific community (3pt, reversed)",age_band,45-59,2021,606.0,69.368,1.39,1,3,3-pt confidence (great deal/only some/hardly any),wtssps,
trust_in_scientists,gss,"consci confidence in scientific community (3pt, reversed)",age_band,45-59,2018,374.0,69.686,1.912,1,3,3-pt confidence (great deal/only some/hardly any),wtssps,
trust_in_scientists,gss,"consci confidence in scientific community (3pt, reversed)",age_band,60+,2021-2024,2368.0,66.077,0.921,1,3,3-pt confidence (great deal/only some/hardly any),wtssps,pooled 2021+2022+2024 GSS
trust_in_scientists,gss,"consci confidence in scientific community (3pt, reversed)",age_band,60+,2016-2018,935.0,67.707,1.241,1,3,3-pt confidence (great deal/only some/hardly any),wtssps,pooled
trust_in_scientists,gss,"consci confidence in scientific community (3pt, reversed)",age_band,60+,2024,726.0,63.759,1.707,1,3,3-pt confidence (great deal/only some/hardly any),wtssps,
trust_in_scientists,gss,"consci confidence in scientific community (3pt, reversed)",age_band,60+,2022,738.0,63.349,1.856,1,3,3-pt confidence (great deal/only some/hardly any),wtssps,
trust_in_scientists,gss,"consci confidence in scientific community (3pt, reversed)",age_band,60+,2021,904.0,70.557,1.214,1,3,3-pt confidence (great deal/only some/hardly any),wtssps,
trust_in_scientists,gss,"consci confidence in scientific community (3pt, reversed)",age_band,60+,2018,425.0,70.026,1.679,1,3,3-pt confidence (great deal/only some/hardly any),wtssps,
trust_in_scientists,gss,"consci confidence in scientific community (3pt, reversed)",education,associate/junior college,2021-2024,647.0,63.642,1.822,1,3,3-pt confidence (great deal/only some/hardly any),wtssps,pooled 2021+2022+2024 GSS
trust_in_scientists,gss,"consci confidence in scientific community (3pt, reversed)",education,associate/junior college,2016-2018,271.0,68.525,2.037,1,3,3-pt confidence (great deal/only some/hardly any),wtssps,pooled
trust_in_scientists,gss,"consci confidence in scientific community (3pt, reversed)",education,associate/junior college,2024,203.0,57.996,4.067,1,3,3-pt confidence (great deal/only some/hardly any),wtssps,
trust_in_scientists,gss,"consci confidence in scientific community (3pt, reversed)",education,associate/junior college,2022,207.0,63.617,3.039,1,3,3-pt confidence (great deal/only some/hardly any),wtssps,
trust_in_scientists,gss,"consci confidence in scientific community (3pt, reversed)",education,associate/junior college,2021,237.0,67.511,2.504,1,3,3-pt confidence (great deal/only some/hardly any),wtssps,
trust_in_scientists,gss,"consci confidence in scientific community (3pt, reversed)",education,associate/junior college,2018,134.0,66.429,2.777,1,3,3-pt confidence (great deal/only some/hardly any),wtssps,
trust_in_scientists,gss,"consci confidence in scientific community (3pt, reversed)",education,bachelor's,2021-2024,1626.0,71.983,1.084,1,3,3-pt confidence (great deal/only some/hardly any),wtssps,pooled 2021+2022+2024 GSS
trust_in_scientists,gss,"consci confidence in scientific community (3pt, reversed)",education,bachelor's,2016-2018,658.0,76.784,1.304,1,3,3-pt confidence (great deal/only some/hardly any),wtssps,pooled
trust_in_scientists,gss,"consci confidence in scientific community (3pt, reversed)",education,bachelor's,2024,474.0,65.671,1.89,1,3,3-pt confidence (great deal/only some/hardly any),wtssps,
trust_in_scientists,gss,"consci confidence in scientific community (3pt, reversed)",education,bachelor's,2022,465.0,69.864,2.338,1,3,3-pt confidence (great deal/only some/hardly any),wtssps,
trust_in_scientists,gss,"consci confidence in scientific community (3pt, reversed)",education,bachelor's,2021,687.0,80.19,1.142,1,3,3-pt confidence (great deal/only some/hardly any),wtssps,
trust_in_scientists,gss,"consci confidence in scientific community (3pt, reversed)",education,bachelor's,2018,304.0,79.832,2.035,1,3,3-pt confidence (great deal/only some/hardly any),wtssps,
trust_in_scientists,gss,"consci confidence in scientific community (3pt, reversed)",education,graduate,2021-2024,1121.0,77.832,1.144,1,3,3-pt confidence (great deal/only some/hardly any),wtssps,pooled 2021+2022+2024 GSS
trust_in_scientists,gss,"consci confidence in scientific community (3pt, reversed)",education,graduate,2016-2018,379.0,82.767,1.596,1,3,3-pt confidence (great deal/only some/hardly any),wtssps,pooled
trust_in_scientists,gss,"consci confidence in scientific community (3pt, reversed)",education,graduate,2024,312.0,75.296,2.226,1,3,3-pt confidence (great deal/only some/hardly any),wtssps,
trust_in_scientists,gss,"consci confidence in scientific community (3pt, reversed)",education,graduate,2022,321.0,74.609,2.402,1,3,3-pt confidence (great deal/only some/hardly any),wtssps,
trust_in_scientists,gss,"consci confidence in scientific community (3pt, reversed)",education,graduate,2021,488.0,82.658,1.321,1,3,3-pt confidence (great deal/only some/hardly any),wtssps,
trust_in_scientists,gss,"consci confidence in scientific community (3pt, reversed)",education,graduate,2018,167.0,82.942,2.593,1,3,3-pt confidence (great deal/only some/hardly any),wtssps,
trust_in_scientists,gss,"consci confidence in scientific community (3pt, reversed)",education,high school,2021-2024,3102.0,61.737,0.786,1,3,3-pt confidence (great deal/only some/hardly any),wtssps,pooled 2021+2022+2024 GSS
trust_in_scientists,gss,"consci confidence in scientific community (3pt, reversed)",education,high school,2016-2018,1710.0,66.574,0.923,1,3,3-pt confidence (great deal/only some/hardly any),wtssps,pooled
trust_in_scientists,gss,"consci confidence in scientific community (3pt, reversed)",education,high school,2024,946.0,58.163,1.359,1,3,3-pt confidence (great deal/only some/hardly any),wtssps,
trust_in_scientists,gss,"consci confidence in scientific community (3pt, reversed)",education,high school,2022,1082.0,58.646,1.535,1,3,3-pt confidence (great deal/only some/hardly any),wtssps,
trust_in_scientists,gss,"consci confidence in scientific community (3pt, reversed)",education,high school,2021,1074.0,67.006,1.152,1,3,3-pt confidence (great deal/only some/hardly any),wtssps,
trust_in_scientists,gss,"consci confidence in scientific community (3pt, reversed)",education,high school,2018,738.0,67.132,1.42,1,3,3-pt confidence (great deal/only some/hardly any),wtssps,
trust_in_scientists,gss,"consci confidence in scientific community (3pt, reversed)",education,less than high school,2021-2024,578.0,59.599,2.098,1,3,3-pt confidence (great deal/only some/hardly any),wtssps,pooled 2021+2022+2024 GSS
trust_in_scientists,gss,"consci confidence in scientific community (3pt, reversed)",education,less than high school,2016-2018,367.0,60.199,1.84,1,3,3-pt confidence (great deal/only some/hardly any),wtssps,pooled
trust_in_scientists,gss,"consci confidence in scientific community (3pt, reversed)",education,less than high school,2024,184.0,58.742,3.82,1,3,3-pt confidence (great deal/only some/hardly any),wtssps,
trust_in_scientists,gss,"consci confidence in scientific community (3pt, reversed)",education,less than high school,2022,239.0,59.717,4.116,1,3,3-pt confidence (great deal/only some/hardly any),wtssps,
trust_in_scientists,gss,"consci confidence in scientific community (3pt, reversed)",education,less than high school,2021,155.0,60.073,2.91,1,3,3-pt confidence (great deal/only some/hardly any),wtssps,
trust_in_scientists,gss,"consci confidence in scientific community (3pt, reversed)",education,less than high school,2018,163.0,60.194,3.022,1,3,3-pt confidence (great deal/only some/hardly any),wtssps,
trust_in_scientists,gss,"consci confidence in scientific community (3pt, reversed)",education3,College graduate or more,2021-2024,2747.0,74.313,0.802,1,3,3-pt confidence (great deal/only some/hardly any),wtssps,pooled 2021+2022+2024 GSS
trust_in_scientists,gss,"consci confidence in scientific community (3pt, reversed)",education3,College graduate or more,2016-2018,1037.0,79.079,1.013,1,3,3-pt confidence (great deal/only some/hardly any),wtssps,pooled
trust_in_scientists,gss,"consci confidence in scientific community (3pt, reversed)",education3,College graduate or more,2024,786.0,69.473,1.478,1,3,3-pt confidence (great deal/only some/hardly any),wtssps,
trust_in_scientists,gss,"consci confidence in scientific community (3pt, reversed)",education3,College graduate or more,2022,786.0,71.66,1.717,1,3,3-pt confidence (great deal/only some/hardly any),wtssps,
trust_in_scientists,gss,"consci confidence in scientific community (3pt, reversed)",education3,College graduate or more,2021,1175.0,81.223,0.863,1,3,3-pt confidence (great deal/only some/hardly any),wtssps,
trust_in_scientists,gss,"consci confidence in scientific community (3pt, reversed)",education3,College graduate or more,2018,471.0,81.032,1.594,1,3,3-pt confidence (great deal/only some/hardly any),wtssps,
trust_in_scientists,gss,"consci confidence in scientific community (3pt, reversed)",education3,H.S. graduate or less,2021-2024,3680.0,61.321,0.751,1,3,3-pt confidence (great deal/only some/hardly any),wtssps,pooled 2021+2022+2024 GSS
trust_in_scientists,gss,"consci confidence in scientific community (3pt, reversed)",education3,H.S. graduate or less,2016-2018,2077.0,65.378,0.832,1,3,3-pt confidence (great deal/only some/hardly any),wtssps,pooled
trust_in_scientists,gss,"consci confidence in scientific community (3pt, reversed)",education3,H.S. graduate or less,2024,1130.0,58.267,1.308,1,3,3-pt confidence (great deal/only some/hardly any),wtssps,
trust_in_scientists,gss,"consci confidence in scientific community (3pt, reversed)",education3,H.S. graduate or less,2022,1321.0,58.872,1.493,1,3,3-pt confidence (great deal/only some/hardly any),wtssps,
trust_in_scientists,gss,"consci confidence in scientific community (3pt, reversed)",education3,H.S. graduate or less,2021,1229.0,65.68,1.085,1,3,3-pt confidence (great deal/only some/hardly any),wtssps,
trust_in_scientists,gss,"consci confidence in scientific community (3pt, reversed)",education3,H.S. graduate or less,2018,901.0,65.836,1.291,1,3,3-pt confidence (great deal/only some/hardly any),wtssps,
trust_in_scientists,gss,"consci confidence in scientific community (3pt, reversed)",education3,Some college,2021-2024,647.0,63.642,1.822,1,3,3-pt confidence (great deal/only some/hardly any),wtssps,pooled 2021+2022+2024 GSS
trust_in_scientists,gss,"consci confidence in scientific community (3pt, reversed)",education3,Some college,2016-2018,271.0,68.525,2.037,1,3,3-pt confidence (great deal/only some/hardly any),wtssps,pooled
trust_in_scientists,gss,"consci confidence in scientific community (3pt, reversed)",education3,Some college,2024,203.0,57.996,4.067,1,3,3-pt confidence (great deal/only some/hardly any),wtssps,
trust_in_scientists,gss,"consci confidence in scientific community (3pt, reversed)",education3,Some college,2022,207.0,63.617,3.039,1,3,3-pt confidence (great deal/only some/hardly any),wtssps,
trust_in_scientists,gss,"consci confidence in scientific community (3pt, reversed)",education3,Some college,2021,237.0,67.511,2.504,1,3,3-pt confidence (great deal/only some/hardly any),wtssps,
trust_in_scientists,gss,"consci confidence in scientific community (3pt, reversed)",education3,Some college,2018,134.0,66.429,2.777,1,3,3-pt confidence (great deal/only some/hardly any),wtssps,
trust_in_scientists,gss,"consci confidence in scientific community (3pt, reversed)",gender,Female,2021-2024,3855.0,63.764,0.728,1,3,3-pt confidence (great deal/only some/hardly any),wtssps,pooled 2021+2022+2024 GSS
trust_in_scientists,gss,"consci confidence in scientific community (3pt, reversed)",gender,Female,2016-2018,1839.0,66.532,0.886,1,3,3-pt confidence (great deal/only some/hardly any),wtssps,pooled
trust_in_scientists,gss,"consci confidence in scientific community (3pt, reversed)",gender,Female,2024,1141.0,59.692,1.275,1,3,3-pt confidence (great deal/only some/hardly any),wtssps,
trust_in_scientists,gss,"consci confidence in scientific community (3pt, reversed)",gender,Female,2022,1258.0,61.568,1.518,1,3,3-pt confidence (great deal/only some/hardly any),wtssps,
trust_in_scientists,gss,"consci confidence in scientific community (3pt, reversed)",gender,Female,2021,1456.0,68.852,0.949,1,3,3-pt confidence (great deal/only some/hardly any),wtssps,
trust_in_scientists,gss,"consci confidence in scientific community (3pt, reversed)",gender,Female,2018,810.0,68.25,1.346,1,3,3-pt confidence (great deal/only some/hardly any),wtssps,
trust_in_scientists,gss,"consci confidence in scientific community (3pt, reversed)",gender,Male,2021-2024,3141.0,67.717,0.819,1,3,3-pt confidence (great deal/only some/hardly any),wtssps,pooled 2021+2022+2024 GSS
trust_in_scientists,gss,"consci confidence in scientific community (3pt, reversed)",gender,Male,2016-2018,1551.0,73.031,0.89,1,3,3-pt confidence (great deal/only some/hardly any),wtssps,pooled
trust_in_scientists,gss,"consci confidence in scientific community (3pt, reversed)",gender,Male,2024,964.0,64.585,1.49,1,3,3-pt confidence (great deal/only some/hardly any),wtssps,
trust_in_scientists,gss,"consci confidence in scientific community (3pt, reversed)",gender,Male,2022,1042.0,64.996,1.567,1,3,3-pt confidence (great deal/only some/hardly any),wtssps,
trust_in_scientists,gss,"consci confidence in scientific community (3pt, reversed)",gender,Male,2021,1135.0,72.688,1.21,1,3,3-pt confidence (great deal/only some/hardly any),wtssps,
trust_in_scientists,gss,"consci confidence in scientific community (3pt, reversed)",gender,Male,2018,696.0,73.326,1.396,1,3,3-pt confidence (great deal/only some/hardly any),wtssps,
trust_in_scientists,gss,"consci confidence in scientific community (3pt, reversed)",ideology,conservative,2021-2024,1049.0,52.991,1.26,1,3,3-pt confidence (great deal/only some/hardly any),wtssps,pooled 2021+2022+2024 GSS
trust_in_scientists,gss,"consci confidence in scientific community (3pt, reversed)",ideology,conservative,2016-2018,511.0,66.219,1.514,1,3,3-pt confidence (great deal/only some/hardly any),wtssps,pooled
trust_in_scientists,gss,"consci confidence in scientific community (3pt, reversed)",ideology,conservative,2024,313.0,50.324,2.098,1,3,3-pt confidence (great deal/only some/hardly any),wtssps,
trust_in_scientists,gss,"consci confidence in scientific community (3pt, reversed)",ideology,conservative,2022,339.0,51.477,2.542,1,3,3-pt confidence (great deal/only some/hardly any),wtssps,
trust_in_scientists,gss,"consci confidence in scientific community (3pt, reversed)",ideology,conservative,2021,397.0,56.815,1.816,1,3,3-pt confidence (great deal/only some/hardly any),wtssps,
trust_in_scientists,gss,"consci confidence in scientific community (3pt, reversed)",ideology,conservative,2018,234.0,68.571,2.24,1,3,3-pt confidence (great deal/only some/hardly any),wtssps,
trust_in_scientists,gss,"consci confidence in scientific community (3pt, reversed)",ideology,extremely conservative,2021-2024,335.0,46.945,3.458,1,3,3-pt confidence (great deal/only some/hardly any),wtssps,pooled 2021+2022+2024 GSS
trust_in_scientists,gss,"consci confidence in scientific community (3pt, reversed)",ideology,extremely conservative,2016-2018,142.0,60.438,3.15,1,3,3-pt confidence (great deal/only some/hardly any),wtssps,pooled
trust_in_scientists,gss,"consci confidence in scientific community (3pt, reversed)",ideology,extremely conservative,2024,116.0,48.555,5.842,1,3,3-pt confidence (great deal/only some/hardly any),wtssps,
trust_in_scientists,gss,"consci confidence in scientific community (3pt, reversed)",ideology,extremely conservative,2022,101.0,43.416,7.594,1,3,3-pt confidence (great deal/only some/hardly any),wtssps,
trust_in_scientists,gss,"consci confidence in scientific community (3pt, reversed)",ideology,extremely conservative,2021,118.0,49.386,3.295,1,3,3-pt confidence (great deal/only some/hardly any),wtssps,
trust_in_scientists,gss,"consci confidence in scientific community (3pt, reversed)",ideology,extremely conservative,2018,68.0,61.308,5.435,1,3,3-pt confidence (great deal/only some/hardly any),wtssps,
trust_in_scientists,gss,"consci confidence in scientific community (3pt, reversed)",ideology,extremely liberal,2021-2024,320.0,80.553,2.405,1,3,3-pt confidence (great deal/only some/hardly any),wtssps,pooled 2021+2022+2024 GSS
trust_in_scientists,gss,"consci confidence in scientific community (3pt, reversed)",ideology,extremely liberal,2016-2018,159.0,77.063,2.814,1,3,3-pt confidence (great deal/only some/hardly any),wtssps,pooled
trust_in_scientists,gss,"consci confidence in scientific community (3pt, reversed)",ideology,extremely liberal,2024,72.0,72.288,4.319,1,3,3-pt confidence (great deal/only some/hardly any),wtssps,
trust_in_scientists,gss,"consci confidence in scientific community (3pt, reversed)",ideology,extremely liberal,2022,113.0,79.553,5.262,1,3,3-pt confidence (great deal/only some/hardly any),wtssps,
trust_in_scientists,gss,"consci confidence in scientific community (3pt, reversed)",ideology,extremely liberal,2021,135.0,84.359,2.919,1,3,3-pt confidence (great deal/only some/hardly any),wtssps,
trust_in_scientists,gss,"consci confidence in scientific community (3pt, reversed)",ideology,extremely liberal,2018,74.0,82.168,3.954,1,3,3-pt confidence (great deal/only some/hardly any),wtssps,
trust_in_scientists,gss,"consci confidence in scientific community (3pt, reversed)",ideology,liberal,2021-2024,1006.0,82.554,1.242,1,3,3-pt confidence (great deal/only some/hardly any),wtssps,pooled 2021+2022+2024 GSS
trust_in_scientists,gss,"consci confidence in scientific community (3pt, reversed)",ideology,liberal,2016-2018,434.0,77.863,1.647,1,3,3-pt confidence (great deal/only some/hardly any),wtssps,pooled
trust_in_scientists,gss,"consci confidence in scientific community (3pt, reversed)",ideology,liberal,2024,291.0,78.665,2.308,1,3,3-pt confidence (great deal/only some/hardly any),wtssps,
trust_in_scientists,gss,"consci confidence in scientific community (3pt, reversed)",ideology,liberal,2022,313.0,80.302,2.79,1,3,3-pt confidence (great deal/only some/hardly any),wtssps,
trust_in_scientists,gss,"consci confidence in scientific community (3pt, reversed)",ideology,liberal,2021,402.0,87.225,1.464,1,3,3-pt confidence (great deal/only some/hardly any),wtssps,
trust_in_scientists,gss,"consci confidence in scientific community (3pt, reversed)",ideology,liberal,2018,189.0,78.738,2.581,1,3,3-pt confidence (great deal/only some/hardly any),wtssps,
trust_in_scientists,gss,"consci confidence in scientific community (3pt, reversed)",ideology,"moderate, middle of the road",2021-2024,2473.0,63.451,0.862,1,3,3-pt confidence (great deal/only some/hardly any),wtssps,pooled 2021+2022+2024 GSS
trust_in_scientists,gss,"consci confidence in scientific community (3pt, reversed)",ideology,"moderate, middle of the road",2016-2018,1212.0,69.413,1.056,1,3,3-pt confidence (great deal/only some/hardly any),wtssps,pooled
trust_in_scientists,gss,"consci confidence in scientific community (3pt, reversed)",ideology,"moderate, middle of the road",2024,739.0,59.334,1.579,1,3,3-pt confidence (great deal/only some/hardly any),wtssps,
trust_in_scientists,gss,"consci confidence in scientific community (3pt, reversed)",ideology,"moderate, middle of the road",2022,820.0,62.967,1.671,1,3,3-pt confidence (great deal/only some/hardly any),wtssps,
trust_in_scientists,gss,"consci confidence in scientific community (3pt, reversed)",ideology,"moderate, middle of the road",2021,914.0,66.857,1.267,1,3,3-pt confidence (great deal/only some/hardly any),wtssps,
trust_in_scientists,gss,"consci confidence in scientific community (3pt, reversed)",ideology,"moderate, middle of the road",2018,541.0,70.325,1.607,1,3,3-pt confidence (great deal/only some/hardly any),wtssps,
trust_in_scientists,gss,"consci confidence in scientific community (3pt, reversed)",ideology,slightly conservative,2021-2024,878.0,63.118,1.465,1,3,3-pt confidence (great deal/only some/hardly any),wtssps,pooled 2021+2022+2024 GSS
trust_in_scientists,gss,"consci confidence in scientific community (3pt, reversed)",ideology,slightly conservative,2016-2018,433.0,67.551,1.723,1,3,3-pt confidence (great deal/only some/hardly any),wtssps,pooled
trust_in_scientists,gss,"consci confidence in scientific community (3pt, reversed)",ideology,slightly conservative,2024,257.0,58.872,2.671,1,3,3-pt confidence (great deal/only some/hardly any),wtssps,
trust_in_scientists,gss,"consci confidence in scientific community (3pt, reversed)",ideology,slightly conservative,2022,293.0,60.9,2.729,1,3,3-pt confidence (great deal/only some/hardly any),wtssps,
trust_in_scientists,gss,"consci confidence in scientific community (3pt, reversed)",ideology,slightly conservative,2021,328.0,68.229,2.262,1,3,3-pt confidence (great deal/only some/hardly any),wtssps,
trust_in_scientists,gss,"consci confidence in scientific community (3pt, reversed)",ideology,slightly conservative,2018,173.0,65.211,2.989,1,3,3-pt confidence (great deal/only some/hardly any),wtssps,
trust_in_scientists,gss,"consci confidence in scientific community (3pt, reversed)",ideology,slightly liberal,2021-2024,836.0,76.727,1.297,1,3,3-pt confidence (great deal/only some/hardly any),wtssps,pooled 2021+2022+2024 GSS
trust_in_scientists,gss,"consci confidence in scientific community (3pt, reversed)",ideology,slightly liberal,2016-2018,383.0,73.725,1.758,1,3,3-pt confidence (great deal/only some/hardly any),wtssps,pooled
trust_in_scientists,gss,"consci confidence in scientific community (3pt, reversed)",ideology,slightly liberal,2024,251.0,75.855,2.261,1,3,3-pt confidence (great deal/only some/hardly any),wtssps,
trust_in_scientists,gss,"consci confidence in scientific community (3pt, reversed)",ideology,slightly liberal,2022,259.0,70.93,2.559,1,3,3-pt confidence (great deal/only some/hardly any),wtssps,
trust_in_scientists,gss,"consci confidence in scientific community (3pt, reversed)",ideology,slightly liberal,2021,326.0,82.032,1.826,1,3,3-pt confidence (great deal/only some/hardly any),wtssps,
trust_in_scientists,gss,"consci confidence in scientific community (3pt, reversed)",ideology,slightly liberal,2018,173.0,75.936,2.503,1,3,3-pt confidence (great deal/only some/hardly any),wtssps,
trust_in_scientists,gss,"consci confidence in scientific community (3pt, reversed)",party,Democrat,2021-2024,2135.0,75.751,0.925,1,3,3-pt confidence (great deal/only some/hardly any),wtssps,pooled 2021+2022+2024 GSS
trust_in_scientists,gss,"consci confidence in scientific community (3pt, reversed)",party,Democrat,2016-2018,1090.0,72.88,1.048,1,3,3-pt confidence (great deal/only some/hardly any),wtssps,pooled
trust_in_scientists,gss,"consci confidence in scientific community (3pt, reversed)",party,Democrat,2024,583.0,70.7,1.898,1,3,3-pt confidence (great deal/only some/hardly any),wtssps,
trust_in_scientists,gss,"consci confidence in scientific community (3pt, reversed)",party,Democrat,2022,674.0,72.657,1.917,1,3,3-pt confidence (great deal/only some/hardly any),wtssps,
trust_in_scientists,gss,"consci confidence in scientific community (3pt, reversed)",party,Democrat,2021,878.0,81.271,1.121,1,3,3-pt confidence (great deal/only some/hardly any),wtssps,
trust_in_scientists,gss,"consci confidence in scientific community (3pt, reversed)",party,Democrat,2018,463.0,75.604,1.595,1,3,3-pt confidence (great deal/only some/hardly any),wtssps,
trust_in_scientists,gss,"consci confidence in scientific community (3pt, reversed)",party,Democrat,1973,557.0,65.557,1.402,1,3,3-pt confidence,wtssps,annual trend point
trust_in_scientists,gss,"consci confidence in scientific community (3pt, reversed)",party,Democrat,1974,546.0,67.228,1.698,1,3,3-pt confidence,wtssps,annual trend point
trust_in_scientists,gss,"consci confidence in scientific community (3pt, reversed)",party,Democrat,1975,536.0,65.294,1.485,1,3,3-pt confidence,wtssps,annual trend point
trust_in_scientists,gss,"consci confidence in scientific community (3pt, reversed)",party,Democrat,1976,551.0,69.179,1.474,1,3,3-pt confidence,wtssps,annual trend point
trust_in_scientists,gss,"consci confidence in scientific community (3pt, reversed)",party,Democrat,1977,616.0,68.779,1.287,1,3,3-pt confidence,wtssps,annual trend point
trust_in_scientists,gss,"consci confidence in scientific community (3pt, reversed)",party,Democrat,1978,550.0,66.153,1.659,1,3,3-pt confidence,wtssps,annual trend point
trust_in_scientists,gss,"consci confidence in scientific community (3pt, reversed)",party,Democrat,1980,499.0,64.919,1.782,1,3,3-pt confidence,wtssps,annual trend point
trust_in_scientists,gss,"consci confidence in scientific community (3pt, reversed)",party,Democrat,1982,766.0,64.183,1.492,1,3,3-pt confidence,wtssps,annual trend point
trust_in_scientists,gss,"consci confidence in scientific community (3pt, reversed)",party,Democrat,1983,583.0,68.284,1.621,1,3,3-pt confidence,wtssps,annual trend point
trust_in_scientists,gss,"consci confidence in scientific community (3pt, reversed)",party,Democrat,1984,334.0,71.217,2.157,1,3,3-pt confidence,wtssps,annual trend point
trust_in_scientists,gss,"consci confidence in scientific community (3pt, reversed)",party,Democrat,1986,542.0,65.342,1.472,1,3,3-pt confidence,wtssps,annual trend point
trust_in_scientists,gss,"consci confidence in scientific community (3pt, reversed)",party,Democrat,1987,752.0,68.958,1.419,1,3,3-pt confidence,wtssps,annual trend point
trust_in_scientists,gss,"consci confidence in scientific community (3pt, reversed)",party,Democrat,1988,346.0,69.055,1.741,1,3,3-pt confidence,wtssps,annual trend point
trust_in_scientists,gss,"consci confidence in scientific community (3pt, reversed)",party,Democrat,1989,349.0,66.16,1.909,1,3,3-pt confidence,wtssps,annual trend point
trust_in_scientists,gss,"consci confidence in scientific community (3pt, reversed)",party,Democrat,1990,295.0,64.794,2.061,1,3,3-pt confidence,wtssps,annual trend point
trust_in_scientists,gss,"consci confidence in scientific community (3pt, reversed)",party,Democrat,1991,334.0,65.063,1.873,1,3,3-pt confidence,wtssps,annual trend point
trust_in_scientists,gss,"consci confidence in scientific community (3pt, reversed)",party,Democrat,1993,322.0,64.636,1.901,1,3,3-pt confidence,wtssps,annual trend point
trust_in_scientists,gss,"consci confidence in scientific community (3pt, reversed)",party,Democrat,1994,661.0,65.954,1.424,1,3,3-pt confidence,wtssps,annual trend point
trust_in_scientists,gss,"consci confidence in scientific community (3pt, reversed)",party,Democrat,1996,588.0,66.736,1.484,1,3,3-pt confidence,wtssps,annual trend point
trust_in_scientists,gss,"consci confidence in scientific community (3pt, reversed)",party,Democrat,1998,571.0,67.149,1.537,1,3,3-pt confidence,wtssps,annual trend point
trust_in_scientists,gss,"consci confidence in scientific community (3pt, reversed)",party,Democrat,2000,547.0,69.306,1.543,1,3,3-pt confidence,wtssps,annual trend point
trust_in_scientists,gss,"consci confidence in scientific community (3pt, reversed)",party,Democrat,2002,287.0,65.504,2.412,1,3,3-pt confidence,wtssps,annual trend point
trust_in_scientists,gss,"consci confidence in scientific community (3pt, reversed)",party,Democrat,2004,291.0,67.707,2.045,1,3,3-pt confidence,wtssps,annual trend point
trust_in_scientists,gss,"consci confidence in scientific community (3pt, reversed)",party,Democrat,2006,597.0,69.899,1.502,1,3,3-pt confidence,wtssps,annual trend point
trust_in_scientists,gss,"consci confidence in scientific community (3pt, reversed)",party,Democrat,2008,479.0,68.934,1.538,1,3,3-pt confidence,wtssps,annual trend point
trust_in_scientists,gss,"consci confidence in scientific community (3pt, reversed)",party,Democrat,2010,463.0,71.83,1.619,1,3,3-pt confidence,wtssps,annual trend point
trust_in_scientists,gss,"consci confidence in scientific community (3pt, reversed)",party,Democrat,2012,454.0,68.516,1.964,1,3,3-pt confidence,wtssps,annual trend point
trust_in_scientists,gss,"consci confidence in scientific community (3pt, reversed)",party,Democrat,2014,519.0,70.563,1.531,1,3,3-pt confidence,wtssps,annual trend point
trust_in_scientists,gss,"consci confidence in scientific community (3pt, reversed)",party,Democrat,2016,627.0,70.863,1.375,1,3,3-pt confidence,wtssps,annual trend point
trust_in_scientists,gss,"consci confidence in scientific community (3pt, reversed)",party,Democrat,2018,463.0,75.604,1.595,1,3,3-pt confidence,wtssps,annual trend point
trust_in_scientists,gss,"consci confidence in scientific community (3pt, reversed)",party,Democrat,2021,878.0,81.271,1.121,1,3,3-pt confidence,wtssps,annual trend point
trust_in_scientists,gss,"consci confidence in scientific community (3pt, reversed)",party,Democrat,2022,674.0,72.657,1.917,1,3,3-pt confidence,wtssps,annual trend point
trust_in_scientists,gss,"consci confidence in scientific community (3pt, reversed)",party,Democrat,2024,583.0,70.7,1.898,1,3,3-pt confidence,wtssps,annual trend point
trust_in_scientists,gss,"consci confidence in scientific community (3pt, reversed)",party,Independent,2021-2024,3045.0,64.39,0.798,1,3,3-pt confidence (great deal/only some/hardly any),wtssps,pooled 2021+2022+2024 GSS
trust_in_scientists,gss,"consci confidence in scientific community (3pt, reversed)",party,Independent,2016-2018,1420.0,69.053,1.006,1,3,3-pt confidence (great deal/only some/hardly any),wtssps,pooled
trust_in_scientists,gss,"consci confidence in scientific community (3pt, reversed)",party,Independent,2024,943.0,61.717,1.437,1,3,3-pt confidence (great deal/only some/hardly any),wtssps,
trust_in_scientists,gss,"consci confidence in scientific community (3pt, reversed)",party,Independent,2022,1022.0,62.873,1.54,1,3,3-pt confidence (great deal/only some/hardly any),wtssps,
trust_in_scientists,gss,"consci confidence in scientific community (3pt, reversed)",party,Independent,2021,1080.0,67.946,1.175,1,3,3-pt confidence (great deal/only some/hardly any),wtssps,
trust_in_scientists,gss,"consci confidence in scientific community (3pt, reversed)",party,Independent,2018,630.0,68.968,1.51,1,3,3-pt confidence (great deal/only some/hardly any),wtssps,
trust_in_scientists,gss,"consci confidence in scientific community (3pt, reversed)",party,Independent,1973,441.0,68.513,1.463,1,3,3-pt confidence,wtssps,annual trend point
trust_in_scientists,gss,"consci confidence in scientific community (3pt, reversed)",party,Independent,1974,426.0,76.091,1.55,1,3,3-pt confidence,wtssps,annual trend point
trust_in_scientists,gss,"consci confidence in scientific community (3pt, reversed)",party,Independent,1975,487.0,68.869,1.562,1,3,3-pt confidence,wtssps,annual trend point
trust_in_scientists,gss,"consci confidence in scientific community (3pt, reversed)",party,Independent,1976,471.0,68.471,1.635,1,3,3-pt confidence,wtssps,annual trend point
trust_in_scientists,gss,"consci confidence in scientific community (3pt, reversed)",party,Independent,1977,475.0,67.808,1.496,1,3,3-pt confidence,wtssps,annual trend point
trust_in_scientists,gss,"consci confidence in scientific community (3pt, reversed)",party,Independent,1978,513.0,66.902,1.779,1,3,3-pt confidence,wtssps,annual trend point
trust_in_scientists,gss,"consci confidence in scientific community (3pt, reversed)",party,Independent,1980,512.0,69.22,1.634,1,3,3-pt confidence,wtssps,annual trend point
trust_in_scientists,gss,"consci confidence in scientific community (3pt, reversed)",party,Independent,1982,565.0,70.054,1.459,1,3,3-pt confidence,wtssps,annual trend point
trust_in_scientists,gss,"consci confidence in scientific community (3pt, reversed)",party,Independent,1983,511.0,69.276,1.775,1,3,3-pt confidence,wtssps,annual trend point
trust_in_scientists,gss,"consci confidence in scientific community (3pt, reversed)",party,Independent,1984,339.0,70.328,1.847,1,3,3-pt confidence,wtssps,annual trend point
trust_in_scientists,gss,"consci confidence in scientific community (3pt, reversed)",party,Independent,1986,466.0,69.499,1.525,1,3,3-pt confidence,wtssps,annual trend point
trust_in_scientists,gss,"consci confidence in scientific community (3pt, reversed)",party,Independent,1987,509.0,70.017,1.628,1,3,3-pt confidence,wtssps,annual trend point
trust_in_scientists,gss,"consci confidence in scientific community (3pt, reversed)",party,Independent,1988,293.0,67.48,1.923,1,3,3-pt confidence,wtssps,annual trend point
trust_in_scientists,gss,"consci confidence in scientific community (3pt, reversed)",party,Independent,1989,264.0,68.039,2.161,1,3,3-pt confidence,wtssps,annual trend point
trust_in_scientists,gss,"consci confidence in scientific community (3pt, reversed)",party,Independent,1990,255.0,69.706,2.076,1,3,3-pt confidence,wtssps,annual trend point
trust_in_scientists,gss,"consci confidence in scientific community (3pt, reversed)",party,Independent,1991,297.0,67.029,2.179,1,3,3-pt confidence,wtssps,annual trend point
trust_in_scientists,gss,"consci confidence in scientific community (3pt, reversed)",party,Independent,1993,339.0,66.951,1.882,1,3,3-pt confidence,wtssps,annual trend point
trust_in_scientists,gss,"consci confidence in scientific community (3pt, reversed)",party,Independent,1994,615.0,66.487,1.377,1,3,3-pt confidence,wtssps,annual trend point
trust_in_scientists,gss,"consci confidence in scientific community (3pt, reversed)",party,Independent,1996,659.0,64.644,1.468,1,3,3-pt confidence,wtssps,annual trend point
trust_in_scientists,gss,"consci confidence in scientific community (3pt, reversed)",party,Independent,1998,675.0,66.572,1.498,1,3,3-pt confidence,wtssps,annual trend point
trust_in_scientists,gss,"consci confidence in scientific community (3pt, reversed)",party,Independent,2000,694.0,68.292,1.334,1,3,3-pt confidence,wtssps,annual trend point
trust_in_scientists,gss,"consci confidence in scientific community (3pt, reversed)",party,Independent,2002,329.0,64.529,2.118,1,3,3-pt confidence,wtssps,annual trend point
trust_in_scientists,gss,"consci confidence in scientific community (3pt, reversed)",party,Independent,2004,290.0,68.283,2.327,1,3,3-pt confidence,wtssps,annual trend point
trust_in_scientists,gss,"consci confidence in scientific community (3pt, reversed)",party,Independent,2006,761.0,67.434,1.278,1,3,3-pt confidence,wtssps,annual trend point
trust_in_scientists,gss,"consci confidence in scientific community (3pt, reversed)",party,Independent,2008,460.0,66.755,1.627,1,3,3-pt confidence,wtssps,annual trend point
trust_in_scientists,gss,"consci confidence in scientific community (3pt, reversed)",party,Independent,2010,519.0,66.901,1.782,1,3,3-pt confidence,wtssps,annual trend point
trust_in_scientists,gss,"consci confidence in scientific community (3pt, reversed)",party,Independent,2012,479.0,66.796,1.638,1,3,3-pt confidence,wtssps,annual trend point
trust_in_scientists,gss,"consci confidence in scientific community (3pt, reversed)",party,Independent,2014,717.0,67.456,1.383,1,3,3-pt confidence,wtssps,annual trend point
trust_in_scientists,gss,"consci confidence in scientific community (3pt, reversed)",party,Independent,2016,790.0,69.124,1.348,1,3,3-pt confidence,wtssps,annual trend point
trust_in_scientists,gss,"consci confidence in scientific community (3pt, reversed)",party,Independent,2018,630.0,68.968,1.51,1,3,3-pt confidence,wtssps,annual trend point
trust_in_scientists,gss,"consci confidence in scientific community (3pt, reversed)",party,Independent,2021,1080.0,67.946,1.175,1,3,3-pt confidence,wtssps,annual trend point
trust_in_scientists,gss,"consci confidence in scientific community (3pt, reversed)",party,Independent,2022,1022.0,62.873,1.54,1,3,3-pt confidence,wtssps,annual trend point
trust_in_scientists,gss,"consci confidence in scientific community (3pt, reversed)",party,Independent,2024,943.0,61.717,1.437,1,3,3-pt confidence,wtssps,annual trend point
trust_in_scientists,gss,"consci confidence in scientific community (3pt, reversed)",party,Republican,2021-2024,1654.0,55.226,1.113,1,3,3-pt confidence (great deal/only some/hardly any),wtssps,pooled 2021+2022+2024 GSS
trust_in_scientists,gss,"consci confidence in scientific community (3pt, reversed)",party,Republican,2016-2018,741.0,66.776,1.323,1,3,3-pt confidence (great deal/only some/hardly any),wtssps,pooled
trust_in_scientists,gss,"consci confidence in scientific community (3pt, reversed)",party,Republican,2024,527.0,54.694,1.997,1,3,3-pt confidence (great deal/only some/hardly any),wtssps,
trust_in_scientists,gss,"consci confidence in scientific community (3pt, reversed)",party,Republican,2022,530.0,51.298,2.078,1,3,3-pt confidence (great deal/only some/hardly any),wtssps,
trust_in_scientists,gss,"consci confidence in scientific community (3pt, reversed)",party,Republican,2021,597.0,59.202,1.676,1,3,3-pt confidence (great deal/only some/hardly any),wtssps,
trust_in_scientists,gss,"consci confidence in scientific community (3pt, reversed)",party,Republican,2018,345.0,68.379,2.052,1,3,3-pt confidence (great deal/only some/hardly any),wtssps,
trust_in_scientists,gss,"consci confidence in scientific community (3pt, reversed)",party,Republican,1973,298.0,70.992,1.847,1,3,3-pt confidence,wtssps,annual trend point
trust_in_scientists,gss,"consci confidence in scientific community (3pt, reversed)",party,Republican,1974,284.0,73.775,1.849,1,3,3-pt confidence,wtssps,annual trend point
trust_in_scientists,gss,"consci confidence in scientific community (3pt, reversed)",party,Republican,1975,290.0,69.575,1.809,1,3,3-pt confidence,wtssps,annual trend point
trust_in_scientists,gss,"consci confidence in scientific community (3pt, reversed)",party,Republican,1976,284.0,72.979,2.105,1,3,3-pt confidence,wtssps,annual trend point
trust_in_scientists,gss,"consci confidence in scientific community (3pt, reversed)",party,Republican,1977,299.0,73.93,1.811,1,3,3-pt confidence,wtssps,annual trend point
trust_in_scientists,gss,"consci confidence in scientific community (3pt, reversed)",party,Republican,1978,325.0,65.643,2.272,1,3,3-pt confidence,wtssps,annual trend point
trust_in_scientists,gss,"consci confidence in scientific community (3pt, reversed)",party,Republican,1980,301.0,72.449,2.007,1,3,3-pt confidence,wtssps,annual trend point
trust_in_scientists,gss,"consci confidence in scientific community (3pt, reversed)",party,Republican,1982,317.0,72.087,2.141,1,3,3-pt confidence,wtssps,annual trend point
trust_in_scientists,gss,"consci confidence in scientific community (3pt, reversed)",party,Republican,1983,382.0,71.834,1.858,1,3,3-pt confidence,wtssps,annual trend point
trust_in_scientists,gss,"consci confidence in scientific community (3pt, reversed)",party,Republican,1984,230.0,75.118,2.446,1,3,3-pt confidence,wtssps,annual trend point
trust_in_scientists,gss,"consci confidence in scientific community (3pt, reversed)",party,Republican,1986,359.0,69.097,1.751,1,3,3-pt confidence,wtssps,annual trend point
trust_in_scientists,gss,"consci confidence in scientific community (3pt, reversed)",party,Republican,1987,395.0,72.782,1.791,1,3,3-pt confidence,wtssps,annual trend point
trust_in_scientists,gss,"consci confidence in scientific community (3pt, reversed)",party,Republican,1988,273.0,69.884,1.977,1,3,3-pt confidence,wtssps,annual trend point
trust_in_scientists,gss,"consci confidence in scientific community (3pt, reversed)",party,Republican,1989,307.0,72.706,1.842,1,3,3-pt confidence,wtssps,annual trend point
trust_in_scientists,gss,"consci confidence in scientific community (3pt, reversed)",party,Republican,1990,260.0,68.134,2.151,1,3,3-pt confidence,wtssps,annual trend point
trust_in_scientists,gss,"consci confidence in scientific community (3pt, reversed)",party,Republican,1991,301.0,72.769,1.894,1,3,3-pt confidence,wtssps,annual trend point
trust_in_scientists,gss,"consci confidence in scientific community (3pt, reversed)",party,Republican,1993,286.0,67.4,1.968,1,3,3-pt confidence,wtssps,annual trend point
trust_in_scientists,gss,"consci confidence in scientific community (3pt, reversed)",party,Republican,1994,561.0,68.245,1.41,1,3,3-pt confidence,wtssps,annual trend point
trust_in_scientists,gss,"consci confidence in scientific community (3pt, reversed)",party,Republican,1996,480.0,71.881,1.444,1,3,3-pt confidence,wtssps,annual trend point
trust_in_scientists,gss,"consci confidence in scientific community (3pt, reversed)",party,Republican,1998,468.0,68.894,1.633,1,3,3-pt confidence,wtssps,annual trend point
trust_in_scientists,gss,"consci confidence in scientific community (3pt, reversed)",party,Republican,2000,454.0,68.416,1.638,1,3,3-pt confidence,wtssps,annual trend point
trust_in_scientists,gss,"consci confidence in scientific community (3pt, reversed)",party,Republican,2002,221.0,66.902,2.213,1,3,3-pt confidence,wtssps,annual trend point
trust_in_scientists,gss,"consci confidence in scientific community (3pt, reversed)",party,Republican,2004,252.0,67.945,2.001,1,3,3-pt confidence,wtssps,annual trend point
trust_in_scientists,gss,"consci confidence in scientific community (3pt, reversed)",party,Republican,2006,497.0,70.115,1.534,1,3,3-pt confidence,wtssps,annual trend point
trust_in_scientists,gss,"consci confidence in scientific community (3pt, reversed)",party,Republican,2008,329.0,65.558,1.933,1,3,3-pt confidence,wtssps,annual trend point
trust_in_scientists,gss,"consci confidence in scientific community (3pt, reversed)",party,Republican,2010,288.0,66.963,2.159,1,3,3-pt confidence,wtssps,annual trend point
trust_in_scientists,gss,"consci confidence in scientific community (3pt, reversed)",party,Republican,2012,284.0,67.136,2.201,1,3,3-pt confidence,wtssps,annual trend point
trust_in_scientists,gss,"consci confidence in scientific community (3pt, reversed)",party,Republican,2014,337.0,64.583,1.834,1,3,3-pt confidence,wtssps,annual trend point
trust_in_scientists,gss,"consci confidence in scientific community (3pt, reversed)",party,Republican,2016,396.0,65.385,1.695,1,3,3-pt confidence,wtssps,annual trend point
trust_in_scientists,gss,"consci confidence in scientific community (3pt, reversed)",party,Republican,2018,345.0,68.379,2.052,1,3,3-pt confidence,wtssps,annual trend point
trust_in_scientists,gss,"consci confidence in scientific community (3pt, reversed)",party,Republican,2021,597.0,59.202,1.676,1,3,3-pt confidence,wtssps,annual trend point
trust_in_scientists,gss,"consci confidence in scientific community (3pt, reversed)",party,Republican,2022,530.0,51.298,2.078,1,3,3-pt confidence,wtssps,annual trend point
trust_in_scientists,gss,"consci confidence in scientific community (3pt, reversed)",party,Republican,2024,527.0,54.694,1.997,1,3,3-pt confidence,wtssps,annual trend point
trust_in_scientists,gss,"consci confidence in scientific community (3pt, reversed)",party_lean,Dem/Lean Dem,2021-2024,2940.0,75.964,0.756,1,3,3-pt confidence (great deal/only some/hardly any),wtssps,pooled 2021+2022+2024 GSS
trust_in_scientists,gss,"consci confidence in scientific community (3pt, reversed)",party_lean,Dem/Lean Dem,2016-2018,1577.0,74.088,0.866,1,3,3-pt confidence (great deal/only some/hardly any),wtssps,pooled
trust_in_scientists,gss,"consci confidence in scientific community (3pt, reversed)",party_lean,Dem/Lean Dem,2024,812.0,71.872,1.504,1,3,3-pt confidence (great deal/only some/hardly any),wtssps,
trust_in_scientists,gss,"consci confidence in scientific community (3pt, reversed)",party_lean,Dem/Lean Dem,2022,934.0,73.025,1.553,1,3,3-pt confidence (great deal/only some/hardly any),wtssps,
trust_in_scientists,gss,"consci confidence in scientific community (3pt, reversed)",party_lean,Dem/Lean Dem,2021,1194.0,80.75,0.972,1,3,3-pt confidence (great deal/only some/hardly any),wtssps,
trust_in_scientists,gss,"consci confidence in scientific community (3pt, reversed)",party_lean,Dem/Lean Dem,2018,673.0,75.434,1.335,1,3,3-pt confidence (great deal/only some/hardly any),wtssps,
trust_in_scientists,gss,"consci confidence in scientific community (3pt, reversed)",party_lean,Rep/Lean Rep,2021-2024,2287.0,56.002,0.929,1,3,3-pt confidence (great deal/only some/hardly any),wtssps,pooled 2021+2022+2024 GSS
trust_in_scientists,gss,"consci confidence in scientific community (3pt, reversed)",party_lean,Rep/Lean Rep,2016-2018,1116.0,67.461,1.068,1,3,3-pt confidence (great deal/only some/hardly any),wtssps,pooled
trust_in_scientists,gss,"consci confidence in scientific community (3pt, reversed)",party_lean,Rep/Lean Rep,2024,704.0,54.727,1.705,1,3,3-pt confidence (great deal/only some/hardly any),wtssps,
trust_in_scientists,gss,"consci confidence in scientific community (3pt, reversed)",party_lean,Rep/Lean Rep,2022,761.0,51.937,1.668,1,3,3-pt confidence (great deal/only some/hardly any),wtssps,
trust_in_scientists,gss,"consci confidence in scientific community (3pt, reversed)",party_lean,Rep/Lean Rep,2021,822.0,61.246,1.384,1,3,3-pt confidence (great deal/only some/hardly any),wtssps,
trust_in_scientists,gss,"consci confidence in scientific community (3pt, reversed)",party_lean,Rep/Lean Rep,2018,516.0,69.519,1.633,1,3,3-pt confidence (great deal/only some/hardly any),wtssps,
trust_in_scientists,gss,"consci confidence in scientific community (3pt, reversed)",race,Black non-Hispanic,2021-2024,938.0,58.851,1.44,1,3,3-pt confidence (great deal/only some/hardly any),wtssps,pooled 2021+2022+2024 GSS
trust_in_scientists,gss,"consci confidence in scientific community (3pt, reversed)",race,Black non-Hispanic,2016-2018,551.0,60.444,1.624,1,3,3-pt confidence (great deal/only some/hardly any),wtssps,pooled
trust_in_scientists,gss,"consci confidence in scientific community (3pt, reversed)",race,Black non-Hispanic,2024,345.0,52.776,2.291,1,3,3-pt confidence (great deal/only some/hardly any),wtssps,
trust_in_scientists,gss,"consci confidence in scientific community (3pt, reversed)",race,Black non-Hispanic,2022,328.0,58.789,2.896,1,3,3-pt confidence (great deal/only some/hardly any),wtssps,
trust_in_scientists,gss,"consci confidence in scientific community (3pt, reversed)",race,Black non-Hispanic,2021,265.0,64.356,2.174,1,3,3-pt confidence (great deal/only some/hardly any),wtssps,
trust_in_scientists,gss,"consci confidence in scientific community (3pt, reversed)",race,Black non-Hispanic,2018,241.0,62.341,2.585,1,3,3-pt confidence (great deal/only some/hardly any),wtssps,
trust_in_scientists,gss,"consci confidence in scientific community (3pt, reversed)",race,Hispanic,2021-2024,1038.0,63.428,1.389,1,3,3-pt confidence (great deal/only some/hardly any),wtssps,pooled 2021+2022+2024 GSS
trust_in_scientists,gss,"consci confidence in scientific community (3pt, reversed)",race,Hispanic,2016-2018,458.0,67.132,1.676,1,3,3-pt confidence (great deal/only some/hardly any),wtssps,pooled
trust_in_scientists,gss,"consci confidence in scientific community (3pt, reversed)",race,Hispanic,2024,313.0,59.649,2.38,1,3,3-pt confidence (great deal/only some/hardly any),wtssps,
trust_in_scientists,gss,"consci confidence in scientific community (3pt, reversed)",race,Hispanic,2022,391.0,63.185,2.856,1,3,3-pt confidence (great deal/only some/hardly any),wtssps,
trust_in_scientists,gss,"consci confidence in scientific community (3pt, reversed)",race,Hispanic,2021,334.0,66.859,2.016,1,3,3-pt confidence (great deal/only some/hardly any),wtssps,
trust_in_scientists,gss,"consci confidence in scientific community (3pt, reversed)",race,Hispanic,2018,217.0,67.472,2.601,1,3,3-pt confidence (great deal/only some/hardly any),wtssps,
trust_in_scientists,gss,"consci confidence in scientific community (3pt, reversed)",race,Other non-Hispanic,2021-2024,427.0,72.515,2.088,1,3,3-pt confidence (great deal/only some/hardly any),wtssps,pooled 2021+2022+2024 GSS
trust_in_scientists,gss,"consci confidence in scientific community (3pt, reversed)",race,Other non-Hispanic,2016-2018,162.0,72.225,3.035,1,3,3-pt confidence (great deal/only some/hardly any),wtssps,pooled
trust_in_scientists,gss,"consci confidence in scientific community (3pt, reversed)",race,Other non-Hispanic,2024,131.0,70.776,3.425,1,3,3-pt confidence (great deal/only some/hardly any),wtssps,
trust_in_scientists,gss,"consci confidence in scientific community (3pt, reversed)",race,Other non-Hispanic,2022,138.0,73.2,3.676,1,3,3-pt confidence (great deal/only some/hardly any),wtssps,
trust_in_scientists,gss,"consci confidence in scientific community (3pt, reversed)",race,Other non-Hispanic,2021,158.0,73.468,3.694,1,3,3-pt confidence (great deal/only some/hardly any),wtssps,
trust_in_scientists,gss,"consci confidence in scientific community (3pt, reversed)",race,Other non-Hispanic,2018,73.0,70.792,4.883,1,3,3-pt confidence (great deal/only some/hardly any),wtssps,
trust_in_scientists,gss,"consci confidence in scientific community (3pt, reversed)",race,White non-Hispanic,2021-2024,4637.0,66.695,0.68,1,3,3-pt confidence (great deal/only some/hardly any),wtssps,pooled 2021+2022+2024 GSS
trust_in_scientists,gss,"consci confidence in scientific community (3pt, reversed)",race,White non-Hispanic,2016-2018,2219.0,71.796,0.761,1,3,3-pt confidence (great deal/only some/hardly any),wtssps,pooled
trust_in_scientists,gss,"consci confidence in scientific community (3pt, reversed)",race,White non-Hispanic,2024,1319.0,63.777,1.267,1,3,3-pt confidence (great deal/only some/hardly any),wtssps,
trust_in_scientists,gss,"consci confidence in scientific community (3pt, reversed)",race,White non-Hispanic,2022,1440.0,63.044,1.374,1,3,3-pt confidence (great deal/only some/hardly any),wtssps,
trust_in_scientists,gss,"consci confidence in scientific community (3pt, reversed)",race,White non-Hispanic,2021,1878.0,71.998,0.89,1,3,3-pt confidence (great deal/only some/hardly any),wtssps,
trust_in_scientists,gss,"consci confidence in scientific community (3pt, reversed)",race,White non-Hispanic,2018,975.0,73.03,1.15,1,3,3-pt confidence (great deal/only some/hardly any),wtssps,
trust_in_scientists,koetke2024_S1,METI 14-item trust in scientists (7-pt bipolar),ALL,ALL,2023,298.0,73.765,0.745,1,7,"7-pt bipolar semantic differential, 14-item mean",UNWEIGHTED,all arms pooled (obs range 1-7); conditions: []
trust_in_scientists,koetke2024_S1,METI 14-item trust in scientists (7-pt bipolar),political_conviction_split,at/above median,2023,152.0,72.823,1.124,1,7,"7-pt bipolar, 14-item mean",UNWEIGHTED,"PolConviction range (np.float64(0.0), np.float64(100.0))"
trust_in_scientists,koetke2024_S1,METI 14-item trust in scientists (7-pt bipolar),political_conviction_split,below median (more liberal?),2023,146.0,74.745,0.968,1,7,"7-pt bipolar, 14-item mean",UNWEIGHTED,"PolConviction range (np.float64(0.0), np.float64(100.0))"
trust_in_scientists,koetke2024_S2,METI 14-item trust in scientists (7-pt bipolar),ALL,ALL,2023,317.0,79.353,0.752,1,7,"7-pt bipolar semantic differential, 14-item mean",UNWEIGHTED,all arms pooled (obs range 1-7); conditions: ['Condition']
trust_in_scientists,koetke2024_S2,METI 14-item trust in scientists (7-pt bipolar),political_conviction_split,at/above median,2023,162.0,79.857,1.11,1,7,"7-pt bipolar, 14-item mean",UNWEIGHTED,"PolConviction range (np.float64(10.0), np.float64(100.0))"
trust_in_scientists,koetke2024_S2,METI 14-item trust in scientists (7-pt bipolar),political_conviction_split,below median (more liberal?),2023,155.0,78.825,1.011,1,7,"7-pt bipolar, 14-item mean",UNWEIGHTED,"PolConviction range (np.float64(10.0), np.float64(100.0))"
trust_in_scientists,koetke2024_S3,METI 14-item trust in scientists (7-pt bipolar),ALL,ALL,2023,369.0,78.359,0.749,1,7,"7-pt bipolar semantic differential, 14-item mean",UNWEIGHTED,"all arms pooled (obs range 1-7); conditions: ['IHCondition', 'GenderCondition']"
trust_in_scientists,koetke2024_S3,METI 14-item trust in scientists (7-pt bipolar),political_conviction_split,at/above median,2023,187.0,79.046,1.07,1,7,"7-pt bipolar, 14-item mean",UNWEIGHTED,"PolConviction range (np.int64(0), np.int64(100))"
trust_in_scientists,koetke2024_S3,METI 14-item trust in scientists (7-pt bipolar),political_conviction_split,below median (more liberal?),2023,182.0,77.652,1.048,1,7,"7-pt bipolar, 14-item mean",UNWEIGHTED,"PolConviction range (np.int64(0), np.int64(100))"
trust_in_scientists,koetke2024_S4,METI 14-item trust in scientists (7-pt bipolar),ALL,ALL,2023,371.0,76.174,0.856,1,7,"7-pt bipolar semantic differential, 14-item mean",UNWEIGHTED,"all arms pooled (obs range 1-7); conditions: ['IHCondition', 'RaceCondition']"
trust_in_scientists,koetke2024_S4,METI 14-item trust in scientists (7-pt bipolar),political_conviction_split,at/above median,2023,186.0,76.465,1.269,1,7,"7-pt bipolar, 14-item mean",UNWEIGHTED,"PolConviction range (np.float64(0.0), np.float64(100.0))"
trust_in_scientists,koetke2024_S4,METI 14-item trust in scientists (7-pt bipolar),political_conviction_split,below median (more liberal?),2023,185.0,75.882,1.152,1,7,"7-pt bipolar, 14-item mean",UNWEIGHTED,"PolConviction range (np.float64(0.0), np.float64(100.0))"
trust_in_scientists,koetke2024_S5,METI 14-item trust in scientists (7-pt bipolar),ALL,ALL,2023,679.0,80.968,0.433,1,7,"7-pt bipolar semantic differential, 14-item mean",UNWEIGHTED,all arms pooled (obs range 1-7); conditions: ['IHCondition']
trust_in_scientists,koetke2024_S5,METI 14-item trust in scientists (7-pt bipolar),political_conviction_split,at/above median,2023,360.0,81.528,0.648,1,7,"7-pt bipolar, 14-item mean",UNWEIGHTED,"PolConviction range (np.float64(0.0), np.float64(100.0))"
trust_in_scientists,koetke2024_S5,METI 14-item trust in scientists (7-pt bipolar),political_conviction_split,below median (more liberal?),2023,319.0,80.335,0.558,1,7,"7-pt bipolar, 14-item mean",UNWEIGHTED,"PolConviction range (np.float64(0.0), np.float64(100.0))"
trust_in_scientists,pew_atp_w100,"CONF_G_W100 confidence Scientists act in best interests (4pt, reversed)",ALL,ALL,2021,7181.0,67.028,0.483,1,4,4-pt confidence (great deal/fair amount/not too much/none),WEIGHT_W100,form split half-sample
trust_in_scientists,pew_atp_w100,"CONF_G_W100 confidence Scientists act in best interests (4pt, reversed)",age_band,18-29,2021,701.0,67.196,1.52,1,4,4-pt confidence (great deal/fair amount/not too much/none),WEIGHT_W100,form split half-sample
trust_in_scientists,pew_atp_w100,"CONF_G_W100 confidence Scientists act in best interests (4pt, reversed)",age_band,30-49,2021,2201.0,66.011,0.832,1,4,4-pt confidence (great deal/fair amount/not too much/none),WEIGHT_W100,form split half-sample
trust_in_scientists,pew_atp_w100,"CONF_G_W100 confidence Scientists act in best interests (4pt, reversed)",age_band,50-64,2021,2107.0,66.095,0.888,1,4,4-pt confidence (great deal/fair amount/not too much/none),WEIGHT_W100,form split half-sample
trust_in_scientists,pew_atp_w100,"CONF_G_W100 confidence Scientists act in best interests (4pt, reversed)",age_band,65+,2021,2153.0,69.334,0.781,1,4,4-pt confidence (great deal/fair amount/not too much/none),WEIGHT_W100,form split half-sample
trust_in_scientists,pew_atp_w100,"CONF_G_W100 confidence Scientists act in best interests (4pt, reversed)",education,College graduate+,2021,3222.0,73.905,0.596,1,4,4-pt confidence (great deal/fair amount/not too much/none),WEIGHT_W100,form split half-sample
trust_in_scientists,pew_atp_w100,"CONF_G_W100 confidence Scientists act in best interests (4pt, reversed)",education,H.S. graduate or less,2021,1685.0,61.861,0.97,1,4,4-pt confidence (great deal/fair amount/not too much/none),WEIGHT_W100,form split half-sample
trust_in_scientists,pew_atp_w100,"CONF_G_W100 confidence Scientists act in best interests (4pt, reversed)",education,Some college,2021,2262.0,65.699,0.816,1,4,4-pt confidence (great deal/fair amount/not too much/none),WEIGHT_W100,form split half-sample
trust_in_scientists,pew_atp_w100,"CONF_G_W100 confidence Scientists act in best interests (4pt, reversed)",education3,College graduate+,2021,3222.0,73.905,0.596,1,4,4-pt confidence (great deal/fair amount/not too much/none),WEIGHT_W100,form split half-sample
trust_in_scientists,pew_atp_w100,"CONF_G_W100 confidence Scientists act in best interests (4pt, reversed)",education3,H.S. graduate or less,2021,1685.0,61.861,0.97,1,4,4-pt confidence (great deal/fair amount/not too much/none),WEIGHT_W100,form split half-sample
trust_in_scientists,pew_atp_w100,"CONF_G_W100 confidence Scientists act in best interests (4pt, reversed)",education3,Some college,2021,2262.0,65.699,0.816,1,4,4-pt confidence (great deal/fair amount/not too much/none),WEIGHT_W100,form split half-sample
trust_in_scientists,pew_atp_w100,"CONF_G_W100 confidence Scientists act in best interests (4pt, reversed)",ideology,Conservative,2021,1610.0,57.709,0.913,1,4,4-pt confidence (great deal/fair amount/not too much/none),WEIGHT_W100,form split half-sample
trust_in_scientists,pew_atp_w100,"CONF_G_W100 confidence Scientists act in best interests (4pt, reversed)",ideology,Liberal,2021,1333.0,79.743,1.029,1,4,4-pt confidence (great deal/fair amount/not too much/none),WEIGHT_W100,form split half-sample
trust_in_scientists,pew_atp_w100,"CONF_G_W100 confidence Scientists act in best interests (4pt, reversed)",ideology,Moderate,2021,2883.0,70.155,0.689,1,4,4-pt confidence (great deal/fair amount/not too much/none),WEIGHT_W100,form split half-sample
trust_in_scientists,pew_atp_w100,"CONF_G_W100 confidence Scientists act in best interests (4pt, reversed)",ideology,Very conservative,2021,574.0,46.986,1.741,1,4,4-pt confidence (great deal/fair amount/not too much/none),WEIGHT_W100,form split half-sample
trust_in_scientists,pew_atp_w100,"CONF_G_W100 confidence Scientists act in best interests (4pt, reversed)",ideology,Very liberal,2021,585.0,79.378,1.481,1,4,4-pt confidence (great deal/fair amount/not too much/none),WEIGHT_W100,form split half-sample
trust_in_scientists,pew_atp_w100,"CONF_G_W100 confidence Scientists act in best interests (4pt, reversed)",party,Democrat,2021,2962.0,78.818,0.628,1,4,4-pt confidence (great deal/fair amount/not too much/none),WEIGHT_W100,form split half-sample
trust_in_scientists,pew_atp_w100,"CONF_G_W100 confidence Scientists act in best interests (4pt, reversed)",party,Independent,2021,1735.0,67.681,0.885,1,4,4-pt confidence (great deal/fair amount/not too much/none),WEIGHT_W100,form split half-sample
trust_in_scientists,pew_atp_w100,"CONF_G_W100 confidence Scientists act in best interests (4pt, reversed)",party,Republican,2021,1690.0,56.131,0.893,1,4,4-pt confidence (great deal/fair amount/not too much/none),WEIGHT_W100,form split half-sample
trust_in_scientists,pew_atp_w100,"CONF_G_W100 confidence Scientists act in best interests (4pt, reversed)",party_lean,Dem/Lean Dem,2021,4263.0,77.024,0.545,1,4,4-pt confidence (great deal/fair amount/not too much/none),WEIGHT_W100,form split half-sample
trust_in_scientists,pew_atp_w100,"CONF_G_W100 confidence Scientists act in best interests (4pt, reversed)",party_lean,Rep/Lean Rep,2021,2642.0,56.027,0.733,1,4,4-pt confidence (great deal/fair amount/not too much/none),WEIGHT_W100,form split half-sample
trust_in_scientists,pew_atp_w100,"CONF_G_W100 confidence Scientists act in best interests (4pt, reversed)",race,Asian non-Hispanic,2021,192.0,75.699,2.294,1,4,4-pt confidence (great deal/fair amount/not too much/none),WEIGHT_W100,form split half-sample
trust_in_scientists,pew_atp_w100,"CONF_G_W100 confidence Scientists act in best interests (4pt, reversed)",race,Black non-Hispanic,2021,1507.0,64.459,1.392,1,4,4-pt confidence (great deal/fair amount/not too much/none),WEIGHT_W100,form split half-sample
trust_in_scientists,pew_atp_w100,"CONF_G_W100 confidence Scientists act in best interests (4pt, reversed)",race,Hispanic,2021,1808.0,65.386,1.076,1,4,4-pt confidence (great deal/fair amount/not too much/none),WEIGHT_W100,form split half-sample
trust_in_scientists,pew_atp_w100,"CONF_G_W100 confidence Scientists act in best interests (4pt, reversed)",race,Other,2021,374.0,61.204,1.922,1,4,4-pt confidence (great deal/fair amount/not too much/none),WEIGHT_W100,form split half-sample
trust_in_scientists,pew_atp_w100,"CONF_G_W100 confidence Scientists act in best interests (4pt, reversed)",race,White non-Hispanic,2021,3293.0,67.559,0.622,1,4,4-pt confidence (great deal/fair amount/not too much/none),WEIGHT_W100,form split half-sample
trust_in_scientists,pew_atp_w114,"CONF_G_W114 confidence Scientists act in best interests (4pt, reversed)",ALL,ALL,2022,5259.0,66.796,0.575,1,4,4-pt confidence (great deal/fair amount/not too much/none),WEIGHT_W114,form split half-sample
trust_in_scientists,pew_atp_w114,"CONF_G_W114 confidence Scientists act in best interests (4pt, reversed)",age_band,18 to 29,2022,418.0,69.459,1.691,1,4,4-pt confidence (great deal/fair amount/not too much/none),WEIGHT_W114,form split half-sample
trust_in_scientists,pew_atp_w114,"CONF_G_W114 confidence Scientists act in best interests (4pt, reversed)",age_band,30 to 49,2022,1676.0,66.585,0.97,1,4,4-pt confidence (great deal/fair amount/not too much/none),WEIGHT_W114,form split half-sample
trust_in_scientists,pew_atp_w114,"CONF_G_W114 confidence Scientists act in best interests (4pt, reversed)",age_band,50 to 64,2022,1530.0,64.115,1.023,1,4,4-pt confidence (great deal/fair amount/not too much/none),WEIGHT_W114,form split half-sample
trust_in_scientists,pew_atp_w114,"CONF_G_W114 confidence Scientists act in best interests (4pt, reversed)",age_band,65 or older,2022,1619.0,67.655,0.988,1,4,4-pt confidence (great deal/fair amount/not too much/none),WEIGHT_W114,form split half-sample
trust_in_scientists,pew_atp_w114,"CONF_G_W114 confidence Scientists act in best interests (4pt, reversed)",education,Associate's degree,2022,585.0,67.476,1.479,1,4,4-pt confidence (great deal/fair amount/not too much/none),WEIGHT_W114,form split half-sample
trust_in_scientists,pew_atp_w114,"CONF_G_W114 confidence Scientists act in best interests (4pt, reversed)",education,College graduate/some post grad,2022,1423.0,69.917,0.87,1,4,4-pt confidence (great deal/fair amount/not too much/none),WEIGHT_W114,form split half-sample
trust_in_scientists,pew_atp_w114,"CONF_G_W114 confidence Scientists act in best interests (4pt, reversed)",education,High school graduate,2022,795.0,62.338,1.313,1,4,4-pt confidence (great deal/fair amount/not too much/none),WEIGHT_W114,form split half-sample
trust_in_scientists,pew_atp_w114,"CONF_G_W114 confidence Scientists act in best interests (4pt, reversed)",education,Less than high school,2022,160.0,62.84,3.032,1,4,4-pt confidence (great deal/fair amount/not too much/none),WEIGHT_W114,form split half-sample
trust_in_scientists,pew_atp_w114,"CONF_G_W114 confidence Scientists act in best interests (4pt, reversed)",education,Postgraduate,2022,1141.0,75.443,0.916,1,4,4-pt confidence (great deal/fair amount/not too much/none),WEIGHT_W114,form split half-sample
trust_in_scientists,pew_atp_w114,"CONF_G_W114 confidence Scientists act in best interests (4pt, reversed)",education,"Some college, no degree",2022,1140.0,66.04,1.133,1,4,4-pt confidence (great deal/fair amount/not too much/none),WEIGHT_W114,form split half-sample
trust_in_scientists,pew_atp_w114,"CONF_G_W114 confidence Scientists act in best interests (4pt, reversed)",education3,College graduate or more,2022,2564.0,72.309,0.638,1,4,4-pt confidence (great deal/fair amount/not too much/none),WEIGHT_W114,form split half-sample
trust_in_scientists,pew_atp_w114,"CONF_G_W114 confidence Scientists act in best interests (4pt, reversed)",education3,High school graduate or less,2022,955.0,62.44,1.213,1,4,4-pt confidence (great deal/fair amount/not too much/none),WEIGHT_W114,form split half-sample
trust_in_scientists,pew_atp_w114,"CONF_G_W114 confidence Scientists act in best interests (4pt, reversed)",education3,Some college,2022,1725.0,66.545,0.902,1,4,4-pt confidence (great deal/fair amount/not too much/none),WEIGHT_W114,form split half-sample
trust_in_scientists,pew_atp_w114,"CONF_G_W114 confidence Scientists act in best interests (4pt, reversed)",ideology,Conservative,2022,1334.0,57.036,1.147,1,4,4-pt confidence (great deal/fair amount/not too much/none),WEIGHT_W114,form split half-sample
trust_in_scientists,pew_atp_w114,"CONF_G_W114 confidence Scientists act in best interests (4pt, reversed)",ideology,Liberal,2022,944.0,78.442,1.342,1,4,4-pt confidence (great deal/fair amount/not too much/none),WEIGHT_W114,form split half-sample
trust_in_scientists,pew_atp_w114,"CONF_G_W114 confidence Scientists act in best interests (4pt, reversed)",ideology,Moderate,2022,1957.0,69.051,0.848,1,4,4-pt confidence (great deal/fair amount/not too much/none),WEIGHT_W114,form split half-sample
trust_in_scientists,pew_atp_w114,"CONF_G_W114 confidence Scientists act in best interests (4pt, reversed)",ideology,Very conservative,2022,475.0,47.023,2.0,1,4,4-pt confidence (great deal/fair amount/not too much/none),WEIGHT_W114,form split half-sample
trust_in_scientists,pew_atp_w114,"CONF_G_W114 confidence Scientists act in best interests (4pt, reversed)",ideology,Very liberal,2022,450.0,82.835,1.426,1,4,4-pt confidence (great deal/fair amount/not too much/none),WEIGHT_W114,form split half-sample
trust_in_scientists,pew_atp_w114,"CONF_G_W114 confidence Scientists act in best interests (4pt, reversed)",party,Democrat,2022,1722.0,77.717,0.933,1,4,4-pt confidence (great deal/fair amount/not too much/none),WEIGHT_W114,form split half-sample
trust_in_scientists,pew_atp_w114,"CONF_G_W114 confidence Scientists act in best interests (4pt, reversed)",party,Independent,2022,1458.0,67.351,1.059,1,4,4-pt confidence (great deal/fair amount/not too much/none),WEIGHT_W114,form split half-sample
trust_in_scientists,pew_atp_w114,"CONF_G_W114 confidence Scientists act in best interests (4pt, reversed)",party,Republican,2022,1537.0,56.175,1.039,1,4,4-pt confidence (great deal/fair amount/not too much/none),WEIGHT_W114,form split half-sample
trust_in_scientists,pew_atp_w114,"CONF_G_W114 confidence Scientists act in best interests (4pt, reversed)",race,Asian non-Hispanic,2022,184.0,73.17,2.963,1,4,4-pt confidence (great deal/fair amount/not too much/none),WEIGHT_W114,form split half-sample
trust_in_scientists,pew_atp_w114,"CONF_G_W114 confidence Scientists act in best interests (4pt, reversed)",race,Black non-Hispanic,2022,595.0,65.808,1.807,1,4,4-pt confidence (great deal/fair amount/not too much/none),WEIGHT_W114,form split half-sample
trust_in_scientists,pew_atp_w114,"CONF_G_W114 confidence Scientists act in best interests (4pt, reversed)",race,Hispanic,2022,680.0,65.329,1.699,1,4,4-pt confidence (great deal/fair amount/not too much/none),WEIGHT_W114,form split half-sample
trust_in_scientists,pew_atp_w114,"CONF_G_W114 confidence Scientists act in best interests (4pt, reversed)",race,Other,2022,171.0,64.062,3.661,1,4,4-pt confidence (great deal/fair amount/not too much/none),WEIGHT_W114,form split half-sample
trust_in_scientists,pew_atp_w114,"CONF_G_W114 confidence Scientists act in best interests (4pt, reversed)",race,White non-Hispanic,2022,3582.0,67.175,0.656,1,4,4-pt confidence (great deal/fair amount/not too much/none),WEIGHT_W114,form split half-sample
trust_in_scientists,pew_atp_w42,"CONFD_F2_W42 confidence Scientists act in best interests (4pt, reversed)",ALL,ALL,2019,2231.0,73.269,0.687,1,4,4-pt confidence (great deal/fair amount/not too much/none),WEIGHT_W42,form split half-sample
trust_in_scientists,pew_atp_w42,"CONFD_F2_W42 confidence Scientists act in best interests (4pt, reversed)",age_band,18 to 29,2019,366.0,73.057,2.032,1,4,4-pt confidence (great deal/fair amount/not too much/none),WEIGHT_W42,form split half-sample
trust_in_scientists,pew_atp_w42,"CONFD_F2_W42 confidence Scientists act in best interests (4pt, reversed)",age_band,30 to 49,2019,737.0,74.113,1.08,1,4,4-pt confidence (great deal/fair amount/not too much/none),WEIGHT_W42,form split half-sample
trust_in_scientists,pew_atp_w42,"CONFD_F2_W42 confidence Scientists act in best interests (4pt, reversed)",age_band,50 to 64,2019,647.0,70.555,1.309,1,4,4-pt confidence (great deal/fair amount/not too much/none),WEIGHT_W42,form split half-sample
trust_in_scientists,pew_atp_w42,"CONFD_F2_W42 confidence Scientists act in best interests (4pt, reversed)",age_band,65 or older,2019,480.0,75.432,1.223,1,4,4-pt confidence (great deal/fair amount/not too much/none),WEIGHT_W42,form split half-sample
trust_in_scientists,pew_atp_w42,"CONFD_F2_W42 confidence Scientists act in best interests (4pt, reversed)",education,Associate's degree,2019,183.0,73.506,1.881,1,4,4-pt confidence (great deal/fair amount/not too much/none),WEIGHT_W42,form split half-sample
trust_in_scientists,pew_atp_w42,"CONFD_F2_W42 confidence Scientists act in best interests (4pt, reversed)",education,College graduate/some post grad,2019,446.0,77.802,1.288,1,4,4-pt confidence (great deal/fair amount/not too much/none),WEIGHT_W42,form split half-sample
trust_in_scientists,pew_atp_w42,"CONFD_F2_W42 confidence Scientists act in best interests (4pt, reversed)",education,High school graduate,2019,662.0,70.26,1.245,1,4,4-pt confidence (great deal/fair amount/not too much/none),WEIGHT_W42,form split half-sample
trust_in_scientists,pew_atp_w42,"CONFD_F2_W42 confidence Scientists act in best interests (4pt, reversed)",education,Less than high school,2019,143.0,67.244,2.827,1,4,4-pt confidence (great deal/fair amount/not too much/none),WEIGHT_W42,form split half-sample
trust_in_scientists,pew_atp_w42,"CONFD_F2_W42 confidence Scientists act in best interests (4pt, reversed)",education,Postgraduate,2019,344.0,80.695,1.391,1,4,4-pt confidence (great deal/fair amount/not too much/none),WEIGHT_W42,form split half-sample
trust_in_scientists,pew_atp_w42,"CONFD_F2_W42 confidence Scientists act in best interests (4pt, reversed)",education,"Some college, no degree",2019,446.0,71.82,1.78,1,4,4-pt confidence (great deal/fair amount/not too much/none),WEIGHT_W42,form split half-sample
trust_in_scientists,pew_atp_w42,"CONFD_F2_W42 confidence Scientists act in best interests (4pt, reversed)",education3,College graduate or more,2019,790.0,79.042,0.943,1,4,4-pt confidence (great deal/fair amount/not too much/none),WEIGHT_W42,form split half-sample
trust_in_scientists,pew_atp_w42,"CONFD_F2_W42 confidence Scientists act in best interests (4pt, reversed)",education3,H.S. graduate or less,2019,805.0,69.58,1.157,1,4,4-pt confidence (great deal/fair amount/not too much/none),WEIGHT_W42,form split half-sample
trust_in_scientists,pew_atp_w42,"CONFD_F2_W42 confidence Scientists act in best interests (4pt, reversed)",education3,Some college,2019,629.0,72.318,1.373,1,4,4-pt confidence (great deal/fair amount/not too much/none),WEIGHT_W42,form split half-sample
trust_in_scientists,pew_atp_w42,"CONFD_F2_W42 confidence Scientists act in best interests (4pt, reversed)",gender,Female,2019,1258.0,71.629,0.955,1,4,4-pt confidence (great deal/fair amount/not too much/none),WEIGHT_W42,form split half-sample
trust_in_scientists,pew_atp_w42,"CONFD_F2_W42 confidence Scientists act in best interests (4pt, reversed)",gender,Male,2019,971.0,75.005,0.986,1,4,4-pt confidence (great deal/fair amount/not too much/none),WEIGHT_W42,form split half-sample
trust_in_scientists,pew_atp_w42,"CONFD_F2_W42 confidence Scientists act in best interests (4pt, reversed)",ideology,Conservative,2019,501.0,68.905,1.278,1,4,4-pt confidence (great deal/fair amount/not too much/none),WEIGHT_W42,form split half-sample
trust_in_scientists,pew_atp_w42,"CONFD_F2_W42 confidence Scientists act in best interests (4pt, reversed)",ideology,Liberal,2019,450.0,80.573,1.527,1,4,4-pt confidence (great deal/fair amount/not too much/none),WEIGHT_W42,form split half-sample
trust_in_scientists,pew_atp_w42,"CONFD_F2_W42 confidence Scientists act in best interests (4pt, reversed)",ideology,Moderate,2019,851.0,73.669,1.114,1,4,4-pt confidence (great deal/fair amount/not too much/none),WEIGHT_W42,form split half-sample
trust_in_scientists,pew_atp_w42,"CONFD_F2_W42 confidence Scientists act in best interests (4pt, reversed)",ideology,Very conservative,2019,180.0,62.203,2.651,1,4,4-pt confidence (great deal/fair amount/not too much/none),WEIGHT_W42,form split half-sample
trust_in_scientists,pew_atp_w42,"CONFD_F2_W42 confidence Scientists act in best interests (4pt, reversed)",ideology,Very liberal,2019,190.0,81.75,1.855,1,4,4-pt confidence (great deal/fair amount/not too much/none),WEIGHT_W42,form split half-sample
trust_in_scientists,pew_atp_w42,"CONFD_F2_W42 confidence Scientists act in best interests (4pt, reversed)",income,"$30-$74,999",2019,773.0,71.985,1.12,1,4,4-pt confidence (great deal/fair amount/not too much/none),WEIGHT_W42,form split half-sample
trust_in_scientists,pew_atp_w42,"CONFD_F2_W42 confidence Scientists act in best interests (4pt, reversed)",income,"$75,000+",2019,760.0,78.582,1.027,1,4,4-pt confidence (great deal/fair amount/not too much/none),WEIGHT_W42,form split half-sample
trust_in_scientists,pew_atp_w42,"CONFD_F2_W42 confidence Scientists act in best interests (4pt, reversed)",income,"Less than $30,000",2019,589.0,68.56,1.529,1,4,4-pt confidence (great deal/fair amount/not too much/none),WEIGHT_W42,form split half-sample
trust_in_scientists,pew_atp_w42,"CONFD_F2_W42 confidence Scientists act in best interests (4pt, reversed)",party,Democrat,2019,824.0,78.334,1.079,1,4,4-pt confidence (great deal/fair amount/not too much/none),WEIGHT_W42,form split half-sample
trust_in_scientists,pew_atp_w42,"CONFD_F2_W42 confidence Scientists act in best interests (4pt, reversed)",party,Independent,2019,551.0,74.605,1.42,1,4,4-pt confidence (great deal/fair amount/not too much/none),WEIGHT_W42,form split half-sample
trust_in_scientists,pew_atp_w42,"CONFD_F2_W42 confidence Scientists act in best interests (4pt, reversed)",party,Republican,2019,570.0,69.963,1.288,1,4,4-pt confidence (great deal/fair amount/not too much/none),WEIGHT_W42,form split half-sample
trust_in_scientists,pew_atp_w42,"CONFD_F2_W42 confidence Scientists act in best interests (4pt, reversed)",party_lean,Dem/Lean Dem,2019,1255.0,77.372,0.89,1,4,4-pt confidence (great deal/fair amount/not too much/none),WEIGHT_W42,form split half-sample
trust_in_scientists,pew_atp_w42,"CONFD_F2_W42 confidence Scientists act in best interests (4pt, reversed)",party_lean,Rep/Lean Rep,2019,863.0,68.843,1.101,1,4,4-pt confidence (great deal/fair amount/not too much/none),WEIGHT_W42,form split half-sample
trust_in_scientists,pew_atp_w42,"CONFD_F2_W42 confidence Scientists act in best interests (4pt, reversed)",race,Black non-Hispanic,2019,238.0,70.534,1.95,1,4,4-pt confidence (great deal/fair amount/not too much/none),WEIGHT_W42,form split half-sample
trust_in_scientists,pew_atp_w42,"CONFD_F2_W42 confidence Scientists act in best interests (4pt, reversed)",race,Hispanic,2019,366.0,69.522,1.958,1,4,4-pt confidence (great deal/fair amount/not too much/none),WEIGHT_W42,form split half-sample
trust_in_scientists,pew_atp_w42,"CONFD_F2_W42 confidence Scientists act in best interests (4pt, reversed)",race,Other,2019,151.0,76.005,2.298,1,4,4-pt confidence (great deal/fair amount/not too much/none),WEIGHT_W42,form split half-sample
trust_in_scientists,pew_atp_w42,"CONFD_F2_W42 confidence Scientists act in best interests (4pt, reversed)",race,White non-Hispanic,2019,1439.0,74.509,0.843,1,4,4-pt confidence (great deal/fair amount/not too much/none),WEIGHT_W42,form split half-sample
trust_in_scientists,tisp,TRUST_SCI 12-item mean (1-5),ALL,ALL,2022-2023,2559.0,71.51778869408587,0.4127806639101792,1,5,1-5 agreement (12-item composite),WEIGHT_CNTRY (TISP country post-stratification weight),weighted overall US mean
trust_in_scientists,tisp,TRUST_SCI 12-item mean (1-5),age_band,18-29,2022-2023,436.0,67.4516212904078,1.0491086216602918,1,5,1-5 agreement (12-item composite),WEIGHT_CNTRY (TISP country post-stratification weight),"US subsample, WEIGHT_CNTRY post-strat weight; no race/party in TISP"
trust_in_scientists,tisp,TRUST_SCI 12-item mean (1-5),age_band,30-44,2022-2023,766.0,77.69226798329144,0.7271749613687262,1,5,1-5 agreement (12-item composite),WEIGHT_CNTRY (TISP country post-stratification weight),"US subsample, WEIGHT_CNTRY post-strat weight; no race/party in TISP"
trust_in_scientists,tisp,TRUST_SCI 12-item mean (1-5),age_band,45-59,2022-2023,640.0,70.54686218739327,0.8170003404790869,1,5,1-5 agreement (12-item composite),WEIGHT_CNTRY (TISP country post-stratification weight),"US subsample, WEIGHT_CNTRY post-strat weight; no race/party in TISP"
trust_in_scientists,tisp,TRUST_SCI 12-item mean (1-5),age_band,60+,2022-2023,717.0,69.6143288585216,0.7116010227227754,1,5,1-5 agreement (12-item composite),WEIGHT_CNTRY (TISP country post-stratification weight),"US subsample, WEIGHT_CNTRY post-strat weight; no race/party in TISP"
trust_in_scientists,tisp,TRUST_SCI 12-item mean (1-5),education,EDU1 (lowest of 4),2022-2023,15.0,60.09289647874891,6.6624004153438845,1,5,1-5 agreement (12-item composite),WEIGHT_CNTRY (TISP country post-stratification weight),"US subsample, WEIGHT_CNTRY post-strat weight; no race/party in TISP"
trust_in_scientists,tisp,TRUST_SCI 12-item mean (1-5),education,EDU2,2022-2023,97.0,68.75425632070669,2.8319930850893464,1,5,1-5 agreement (12-item composite),WEIGHT_CNTRY (TISP country post-stratification weight),"US subsample, WEIGHT_CNTRY post-strat weight; no race/party in TISP"
trust_in_scientists,tisp,TRUST_SCI 12-item mean (1-5),education,EDU3,2022-2023,1042.0,67.74382379125561,0.633446882573823,1,5,1-5 agreement (12-item composite),WEIGHT_CNTRY (TISP country post-stratification weight),"US subsample, WEIGHT_CNTRY post-strat weight; no race/party in TISP"
trust_in_scientists,tisp,TRUST_SCI 12-item mean (1-5),education,EDU4 (highest of 4),2022-2023,1405.0,74.46292098206926,0.5384182273872218,1,5,1-5 agreement (12-item composite),WEIGHT_CNTRY (TISP country post-stratification weight),"US subsample, WEIGHT_CNTRY post-strat weight; no race/party in TISP"
trust_in_scientists,tisp,TRUST_SCI 12-item mean (1-5),gender,Female,2022-2023,1172.0,73.05174336185163,0.6240083612483632,1,5,1-5 agreement (12-item composite),WEIGHT_CNTRY (TISP country post-stratification weight),"US subsample, WEIGHT_CNTRY post-strat weight; no race/party in TISP"
trust_in_scientists,tisp,TRUST_SCI 12-item mean (1-5),gender,Male,2022-2023,1387.0,70.0119763669383,0.5398321970599418,1,5,1-5 agreement (12-item composite),WEIGHT_CNTRY (TISP country post-stratification weight),"US subsample, WEIGHT_CNTRY post-strat weight; no race/party in TISP"
trust_in_scientists,tisp,TRUST_SCI 12-item mean (1-5),ideology,Conservative,2022-2023,413.0,68.29808799095781,0.8915187841823056,1,5,1-5 agreement (12-item composite),WEIGHT_CNTRY (TISP country post-stratification weight),"US subsample, WEIGHT_CNTRY post-strat weight; no race/party in TISP"
trust_in_scientists,tisp,TRUST_SCI 12-item mean (1-5),ideology,Liberal,2022-2023,303.0,73.79220988706584,0.8904657580692303,1,5,1-5 agreement (12-item composite),WEIGHT_CNTRY (TISP country post-stratification weight),"US subsample, WEIGHT_CNTRY post-strat weight; no race/party in TISP"
trust_in_scientists,tisp,TRUST_SCI 12-item mean (1-5),ideology,Moderate,2022-2023,718.0,69.61795723548728,0.6905919174632901,1,5,1-5 agreement (12-item composite),WEIGHT_CNTRY (TISP country post-stratification weight),"US subsample, WEIGHT_CNTRY post-strat weight; no race/party in TISP"
trust_in_scientists,tisp,TRUST_SCI 12-item mean (1-5),ideology,Very conservative,2022-2023,565.0,72.10022102806427,1.0200412400350134,1,5,1-5 agreement (12-item composite),WEIGHT_CNTRY (TISP country post-stratification weight),"US subsample, WEIGHT_CNTRY post-strat weight; no race/party in TISP"
trust_in_scientists,tisp,TRUST_SCI 12-item mean (1-5),ideology,Very liberal,2022-2023,364.0,81.42058815990542,1.123467051693942,1,5,1-5 agreement (12-item composite),WEIGHT_CNTRY (TISP country post-stratification weight),"US subsample, WEIGHT_CNTRY post-strat weight; no race/party in TISP"
trust_in_scientists,tisp,TRUST_SCI 12-item mean (1-5),income,"$100,000 to $167,999",2022-2023,397.0,79.21690941233115,1.000086524832034,1,5,1-5 agreement (12-item composite),WEIGHT_CNTRY (TISP country post-stratification weight),"US subsample, WEIGHT_CNTRY post-strat weight; no race/party in TISP"
trust_in_scientists,tisp,TRUST_SCI 12-item mean (1-5),income,"$168,000 or more",2022-2023,168.0,81.18119093025862,1.3637252629005725,1,5,1-5 agreement (12-item composite),WEIGHT_CNTRY (TISP country post-stratification weight),"US subsample, WEIGHT_CNTRY post-strat weight; no race/party in TISP"
trust_in_scientists,tisp,TRUST_SCI 12-item mean (1-5),income,"$30,000 to $55,999",2022-2023,625.0,68.86388386066562,0.7940814010436384,1,5,1-5 agreement (12-item composite),WEIGHT_CNTRY (TISP country post-stratification weight),"US subsample, WEIGHT_CNTRY post-strat weight; no race/party in TISP"
trust_in_scientists,tisp,TRUST_SCI 12-item mean (1-5),income,"$56,000 to $99,999",2022-2023,472.0,71.60183480129312,0.8662095745610123,1,5,1-5 agreement (12-item composite),WEIGHT_CNTRY (TISP country post-stratification weight),"US subsample, WEIGHT_CNTRY post-strat weight; no race/party in TISP"
trust_in_scientists,tisp,TRUST_SCI 12-item mean (1-5),income,"Less than $30,000",2022-2023,841.0,68.41101163679113,0.7637912544940854,1,5,1-5 agreement (12-item composite),WEIGHT_CNTRY (TISP country post-stratification weight),"US subsample, WEIGHT_CNTRY post-strat weight; no race/party in TISP"
trust_in_scientists,wellcome2018,Q11C trust scientists in this country,ALL,ALL,2018,968.0,76.831,1.069,1,4,"4-pt trust (a lot/some/not much/not at all), reversed",wgt,US RDD phone 15+; no party/race in file
trust_in_scientists,wellcome2018,Q11C trust scientists in this country,age_band,15-29,2018,108.0,78.994,2.769,1,4,"4-pt trust (a lot/some/not much/not at all), reversed",wgt,US RDD phone 15+
trust_in_scientists,wellcome2018,Q11C trust scientists in this country,age_band,30-49,2018,237.0,78.974,1.649,1,4,"4-pt trust (a lot/some/not much/not at all), reversed",wgt,US RDD phone 15+
trust_in_scientists,wellcome2018,Q11C trust scientists in this country,age_band,50+,2018,623.0,74.433,1.521,1,4,"4-pt trust (a lot/some/not much/not at all), reversed",wgt,US RDD phone 15+
trust_in_scientists,wellcome2018,Q11C trust scientists in this country,education,Secondary,2018,472.0,73.399,1.432,1,4,"4-pt trust (a lot/some/not much/not at all), reversed",wgt,US RDD phone 15+
trust_in_scientists,wellcome2018,Q11C trust scientists in this country,education,Tertiary,2018,478.0,85.505,0.961,1,4,"4-pt trust (a lot/some/not much/not at all), reversed",wgt,US RDD phone 15+
trust_in_scientists,wellcome2018,Q11C trust scientists in this country,gender,Female,2018,440.0,74.808,1.65,1,4,"4-pt trust (a lot/some/not much/not at all), reversed",wgt,US RDD phone 15+
trust_in_scientists,wellcome2018,Q11C trust scientists in this country,gender,Male,2018,528.0,78.786,1.339,1,4,"4-pt trust (a lot/some/not much/not at all), reversed",wgt,US RDD phone 15+
trust_in_scientists,wellcome2018,Q11C trust scientists in this country,income,Q1 poorest,2018,124.0,73.543,2.674,1,4,"4-pt trust (a lot/some/not much/not at all), reversed",wgt,US RDD phone 15+
trust_in_scientists,wellcome2018,Q11C trust scientists in this country,income,Q2,2018,150.0,74.279,2.823,1,4,"4-pt trust (a lot/some/not much/not at all), reversed",wgt,US RDD phone 15+
trust_in_scientists,wellcome2018,Q11C trust scientists in this country,income,Q3,2018,206.0,76.015,2.239,1,4,"4-pt trust (a lot/some/not much/not at all), reversed",wgt,US RDD phone 15+
trust_in_scientists,wellcome2018,Q11C trust scientists in this country,income,Q4,2018,238.0,80.884,1.66,1,4,"4-pt trust (a lot/some/not much/not at all), reversed",wgt,US RDD phone 15+
trust_in_scientists,wellcome2018,Q11C trust scientists in this country,income,Q5 richest,2018,250.0,79.11,2.408,1,4,"4-pt trust (a lot/some/not much/not at all), reversed",wgt,US RDD phone 15+
trust_in_scientists,wellcome2018,Q12 trust science,ALL,ALL,2018,958.0,82.67,0.947,1,4,"4-pt trust (a lot/some/not much/not at all), reversed",wgt,US RDD phone 15+; no party/race in file
trust_in_scientists,wellcome2018,Q12 trust science,age_band,15-29,2018,107.0,88.331,2.146,1,4,"4-pt trust (a lot/some/not much/not at all), reversed",wgt,US RDD phone 15+
trust_in_scientists,wellcome2018,Q12 trust science,age_band,30-49,2018,232.0,83.596,1.641,1,4,"4-pt trust (a lot/some/not much/not at all), reversed",wgt,US RDD phone 15+
trust_in_scientists,wellcome2018,Q12 trust science,age_band,50+,2018,619.0,79.509,1.319,1,4,"4-pt trust (a lot/some/not much/not at all), reversed",wgt,US RDD phone 15+
trust_in_scientists,wellcome2018,Q12 trust science,education,Secondary,2018,466.0,79.215,1.361,1,4,"4-pt trust (a lot/some/not much/not at all), reversed",wgt,US RDD phone 15+
trust_in_scientists,wellcome2018,Q12 trust science,education,Tertiary,2018,476.0,89.242,0.895,1,4,"4-pt trust (a lot/some/not much/not at all), reversed",wgt,US RDD phone 15+
trust_in_scientists,wellcome2018,Q12 trust science,gender,Female,2018,433.0,81.41,1.527,1,4,"4-pt trust (a lot/some/not much/not at all), reversed",wgt,US RDD phone 15+
trust_in_scientists,wellcome2018,Q12 trust science,gender,Male,2018,525.0,83.845,1.141,1,4,"4-pt trust (a lot/some/not much/not at all), reversed",wgt,US RDD phone 15+
trust_in_scientists,wellcome2018,Q12 trust science,income,Q1 poorest,2018,123.0,76.741,2.886,1,4,"4-pt trust (a lot/some/not much/not at all), reversed",wgt,US RDD phone 15+
trust_in_scientists,wellcome2018,Q12 trust science,income,Q2,2018,144.0,81.875,2.267,1,4,"4-pt trust (a lot/some/not much/not at all), reversed",wgt,US RDD phone 15+
trust_in_scientists,wellcome2018,Q12 trust science,income,Q3,2018,204.0,82.301,2.045,1,4,"4-pt trust (a lot/some/not much/not at all), reversed",wgt,US RDD phone 15+
trust_in_scientists,wellcome2018,Q12 trust science,income,Q4,2018,239.0,86.865,1.42,1,4,"4-pt trust (a lot/some/not much/not at all), reversed",wgt,US RDD phone 15+
trust_in_scientists,wellcome2018,Q12 trust science,income,Q5 richest,2018,248.0,85.037,1.676,1,4,"4-pt trust (a lot/some/not much/not at all), reversed",wgt,US RDD phone 15+
trust_in_scientists,wellcome2018,Q13 scientists find accurate info (competence),ALL,ALL,2018,961.0,80.239,0.987,1,4,"4-pt trust (a lot/some/not much/not at all), reversed",wgt,US RDD phone 15+; no party/race in file
trust_in_scientists,wellcome2018,Q13 scientists find accurate info (competence),age_band,15-29,2018,110.0,83.62,2.397,1,4,"4-pt trust (a lot/some/not much/not at all), reversed",wgt,US RDD phone 15+
trust_in_scientists,wellcome2018,Q13 scientists find accurate info (competence),age_band,30-49,2018,234.0,81.81,1.877,1,4,"4-pt trust (a lot/some/not much/not at all), reversed",wgt,US RDD phone 15+
trust_in_scientists,wellcome2018,Q13 scientists find accurate info (competence),age_band,50+,2018,617.0,77.569,1.239,1,4,"4-pt trust (a lot/some/not much/not at all), reversed",wgt,US RDD phone 15+
trust_in_scientists,wellcome2018,Q13 scientists find accurate info (competence),education,Secondary,2018,468.0,78.402,1.306,1,4,"4-pt trust (a lot/some/not much/not at all), reversed",wgt,US RDD phone 15+
trust_in_scientists,wellcome2018,Q13 scientists find accurate info (competence),education,Tertiary,2018,475.0,85.784,1.019,1,4,"4-pt trust (a lot/some/not much/not at all), reversed",wgt,US RDD phone 15+
trust_in_scientists,wellcome2018,Q13 scientists find accurate info (competence),gender,Female,2018,430.0,81.256,1.565,1,4,"4-pt trust (a lot/some/not much/not at all), reversed",wgt,US RDD phone 15+
trust_in_scientists,wellcome2018,Q13 scientists find accurate info (competence),gender,Male,2018,531.0,79.314,1.24,1,4,"4-pt trust (a lot/some/not much/not at all), reversed",wgt,US RDD phone 15+
trust_in_scientists,wellcome2018,Q13 scientists find accurate info (competence),income,Q1 poorest,2018,118.0,78.426,2.258,1,4,"4-pt trust (a lot/some/not much/not at all), reversed",wgt,US RDD phone 15+
trust_in_scientists,wellcome2018,Q13 scientists find accurate info (competence),income,Q2,2018,151.0,76.748,2.738,1,4,"4-pt trust (a lot/some/not much/not at all), reversed",wgt,US RDD phone 15+
trust_in_scientists,wellcome2018,Q13 scientists find accurate info (competence),income,Q3,2018,207.0,82.37,1.785,1,4,"4-pt trust (a lot/some/not much/not at all), reversed",wgt,US RDD phone 15+
trust_in_scientists,wellcome2018,Q13 scientists find accurate info (competence),income,Q4,2018,241.0,82.559,1.579,1,4,"4-pt trust (a lot/some/not much/not at all), reversed",wgt,US RDD phone 15+
trust_in_scientists,wellcome2018,Q13 scientists find accurate info (competence),income,Q5 richest,2018,244.0,80.722,2.485,1,4,"4-pt trust (a lot/some/not much/not at all), reversed",wgt,US RDD phone 15+
trust_in_scientists,wellcome2018,Q14A univ scientists benefit public (benevolence),ALL,ALL,2018,918.0,71.4,1.14,1,4,"4-pt trust (a lot/some/not much/not at all), reversed",wgt,US RDD phone 15+; no party/race in file
trust_in_scientists,wellcome2018,Q14A univ scientists benefit public (benevolence),age_band,15-29,2018,104.0,76.67,2.55,1,4,"4-pt trust (a lot/some/not much/not at all), reversed",wgt,US RDD phone 15+
trust_in_scientists,wellcome2018,Q14A univ scientists benefit public (benevolence),age_band,30-49,2018,227.0,71.433,2.203,1,4,"4-pt trust (a lot/some/not much/not at all), reversed",wgt,US RDD phone 15+
trust_in_scientists,wellcome2018,Q14A univ scientists benefit public (benevolence),age_band,50+,2018,587.0,68.929,1.496,1,4,"4-pt trust (a lot/some/not much/not at all), reversed",wgt,US RDD phone 15+
trust_in_scientists,wellcome2018,Q14A univ scientists benefit public (benevolence),education,Secondary,2018,444.0,69.118,1.555,1,4,"4-pt trust (a lot/some/not much/not at all), reversed",wgt,US RDD phone 15+
trust_in_scientists,wellcome2018,Q14A univ scientists benefit public (benevolence),education,Tertiary,2018,457.0,77.764,1.225,1,4,"4-pt trust (a lot/some/not much/not at all), reversed",wgt,US RDD phone 15+
trust_in_scientists,wellcome2018,Q14A univ scientists benefit public (benevolence),gender,Female,2018,405.0,74.221,1.755,1,4,"4-pt trust (a lot/some/not much/not at all), reversed",wgt,US RDD phone 15+
trust_in_scientists,wellcome2018,Q14A univ scientists benefit public (benevolence),gender,Male,2018,513.0,68.92,1.476,1,4,"4-pt trust (a lot/some/not much/not at all), reversed",wgt,US RDD phone 15+
trust_in_scientists,wellcome2018,Q14A univ scientists benefit public (benevolence),income,Q1 poorest,2018,110.0,71.091,2.812,1,4,"4-pt trust (a lot/some/not much/not at all), reversed",wgt,US RDD phone 15+
trust_in_scientists,wellcome2018,Q14A univ scientists benefit public (benevolence),income,Q2,2018,136.0,66.946,3.086,1,4,"4-pt trust (a lot/some/not much/not at all), reversed",wgt,US RDD phone 15+
trust_in_scientists,wellcome2018,Q14A univ scientists benefit public (benevolence),income,Q3,2018,192.0,76.088,2.034,1,4,"4-pt trust (a lot/some/not much/not at all), reversed",wgt,US RDD phone 15+
trust_in_scientists,wellcome2018,Q14A univ scientists benefit public (benevolence),income,Q4,2018,235.0,72.532,2.231,1,4,"4-pt trust (a lot/some/not much/not at all), reversed",wgt,US RDD phone 15+
trust_in_scientists,wellcome2018,Q14A univ scientists benefit public (benevolence),income,Q5 richest,2018,245.0,69.894,2.448,1,4,"4-pt trust (a lot/some/not much/not at all), reversed",wgt,US RDD phone 15+
trust_in_scientists,wellcome2018,Q14B univ scientists open about funding (transparency),ALL,ALL,2018,834.0,62.555,1.291,1,4,"4-pt trust (a lot/some/not much/not at all), reversed",wgt,US RDD phone 15+; no party/race in file
trust_in_scientists,wellcome2018,Q14B univ scientists open about funding (transparency),age_band,15-29,2018,89.0,66.591,3.319,1,4,"4-pt trust (a lot/some/not much/not at all), reversed",wgt,US RDD phone 15+
trust_in_scientists,wellcome2018,Q14B univ scientists open about funding (transparency),age_band,30-49,2018,210.0,66.0,2.229,1,4,"4-pt trust (a lot/some/not much/not at all), reversed",wgt,US RDD phone 15+
trust_in_scientists,wellcome2018,Q14B univ scientists open about funding (transparency),age_band,50+,2018,535.0,58.375,1.705,1,4,"4-pt trust (a lot/some/not much/not at all), reversed",wgt,US RDD phone 15+
trust_in_scientists,wellcome2018,Q14B univ scientists open about funding (transparency),education,Secondary,2018,387.0,60.696,1.813,1,4,"4-pt trust (a lot/some/not much/not at all), reversed",wgt,US RDD phone 15+
trust_in_scientists,wellcome2018,Q14B univ scientists open about funding (transparency),education,Tertiary,2018,432.0,68.091,1.489,1,4,"4-pt trust (a lot/some/not much/not at all), reversed",wgt,US RDD phone 15+
trust_in_scientists,wellcome2018,Q14B univ scientists open about funding (transparency),gender,Female,2018,361.0,64.803,2.017,1,4,"4-pt trust (a lot/some/not much/not at all), reversed",wgt,US RDD phone 15+
trust_in_scientists,wellcome2018,Q14B univ scientists open about funding (transparency),gender,Male,2018,473.0,60.595,1.646,1,4,"4-pt trust (a lot/some/not much/not at all), reversed",wgt,US RDD phone 15+
trust_in_scientists,wellcome2018,Q14B univ scientists open about funding (transparency),income,Q1 poorest,2018,103.0,62.871,3.338,1,4,"4-pt trust (a lot/some/not much/not at all), reversed",wgt,US RDD phone 15+
trust_in_scientists,wellcome2018,Q14B univ scientists open about funding (transparency),income,Q2,2018,122.0,58.685,2.796,1,4,"4-pt trust (a lot/some/not much/not at all), reversed",wgt,US RDD phone 15+
trust_in_scientists,wellcome2018,Q14B univ scientists open about funding (transparency),income,Q3,2018,170.0,62.504,3.02,1,4,"4-pt trust (a lot/some/not much/not at all), reversed",wgt,US RDD phone 15+
trust_in_scientists,wellcome2018,Q14B univ scientists open about funding (transparency),income,Q4,2018,206.0,66.185,2.346,1,4,"4-pt trust (a lot/some/not much/not at all), reversed",wgt,US RDD phone 15+
trust_in_scientists,wellcome2018,Q14B univ scientists open about funding (transparency),income,Q5 richest,2018,233.0,62.371,2.769,1,4,"4-pt trust (a lot/some/not much/not at all), reversed",wgt,US RDD phone 15+
trust_in_scientists,wellcome2018,Q15A company scientists benefit public,ALL,ALL,2018,929.0,58.586,1.127,1,4,"4-pt trust (a lot/some/not much/not at all), reversed",wgt,US RDD phone 15+; no party/race in file
trust_in_scientists,wellcome2018,Q15A company scientists benefit public,age_band,15-29,2018,107.0,57.198,2.899,1,4,"4-pt trust (a lot/some/not much/not at all), reversed",wgt,US RDD phone 15+
trust_in_scientists,wellcome2018,Q15A company scientists benefit public,age_band,30-49,2018,228.0,58.64,2.108,1,4,"4-pt trust (a lot/some/not much/not at all), reversed",wgt,US RDD phone 15+
trust_in_scientists,wellcome2018,Q15A company scientists benefit public,age_band,50+,2018,594.0,59.221,1.401,1,4,"4-pt trust (a lot/some/not much/not at all), reversed",wgt,US RDD phone 15+
trust_in_scientists,wellcome2018,Q15A company scientists benefit public,education,Secondary,2018,447.0,56.392,1.578,1,4,"4-pt trust (a lot/some/not much/not at all), reversed",wgt,US RDD phone 15+
trust_in_scientists,wellcome2018,Q15A company scientists benefit public,education,Tertiary,2018,465.0,61.897,1.41,1,4,"4-pt trust (a lot/some/not much/not at all), reversed",wgt,US RDD phone 15+
trust_in_scientists,wellcome2018,Q15A company scientists benefit public,gender,Female,2018,412.0,60.379,1.638,1,4,"4-pt trust (a lot/some/not much/not at all), reversed",wgt,US RDD phone 15+
trust_in_scientists,wellcome2018,Q15A company scientists benefit public,gender,Male,2018,517.0,56.958,1.546,1,4,"4-pt trust (a lot/some/not much/not at all), reversed",wgt,US RDD phone 15+
trust_in_scientists,wellcome2018,Q15A company scientists benefit public,income,Q1 poorest,2018,111.0,59.405,2.695,1,4,"4-pt trust (a lot/some/not much/not at all), reversed",wgt,US RDD phone 15+
trust_in_scientists,wellcome2018,Q15A company scientists benefit public,income,Q2,2018,145.0,51.946,2.698,1,4,"4-pt trust (a lot/some/not much/not at all), reversed",wgt,US RDD phone 15+
trust_in_scientists,wellcome2018,Q15A company scientists benefit public,income,Q3,2018,198.0,60.895,2.601,1,4,"4-pt trust (a lot/some/not much/not at all), reversed",wgt,US RDD phone 15+
trust_in_scientists,wellcome2018,Q15A company scientists benefit public,income,Q4,2018,232.0,61.6,2.073,1,4,"4-pt trust (a lot/some/not much/not at all), reversed",wgt,US RDD phone 15+
trust_in_scientists,wellcome2018,Q15A company scientists benefit public,income,Q5 richest,2018,243.0,58.751,2.399,1,4,"4-pt trust (a lot/some/not much/not at all), reversed",wgt,US RDD phone 15+
trust_in_scientists,wellcome2018,Q15B company scientists open about funding,ALL,ALL,2018,899.0,53.177,1.187,1,4,"4-pt trust (a lot/some/not much/not at all), reversed",wgt,US RDD phone 15+; no party/race in file
trust_in_scientists,wellcome2018,Q15B company scientists open about funding,age_band,15-29,2018,98.0,50.849,3.414,1,4,"4-pt trust (a lot/some/not much/not at all), reversed",wgt,US RDD phone 15+
trust_in_scientists,wellcome2018,Q15B company scientists open about funding,age_band,30-49,2018,222.0,52.208,2.234,1,4,"4-pt trust (a lot/some/not much/not at all), reversed",wgt,US RDD phone 15+
trust_in_scientists,wellcome2018,Q15B company scientists open about funding,age_band,50+,2018,579.0,54.86,1.343,1,4,"4-pt trust (a lot/some/not much/not at all), reversed",wgt,US RDD phone 15+
trust_in_scientists,wellcome2018,Q15B company scientists open about funding,education,Secondary,2018,431.0,51.674,1.607,1,4,"4-pt trust (a lot/some/not much/not at all), reversed",wgt,US RDD phone 15+
trust_in_scientists,wellcome2018,Q15B company scientists open about funding,education,Tertiary,2018,451.0,56.215,1.584,1,4,"4-pt trust (a lot/some/not much/not at all), reversed",wgt,US RDD phone 15+
trust_in_scientists,wellcome2018,Q15B company scientists open about funding,gender,Female,2018,398.0,55.139,1.767,1,4,"4-pt trust (a lot/some/not much/not at all), reversed",wgt,US RDD phone 15+
trust_in_scientists,wellcome2018,Q15B company scientists open about funding,gender,Male,2018,501.0,51.348,1.583,1,4,"4-pt trust (a lot/some/not much/not at all), reversed",wgt,US RDD phone 15+
trust_in_scientists,wellcome2018,Q15B company scientists open about funding,income,Q1 poorest,2018,111.0,54.341,2.951,1,4,"4-pt trust (a lot/some/not much/not at all), reversed",wgt,US RDD phone 15+
trust_in_scientists,wellcome2018,Q15B company scientists open about funding,income,Q2,2018,140.0,49.824,2.996,1,4,"4-pt trust (a lot/some/not much/not at all), reversed",wgt,US RDD phone 15+
trust_in_scientists,wellcome2018,Q15B company scientists open about funding,income,Q3,2018,187.0,56.675,2.525,1,4,"4-pt trust (a lot/some/not much/not at all), reversed",wgt,US RDD phone 15+
trust_in_scientists,wellcome2018,Q15B company scientists open about funding,income,Q4,2018,222.0,49.961,2.218,1,4,"4-pt trust (a lot/some/not much/not at all), reversed",wgt,US RDD phone 15+
trust_in_scientists,wellcome2018,Q15B company scientists open about funding,income,Q5 richest,2018,239.0,55.067,2.507,1,4,"4-pt trust (a lot/some/not much/not at all), reversed",wgt,US RDD phone 15+
trust_in_scientists,wellcome2020,W5C trust scientists in this country,ALL,ALL,2020,993.0,81.735,1.002,1,4,"4-pt trust (a lot/some/not much/not at all), reversed",WGT,US RDD phone 15+; no party/race in file
trust_in_scientists,wellcome2020,W5C trust scientists in this country,age_band,15-29,2020,106.0,84.749,2.959,1,4,"4-pt trust (a lot/some/not much/not at all), reversed",WGT,US RDD phone 15+
trust_in_scientists,wellcome2020,W5C trust scientists in this country,age_band,30-49,2020,227.0,79.64,1.744,1,4,"4-pt trust (a lot/some/not much/not at all), reversed",WGT,US RDD phone 15+
trust_in_scientists,wellcome2020,W5C trust scientists in this country,age_band,50+,2020,651.0,81.485,1.086,1,4,"4-pt trust (a lot/some/not much/not at all), reversed",WGT,US RDD phone 15+
trust_in_scientists,wellcome2020,W5C trust scientists in this country,education,Secondary,2020,472.0,79.565,1.371,1,4,"4-pt trust (a lot/some/not much/not at all), reversed",WGT,US RDD phone 15+
trust_in_scientists,wellcome2020,W5C trust scientists in this country,education,Tertiary,2020,503.0,86.945,1.302,1,4,"4-pt trust (a lot/some/not much/not at all), reversed",WGT,US RDD phone 15+
trust_in_scientists,wellcome2020,W5C trust scientists in this country,gender,Female,2020,480.0,81.939,1.362,1,4,"4-pt trust (a lot/some/not much/not at all), reversed",WGT,US RDD phone 15+
trust_in_scientists,wellcome2020,W5C trust scientists in this country,gender,Male,2020,513.0,81.523,1.473,1,4,"4-pt trust (a lot/some/not much/not at all), reversed",WGT,US RDD phone 15+
trust_in_scientists,wellcome2020,W5C trust scientists in this country,income,Q1 poorest,2020,115.0,83.431,2.577,1,4,"4-pt trust (a lot/some/not much/not at all), reversed",WGT,US RDD phone 15+
trust_in_scientists,wellcome2020,W5C trust scientists in this country,income,Q2,2020,146.0,76.777,2.604,1,4,"4-pt trust (a lot/some/not much/not at all), reversed",WGT,US RDD phone 15+
trust_in_scientists,wellcome2020,W5C trust scientists in this country,income,Q3,2020,200.0,79.564,2.361,1,4,"4-pt trust (a lot/some/not much/not at all), reversed",WGT,US RDD phone 15+
trust_in_scientists,wellcome2020,W5C trust scientists in this country,income,Q4,2020,249.0,81.915,1.933,1,4,"4-pt trust (a lot/some/not much/not at all), reversed",WGT,US RDD phone 15+
trust_in_scientists,wellcome2020,W5C trust scientists in this country,income,Q5 richest,2020,283.0,86.908,1.526,1,4,"4-pt trust (a lot/some/not much/not at all), reversed",WGT,US RDD phone 15+
trust_in_scientists,wellcome2020,W6 trust science,ALL,ALL,2020,959.0,84.189,0.943,1,4,"4-pt trust (a lot/some/not much/not at all), reversed",WGT,US RDD phone 15+; no party/race in file
trust_in_scientists,wellcome2020,W6 trust science,age_band,15-29,2020,103.0,84.241,2.584,1,4,"4-pt trust (a lot/some/not much/not at all), reversed",WGT,US RDD phone 15+
trust_in_scientists,wellcome2020,W6 trust science,age_band,30-49,2020,221.0,87.805,1.495,1,4,"4-pt trust (a lot/some/not much/not at all), reversed",WGT,US RDD phone 15+
trust_in_scientists,wellcome2020,W6 trust science,age_band,50+,2020,627.0,82.154,1.19,1,4,"4-pt trust (a lot/some/not much/not at all), reversed",WGT,US RDD phone 15+
trust_in_scientists,wellcome2020,W6 trust science,education,Secondary,2020,446.0,80.682,1.324,1,4,"4-pt trust (a lot/some/not much/not at all), reversed",WGT,US RDD phone 15+
trust_in_scientists,wellcome2020,W6 trust science,education,Tertiary,2020,501.0,91.085,1.179,1,4,"4-pt trust (a lot/some/not much/not at all), reversed",WGT,US RDD phone 15+
trust_in_scientists,wellcome2020,W6 trust science,gender,Female,2020,460.0,84.07,1.354,1,4,"4-pt trust (a lot/some/not much/not at all), reversed",WGT,US RDD phone 15+
trust_in_scientists,wellcome2020,W6 trust science,gender,Male,2020,499.0,84.308,1.315,1,4,"4-pt trust (a lot/some/not much/not at all), reversed",WGT,US RDD phone 15+
trust_in_scientists,wellcome2020,W6 trust science,income,Q1 poorest,2020,107.0,80.953,2.734,1,4,"4-pt trust (a lot/some/not much/not at all), reversed",WGT,US RDD phone 15+
trust_in_scientists,wellcome2020,W6 trust science,income,Q2,2020,140.0,80.564,2.139,1,4,"4-pt trust (a lot/some/not much/not at all), reversed",WGT,US RDD phone 15+
trust_in_scientists,wellcome2020,W6 trust science,income,Q3,2020,191.0,83.462,2.229,1,4,"4-pt trust (a lot/some/not much/not at all), reversed",WGT,US RDD phone 15+
trust_in_scientists,wellcome2020,W6 trust science,income,Q4,2020,243.0,85.911,1.91,1,4,"4-pt trust (a lot/some/not much/not at all), reversed",WGT,US RDD phone 15+
trust_in_scientists,wellcome2020,W6 trust science,income,Q5 richest,2020,278.0,89.502,1.477,1,4,"4-pt trust (a lot/some/not much/not at all), reversed",WGT,US RDD phone 15+
trust_in_scientists,wellcome2020,W7A scientists find accurate info (competence),ALL,ALL,2020,981.0,80.868,1.024,1,4,"4-pt trust (a lot/some/not much/not at all), reversed",WGT,US RDD phone 15+; no party/race in file
trust_in_scientists,wellcome2020,W7A scientists find accurate info (competence),age_band,15-29,2020,107.0,83.364,2.719,1,4,"4-pt trust (a lot/some/not much/not at all), reversed",WGT,US RDD phone 15+
trust_in_scientists,wellcome2020,W7A scientists find accurate info (competence),age_band,30-49,2020,224.0,81.887,1.958,1,4,"4-pt trust (a lot/some/not much/not at all), reversed",WGT,US RDD phone 15+
trust_in_scientists,wellcome2020,W7A scientists find accurate info (competence),age_band,50+,2020,642.0,79.099,1.179,1,4,"4-pt trust (a lot/some/not much/not at all), reversed",WGT,US RDD phone 15+
trust_in_scientists,wellcome2020,W7A scientists find accurate info (competence),education,Secondary,2020,464.0,78.543,1.416,1,4,"4-pt trust (a lot/some/not much/not at all), reversed",WGT,US RDD phone 15+
trust_in_scientists,wellcome2020,W7A scientists find accurate info (competence),education,Tertiary,2020,502.0,86.642,1.166,1,4,"4-pt trust (a lot/some/not much/not at all), reversed",WGT,US RDD phone 15+
trust_in_scientists,wellcome2020,W7A scientists find accurate info (competence),gender,Female,2020,469.0,80.885,1.322,1,4,"4-pt trust (a lot/some/not much/not at all), reversed",WGT,US RDD phone 15+
trust_in_scientists,wellcome2020,W7A scientists find accurate info (competence),gender,Male,2020,512.0,80.851,1.568,1,4,"4-pt trust (a lot/some/not much/not at all), reversed",WGT,US RDD phone 15+
trust_in_scientists,wellcome2020,W7A scientists find accurate info (competence),income,Q1 poorest,2020,108.0,80.352,2.957,1,4,"4-pt trust (a lot/some/not much/not at all), reversed",WGT,US RDD phone 15+
trust_in_scientists,wellcome2020,W7A scientists find accurate info (competence),income,Q2,2020,146.0,78.2,2.341,1,4,"4-pt trust (a lot/some/not much/not at all), reversed",WGT,US RDD phone 15+
trust_in_scientists,wellcome2020,W7A scientists find accurate info (competence),income,Q3,2020,197.0,76.765,2.643,1,4,"4-pt trust (a lot/some/not much/not at all), reversed",WGT,US RDD phone 15+
trust_in_scientists,wellcome2020,W7A scientists find accurate info (competence),income,Q4,2020,251.0,82.793,1.609,1,4,"4-pt trust (a lot/some/not much/not at all), reversed",WGT,US RDD phone 15+
trust_in_scientists,wellcome2020,W7A scientists find accurate info (competence),income,Q5 richest,2020,279.0,86.28,1.647,1,4,"4-pt trust (a lot/some/not much/not at all), reversed",WGT,US RDD phone 15+
trust_in_scientists,wellcome2020,W7B scientists benefit public (benevolence),ALL,ALL,2020,990.0,75.124,1.156,1,4,"4-pt trust (a lot/some/not much/not at all), reversed",WGT,US RDD phone 15+; no party/race in file
trust_in_scientists,wellcome2020,W7B scientists benefit public (benevolence),age_band,15-29,2020,105.0,72.763,3.272,1,4,"4-pt trust (a lot/some/not much/not at all), reversed",WGT,US RDD phone 15+
trust_in_scientists,wellcome2020,W7B scientists benefit public (benevolence),age_band,30-49,2020,228.0,76.56,2.149,1,4,"4-pt trust (a lot/some/not much/not at all), reversed",WGT,US RDD phone 15+
trust_in_scientists,wellcome2020,W7B scientists benefit public (benevolence),age_band,50+,2020,649.0,75.454,1.287,1,4,"4-pt trust (a lot/some/not much/not at all), reversed",WGT,US RDD phone 15+
trust_in_scientists,wellcome2020,W7B scientists benefit public (benevolence),education,Secondary,2020,470.0,73.057,1.465,1,4,"4-pt trust (a lot/some/not much/not at all), reversed",WGT,US RDD phone 15+
trust_in_scientists,wellcome2020,W7B scientists benefit public (benevolence),education,Tertiary,2020,502.0,81.43,1.697,1,4,"4-pt trust (a lot/some/not much/not at all), reversed",WGT,US RDD phone 15+
trust_in_scientists,wellcome2020,W7B scientists benefit public (benevolence),gender,Female,2020,478.0,75.459,1.543,1,4,"4-pt trust (a lot/some/not much/not at all), reversed",WGT,US RDD phone 15+
trust_in_scientists,wellcome2020,W7B scientists benefit public (benevolence),gender,Male,2020,512.0,74.777,1.728,1,4,"4-pt trust (a lot/some/not much/not at all), reversed",WGT,US RDD phone 15+
trust_in_scientists,wellcome2020,W7B scientists benefit public (benevolence),income,Q1 poorest,2020,115.0,67.951,3.233,1,4,"4-pt trust (a lot/some/not much/not at all), reversed",WGT,US RDD phone 15+
trust_in_scientists,wellcome2020,W7B scientists benefit public (benevolence),income,Q2,2020,148.0,73.157,2.722,1,4,"4-pt trust (a lot/some/not much/not at all), reversed",WGT,US RDD phone 15+
trust_in_scientists,wellcome2020,W7B scientists benefit public (benevolence),income,Q3,2020,197.0,76.565,2.351,1,4,"4-pt trust (a lot/some/not much/not at all), reversed",WGT,US RDD phone 15+
trust_in_scientists,wellcome2020,W7B scientists benefit public (benevolence),income,Q4,2020,249.0,77.596,2.481,1,4,"4-pt trust (a lot/some/not much/not at all), reversed",WGT,US RDD phone 15+
trust_in_scientists,wellcome2020,W7B scientists benefit public (benevolence),income,Q5 richest,2020,281.0,80.108,1.899,1,4,"4-pt trust (a lot/some/not much/not at all), reversed",WGT,US RDD phone 15+
trust_in_scientists,wellcome2020,W7C govt leaders value scientists,ALL,ALL,2020,998.0,50.141,1.292,1,4,"4-pt trust (a lot/some/not much/not at all), reversed",WGT,US RDD phone 15+; no party/race in file
trust_in_scientists,wellcome2020,W7C govt leaders value scientists,age_band,15-29,2020,107.0,47.969,3.291,1,4,"4-pt trust (a lot/some/not much/not at all), reversed",WGT,US RDD phone 15+
trust_in_scientists,wellcome2020,W7C govt leaders value scientists,age_band,30-49,2020,229.0,52.089,2.49,1,4,"4-pt trust (a lot/some/not much/not at all), reversed",WGT,US RDD phone 15+
trust_in_scientists,wellcome2020,W7C govt leaders value scientists,age_band,50+,2020,653.0,50.13,1.582,1,4,"4-pt trust (a lot/some/not much/not at all), reversed",WGT,US RDD phone 15+
trust_in_scientists,wellcome2020,W7C govt leaders value scientists,education,Secondary,2020,476.0,52.82,1.725,1,4,"4-pt trust (a lot/some/not much/not at all), reversed",WGT,US RDD phone 15+
trust_in_scientists,wellcome2020,W7C govt leaders value scientists,education,Tertiary,2020,503.0,44.181,1.701,1,4,"4-pt trust (a lot/some/not much/not at all), reversed",WGT,US RDD phone 15+
trust_in_scientists,wellcome2020,W7C govt leaders value scientists,gender,Female,2020,485.0,47.882,1.914,1,4,"4-pt trust (a lot/some/not much/not at all), reversed",WGT,US RDD phone 15+
trust_in_scientists,wellcome2020,W7C govt leaders value scientists,gender,Male,2020,513.0,52.525,1.712,1,4,"4-pt trust (a lot/some/not much/not at all), reversed",WGT,US RDD phone 15+
trust_in_scientists,wellcome2020,W7C govt leaders value scientists,income,Q1 poorest,2020,116.0,52.986,3.329,1,4,"4-pt trust (a lot/some/not much/not at all), reversed",WGT,US RDD phone 15+
trust_in_scientists,wellcome2020,W7C govt leaders value scientists,income,Q2,2020,149.0,53.011,3.415,1,4,"4-pt trust (a lot/some/not much/not at all), reversed",WGT,US RDD phone 15+
trust_in_scientists,wellcome2020,W7C govt leaders value scientists,income,Q3,2020,201.0,48.699,2.921,1,4,"4-pt trust (a lot/some/not much/not at all), reversed",WGT,US RDD phone 15+
trust_in_scientists,wellcome2020,W7C govt leaders value scientists,income,Q4,2020,249.0,48.538,2.522,1,4,"4-pt trust (a lot/some/not much/not at all), reversed",WGT,US RDD phone 15+
trust_in_scientists,wellcome2020,W7C govt leaders value scientists,income,Q5 richest,2020,283.0,47.605,2.031,1,4,"4-pt trust (a lot/some/not much/not at all), reversed",WGT,US RDD phone 15+
trust_in_scientists_pew_item,tisp,TRUST_PEW confidence (1-5),ALL,ALL,2022-2023,2559.0,70.94504336912284,0.5632043869975482,1,5,1-5 agreement,WEIGHT_CNTRY (TISP country post-stratification weight),weighted overall US mean
trust_in_scientists_pew_item,tisp,TRUST_PEW confidence (1-5),age_band,18-29,2022-2023,436.0,69.80701410110036,1.3726231732578875,1,5,1-5 agreement,WEIGHT_CNTRY (TISP country post-stratification weight),"US subsample, WEIGHT_CNTRY post-strat weight; no race/party in TISP"
trust_in_scientists_pew_item,tisp,TRUST_PEW confidence (1-5),age_band,30-44,2022-2023,766.0,78.8538414664467,0.9213246260573784,1,5,1-5 agreement,WEIGHT_CNTRY (TISP country post-stratification weight),"US subsample, WEIGHT_CNTRY post-strat weight; no race/party in TISP"
trust_in_scientists_pew_item,tisp,TRUST_PEW confidence (1-5),age_band,45-59,2022-2023,640.0,68.64531333622409,1.1384348441028682,1,5,1-5 agreement,WEIGHT_CNTRY (TISP country post-stratification weight),"US subsample, WEIGHT_CNTRY post-strat weight; no race/party in TISP"
trust_in_scientists_pew_item,tisp,TRUST_PEW confidence (1-5),age_band,60+,2022-2023,717.0,66.53160384631353,1.054875023672362,1,5,1-5 agreement,WEIGHT_CNTRY (TISP country post-stratification weight),"US subsample, WEIGHT_CNTRY post-strat weight; no race/party in TISP"
trust_in_scientists_pew_item,tisp,TRUST_PEW confidence (1-5),education,EDU1 (lowest of 4),2022-2023,15.0,63.80629868860639,9.73424775730607,1,5,1-5 agreement,WEIGHT_CNTRY (TISP country post-stratification weight),"US subsample, WEIGHT_CNTRY post-strat weight; no race/party in TISP"
trust_in_scientists_pew_item,tisp,TRUST_PEW confidence (1-5),education,EDU2,2022-2023,97.0,73.33966999724147,3.1828508964363,1,5,1-5 agreement,WEIGHT_CNTRY (TISP country post-stratification weight),"US subsample, WEIGHT_CNTRY post-strat weight; no race/party in TISP"
trust_in_scientists_pew_item,tisp,TRUST_PEW confidence (1-5),education,EDU3,2022-2023,1042.0,66.6285253436238,0.8984413886064067,1,5,1-5 agreement,WEIGHT_CNTRY (TISP country post-stratification weight),"US subsample, WEIGHT_CNTRY post-strat weight; no race/party in TISP"
trust_in_scientists_pew_item,tisp,TRUST_PEW confidence (1-5),education,EDU4 (highest of 4),2022-2023,1405.0,73.89554741526538,0.7346626194721607,1,5,1-5 agreement,WEIGHT_CNTRY (TISP country post-stratification weight),"US subsample, WEIGHT_CNTRY post-strat weight; no race/party in TISP"
trust_in_scientists_pew_item,tisp,TRUST_PEW confidence (1-5),gender,Female,2022-2023,1172.0,72.69184007315593,0.8469337056901307,1,5,1-5 agreement,WEIGHT_CNTRY (TISP country post-stratification weight),"US subsample, WEIGHT_CNTRY post-strat weight; no race/party in TISP"
trust_in_scientists_pew_item,tisp,TRUST_PEW confidence (1-5),gender,Male,2022-2023,1387.0,69.23029386235618,0.7424696616301482,1,5,1-5 agreement,WEIGHT_CNTRY (TISP country post-stratification weight),"US subsample, WEIGHT_CNTRY post-strat weight; no race/party in TISP"
trust_in_scientists_pew_item,tisp,TRUST_PEW confidence (1-5),ideology,Conservative,2022-2023,413.0,66.43546337316194,1.3137020404567017,1,5,1-5 agreement,WEIGHT_CNTRY (TISP country post-stratification weight),"US subsample, WEIGHT_CNTRY post-strat weight; no race/party in TISP"
trust_in_scientists_pew_item,tisp,TRUST_PEW confidence (1-5),ideology,Liberal,2022-2023,303.0,73.15957441724971,1.3145790096032062,1,5,1-5 agreement,WEIGHT_CNTRY (TISP country post-stratification weight),"US subsample, WEIGHT_CNTRY post-strat weight; no race/party in TISP"
trust_in_scientists_pew_item,tisp,TRUST_PEW confidence (1-5),ideology,Moderate,2022-2023,718.0,68.44283482291857,0.9433530462561532,1,5,1-5 agreement,WEIGHT_CNTRY (TISP country post-stratification weight),"US subsample, WEIGHT_CNTRY post-strat weight; no race/party in TISP"
trust_in_scientists_pew_item,tisp,TRUST_PEW confidence (1-5),ideology,Very conservative,2022-2023,565.0,71.42671992291676,1.412707499975025,1,5,1-5 agreement,WEIGHT_CNTRY (TISP country post-stratification weight),"US subsample, WEIGHT_CNTRY post-strat weight; no race/party in TISP"
trust_in_scientists_pew_item,tisp,TRUST_PEW confidence (1-5),ideology,Very liberal,2022-2023,364.0,83.98865484090385,1.332840385845637,1,5,1-5 agreement,WEIGHT_CNTRY (TISP country post-stratification weight),"US subsample, WEIGHT_CNTRY post-strat weight; no race/party in TISP"
trust_in_scientists_pew_item,tisp,TRUST_PEW confidence (1-5),income,"$100,000 to $167,999",2022-2023,397.0,79.1221672170376,1.3312220024994568,1,5,1-5 agreement,WEIGHT_CNTRY (TISP country post-stratification weight),"US subsample, WEIGHT_CNTRY post-strat weight; no race/party in TISP"
trust_in_scientists_pew_item,tisp,TRUST_PEW confidence (1-5),income,"$168,000 or more",2022-2023,168.0,81.90440656686629,1.7875941851943824,1,5,1-5 agreement,WEIGHT_CNTRY (TISP country post-stratification weight),"US subsample, WEIGHT_CNTRY post-strat weight; no race/party in TISP"
trust_in_scientists_pew_item,tisp,TRUST_PEW confidence (1-5),income,"$30,000 to $55,999",2022-2023,625.0,68.50050811212166,1.1017450194311005,1,5,1-5 agreement,WEIGHT_CNTRY (TISP country post-stratification weight),"US subsample, WEIGHT_CNTRY post-strat weight; no race/party in TISP"
trust_in_scientists_pew_item,tisp,TRUST_PEW confidence (1-5),income,"$56,000 to $99,999",2022-2023,472.0,70.23706695857894,1.2849271976807088,1,5,1-5 agreement,WEIGHT_CNTRY (TISP country post-stratification weight),"US subsample, WEIGHT_CNTRY post-strat weight; no race/party in TISP"
trust_in_scientists_pew_item,tisp,TRUST_PEW confidence (1-5),income,"Less than $30,000",2022-2023,841.0,67.82308477796826,1.0353943913561805,1,5,1-5 agreement,WEIGHT_CNTRY (TISP country post-stratification weight),"US subsample, WEIGHT_CNTRY post-strat weight; no race/party in TISP"
