analysis,study,arm,outcome,family,fam2,ate_pp,se_pp,w_pp,rank1_pp,resid_pp,resid_cf_pp,target_mean,target_any,tier,n_items,n_items_full,n_items_half,trigger_item,trigger_clause,trigger_obj,trigger_pred,trigger_sentence
primary (mechanical RULE T-1),voelkel2026,Binding Framing,Belief_Post,attitudinal,attitudinal,0.17155222676612425,0.787863629340278,-1.2504217354569476,-0.5953183169639514,-0.6551034184929961,-0.6544600472182236,0.3333333333333333,0.5,half,3,0,2,v26.Belief.ii,HALF,climate,,"climate change is happening too, but we can fight it without buying into the whole radical climate change agenda and believing every single word that comes out of a government scientist’s mouth"
primary (mechanical RULE T-1),voelkel2026,Binding Framing,Concern_Post,attitudinal,attitudinal,0.5498180563244901,1.1054772351283135,-1.1470075064047258,-1.1714944535889993,0.024486947184273467,-0.09563997958276475,0.5,0.5,half,3,0,3,v26.Concern.i,HALF,climate change,,"climate change is happening too, but we can fight it without buying into the whole radical climate change agenda and believing every single word that comes out of a government scientist’s mouth"
primary (mechanical RULE T-1),voelkel2026,Binding Framing,Policies_Post,attitudinal,attitudinal,-0.041228760990563273,1.030552398112266,-1.0981853053821566,-0.9584597735186918,-0.1397255318634648,-0.19411261432223764,0.5,0.5,half,3,0,3,v26.Policies.i,HALF,government,,"climate change is happening too, but we can fight it without buying into the whole radical climate change agenda and believing every single word that comes out of a government scientist’s mouth"
primary (mechanical RULE T-1),voelkel2026,Binding Framing,Intent_Post,intention,attitudinal,2.4780940878766984,1.031478396139299,-0.29991478650555337,-0.868643286169179,0.5687284996636256,0.4525214682970561,0.0,0.0,none,4,0,0,v26.Intent.i,,,,
primary (mechanical RULE T-1),voelkel2026,Binding Framing,PoliciesSp_Post,attitudinal,attitudinal,1.0373839639966178,0.8749754319076991,-0.40896856776873425,-0.5325176973349927,0.12354912956625841,0.13646839221460863,0.0,0.0,none,4,0,0,v26.PoliciesSp.i,,,,
primary (mechanical RULE T-1),voelkel2026,Binding Framing,Candidate_Post,attitudinal,attitudinal,1.2115675102562307,0.7676627168238503,-0.25907304069642834,-0.45254600440531595,0.1934729637088876,0.14802845370893492,0.0,0.0,none,4,0,0,v26.Candidate.i,,,,
primary (mechanical RULE T-1),voelkel2026,Binding Framing,Companies_Post,attitudinal,attitudinal,1.0752385208852218,0.9793346777204643,-0.21438446811433343,-0.7142346552935013,0.49985018717916785,0.4907544910115601,0.0,0.0,none,3,0,0,v26.Companies.i,,,,
primary (mechanical RULE T-1),voelkel2026,Binding Framing,IntentNp_Post,intention,attitudinal,-0.5655591773726414,0.8528508297118048,-1.597813858964549,-0.7779047214092224,-0.8199091375553266,-0.8824795485213958,0.0,0.0,none,6,0,0,v26.IntentNp.i,,,,
primary (mechanical RULE T-1),voelkel2026,Binding Framing,Donation,behavioural,behavioural,-1.4108139081540116,1.6364476247905715,-0.027811390114458545,0.3450574886231181,-0.3728688787375766,-0.03797328995551799,0.0,0.0,none,1,0,0,v26.Donation.i,,,,
primary (mechanical RULE T-1),voelkel2026,Consensus Framing 1,Belief_Post,attitudinal,attitudinal,1.3469612621751565,0.8215565009641124,-0.07501270004791527,-0.42481827782493,0.3498055777770147,0.29642825403146195,0.8333333333333334,1.0,full,3,2,1,v26.Belief.i,F1,temperature,increas,i the scientific consensus on global warming climate research shows that the temperature of the earth has been increasing every decade since the 1970s
primary (mechanical RULE T-1),voelkel2026,Consensus Framing 1,Concern_Post,attitudinal,attitudinal,0.780531756457556,1.1256100142041268,-0.9162938062716599,-0.8359767238360849,-0.080317082435575,-0.15990974944770203,0.6666666666666666,1.0,full,3,1,2,v26.Concern.ii,F1,climate change,dire,greenhouse gas emissions have been directly linked to global warming and climate change
primary (mechanical RULE T-1),voelkel2026,Consensus Framing 1,Policies_Post,attitudinal,attitudinal,-0.0894344840657908,1.0560491235076679,-1.1463910284573842,-0.6839554885984446,-0.4624355398589396,-0.48479078242259144,0.5,0.5,half,3,0,3,v26.Policies.i,HALF,regulat,,"fossil fuel and political groups try to cast doubt on climate science, in order to delay regulation of the fossil fuel industry"
primary (mechanical RULE T-1),voelkel2026,Consensus Framing 1,Intent_Post,intention,attitudinal,2.3367290389780564,1.0584391953008738,-0.44127983540419535,-0.619862574960756,0.17858273955656068,0.11511604884136183,0.0,0.0,none,4,0,0,v26.Intent.i,,,,
primary (mechanical RULE T-1),voelkel2026,Consensus Framing 1,PoliciesSp_Post,attitudinal,attitudinal,1.1090822931337172,0.8948968163923686,-0.33727023863163486,-0.38000384776813023,0.042733609136495376,0.058862647298720656,0.25,1.0,full,4,1,0,v26.PoliciesSp.iii,F1,fossil fuel,releas,it is also established that the burning of fossil fuels releases heat-trapping greenhouse gases into the atmosphere
primary (mechanical RULE T-1),voelkel2026,Consensus Framing 1,Candidate_Post,attitudinal,attitudinal,1.2263625077712632,0.8246257290740464,-0.2442780431813958,-0.32293616498895816,0.07865812180756238,0.04498724989477112,0.0,0.0,none,4,0,0,v26.Candidate.i,,,,
primary (mechanical RULE T-1),voelkel2026,Consensus Framing 1,Companies_Post,attitudinal,attitudinal,0.7176470588235162,1.022578854565906,-0.571975930176039,-0.5096768024408711,-0.06229912773516788,-0.04645954907823015,0.5,0.5,half,3,0,3,v26.Companies.i,HALF,industry,,"fossil fuel and political groups try to cast doubt on climate science, in order to delay regulation of the fossil fuel industry"
primary (mechanical RULE T-1),voelkel2026,Consensus Framing 1,IntentNp_Post,intention,attitudinal,0.705399390454069,0.887011189863057,-0.3268552911378386,-0.5551116682353968,0.2282563770975582,0.153644660979763,0.0,0.0,none,6,0,0,v26.IntentNp.i,,,,
primary (mechanical RULE T-1),voelkel2026,Consensus Framing 1,Donation,behavioural,behavioural,-1.0861354653483204,1.6361960791608594,0.2968670526912327,0.2462325177814825,0.0506345349097502,0.28183855808364344,0.0,0.0,none,1,0,0,v26.Donation.i,,,,
primary (mechanical RULE T-1),voelkel2026,Consensus Framing 2,Belief_Post,attitudinal,attitudinal,3.0644473971200625,0.8181871626113368,1.6424734348969907,-0.029113435699008573,1.6715868705959993,1.5988696382115162,0.8333333333333334,1.0,full,3,2,1,v26.Belief.i,F1,temperature,increas,the scientific consensus on global warming climate research shows that the temperature of the earth has been increasing every decade since the 1970s
primary (mechanical RULE T-1),voelkel2026,Consensus Framing 2,Concern_Post,attitudinal,attitudinal,1.0912980476784782,1.1270135996384836,-0.6055275150507378,-0.057290742573227034,-0.5482367724775107,-0.32804574122486607,0.6666666666666666,1.0,full,3,1,2,v26.Concern.ii,F1,climate change,dire,greenhouse gas emissions have been directly linked to global warming and climate change
primary (mechanical RULE T-1),voelkel2026,Consensus Framing 2,Policies_Post,attitudinal,attitudinal,0.6526482010187493,1.066205618789675,-0.40430834337284405,-0.04687249861339718,-0.3574358447594469,-0.17664280165946297,0.5,0.5,half,3,0,3,v26.Policies.i,HALF,regulat,,"fossil fuel and political groups try to cast doubt on climate science, in order to delay regulation of the fossil fuel industry"
primary (mechanical RULE T-1),voelkel2026,Consensus Framing 2,Intent_Post,intention,attitudinal,2.063509311192014,1.0537174308894137,-0.7144995631902376,-0.04248011481694968,-0.6720194483732879,-0.46344051500468725,0.0,0.0,none,4,0,0,v26.Intent.i,,,,
primary (mechanical RULE T-1),voelkel2026,Consensus Framing 2,PoliciesSp_Post,attitudinal,attitudinal,1.0396338359512427,0.8752220395346804,-0.40671869581410935,-0.026042235385956056,-0.3806764604281533,-0.2576160073554736,0.25,1.0,full,4,1,0,v26.PoliciesSp.iii,F1,fossil fuel,releas,it is also established that the burning of fossil fuels releases heat-trapping greenhouse gases into the atmosphere
primary (mechanical RULE T-1),voelkel2026,Consensus Framing 2,Candidate_Post,attitudinal,attitudinal,1.799703427634789,0.8119849247959211,0.32906287668212997,-0.022131301229381155,0.35119417791151114,0.41073621991844883,0.0,0.0,none,4,0,0,v26.Candidate.i,,,,
primary (mechanical RULE T-1),voelkel2026,Consensus Framing 2,Companies_Post,attitudinal,attitudinal,0.8683006535947584,1.0199467148176422,-0.4213223354047968,-0.03492891805670754,-0.38639341734808924,-0.2326157953161741,0.5,0.5,half,3,0,3,v26.Companies.i,HALF,industry,,"fossil fuel and political groups try to cast doubt on climate science, in order to delay regulation of the fossil fuel industry"
primary (mechanical RULE T-1),voelkel2026,Consensus Framing 2,IntentNp_Post,intention,attitudinal,0.9978505186115427,0.8914505869096956,-0.03440416298036486,-0.038042637764283606,0.003638474783918745,0.11995090724718606,0.0,0.0,none,6,0,0,v26.IntentNp.i,,,,
primary (mechanical RULE T-1),voelkel2026,Consensus Framing 2,Donation,behavioural,behavioural,-3.946549237156255,1.6470979373527936,-2.563546719116702,0.01687468488912435,-2.580421404005826,-2.072455958176409,0.0,0.0,none,1,0,0,v26.Donation.i,,,,
primary (mechanical RULE T-1),voelkel2026,Dire But Solvable Framing,Belief_Post,attitudinal,attitudinal,1.3488983672521186,0.7986651049704776,-0.07307559497095317,0.42677855028507106,-0.49985414525602423,-0.4611873039238615,0.3333333333333333,0.5,half,3,0,2,v26.Belief.ii,HALF,climate,,the effects of climate change could be extreme it is now clear that climate change will have dire effects
primary (mechanical RULE T-1),voelkel2026,Dire But Solvable Framing,Concern_Post,attitudinal,attitudinal,2.7031767382002907,1.0969565555273018,1.0063511754710748,0.8398342371178703,0.16651693835320447,0.1666610627988517,0.6666666666666666,1.0,full,3,1,2,v26.Concern.ii,F1,climate change,dire,the effects of climate change could be extreme it is now clear that climate change will have dire effects
primary (mechanical RULE T-1),voelkel2026,Dire But Solvable Framing,Policies_Post,attitudinal,attitudinal,1.7694708274867992,1.0430491539120192,0.7125142830952058,0.6871115183133769,0.0254027647818289,-0.005092551237444819,0.0,0.0,none,3,0,0,v26.Policies.i,,,,
primary (mechanical RULE T-1),voelkel2026,Dire But Solvable Framing,Intent_Post,intention,attitudinal,3.261051840767528,1.0521453039584643,0.48304296638527644,0.622722855693,-0.13967988930772357,-0.14502758726319778,0.0,0.0,none,4,0,0,v26.Intent.i,,,,
primary (mechanical RULE T-1),voelkel2026,Dire But Solvable Framing,PoliciesSp_Post,attitudinal,attitudinal,1.9520424403351768,0.8757395463280078,0.5056899085698248,0.3817573294717459,0.12393257909807887,0.06623534337748513,0.125,0.5,half,4,0,1,v26.PoliciesSp.i,HALF,clean energy,,"if we take action now – investing in science and engineering, clean energy, alternative fuels, and cutting back on needless and excessive emissions – we can defeat this formidable opponent"
primary (mechanical RULE T-1),voelkel2026,Dire But Solvable Framing,Candidate_Post,attitudinal,attitudinal,2.7702535159614285,0.7961082909993314,1.2996129650087695,0.32442631478630823,0.9751866502224613,0.9111148556559178,0.0,0.0,none,4,0,0,v26.Candidate.i,,,,
primary (mechanical RULE T-1),voelkel2026,Dire But Solvable Framing,Companies_Post,attitudinal,attitudinal,2.1744949062715904,0.9880434155562766,0.8848719172720352,0.5120286442790166,0.37284327299301856,0.2925981472926027,0.0,0.0,none,3,0,0,v26.Companies.i,,,,
primary (mechanical RULE T-1),voelkel2026,Dire But Solvable Framing,IntentNp_Post,intention,attitudinal,1.299088793798795,0.9012861028849838,0.26683411220688735,0.5576731637555902,-0.2908390515487028,-0.2518147628159645,0.08333333333333333,0.5,half,6,0,1,v26.IntentNp.i,HALF,food,,"the sea levels will rise, hurricanes will become stronger, droughts will wreak havoc on food supplies, and there will be incredible heat waves"
primary (mechanical RULE T-1),voelkel2026,Dire But Solvable Framing,Donation,behavioural,behavioural,-0.6221841705446849,1.6297155941988155,0.7608183474948682,-0.24736872789435613,1.0081870753892244,0.6461760512765163,0.0,0.0,none,1,0,0,v26.Donation.i,,,,
primary (mechanical RULE T-1),voelkel2026,Free Market Framing,Belief_Post,attitudinal,attitudinal,2.6326734305462907,0.8022092619247071,1.2106994683232188,0.20905618731291306,1.0016432810103058,0.9448965106669572,0.5,0.5,half,3,0,3,v26.Belief.i,HALF,temperature,,2 degrees fahrenheit in worldwide temperatures over the 21st century
primary (mechanical RULE T-1),voelkel2026,Free Market Framing,Concern_Post,attitudinal,attitudinal,1.5098347483762282,1.1233297237802449,-0.1869908143529877,0.4113902712998005,-0.5983810856527882,-0.5510046780686106,0.5,0.5,half,3,0,3,v26.Concern.i,HALF,climate change,,"” free_p2_time page break free_p3 the perspective argues that increasing american business innovation, the free-market economy, and jobs will help solve climate change"
primary (mechanical RULE T-1),voelkel2026,Free Market Framing,Policies_Post,attitudinal,attitudinal,1.7949614890885641,1.0276025096547088,0.7380049446969708,0.3365795075254657,0.40142543717150503,0.38688825216786454,0.5,0.5,half,3,0,3,v26.Policies.i,HALF,government,,” free_p10_time page break free_p11 this perspective also references the intergovernmental panel on climate change (ipcc)
primary (mechanical RULE T-1),voelkel2026,Free Market Framing,Intent_Post,intention,attitudinal,2.447333645503967,1.0401603669725747,-0.3306752288782846,0.3050389150926872,-0.6357141439709718,-0.5735775744594898,0.0,0.0,none,4,0,0,v26.Intent.i,,,,
primary (mechanical RULE T-1),voelkel2026,Free Market Framing,PoliciesSp_Post,attitudinal,attitudinal,1.4998907551616014,0.8682518047346575,0.05353822339624936,0.18700267791062536,-0.133464454514376,-0.14077073070453006,0.0,0.0,none,4,0,0,v26.PoliciesSp.i,,,,
primary (mechanical RULE T-1),voelkel2026,Free Market Framing,Candidate_Post,attitudinal,attitudinal,0.9285221351641368,0.7878744961871668,-0.5421184157885222,0.1589192530596987,-0.7010376688482208,-0.6562969616693909,0.0,0.0,none,4,0,0,v26.Candidate.i,,,,
primary (mechanical RULE T-1),voelkel2026,Free Market Framing,Companies_Post,attitudinal,attitudinal,2.4444444444444287,0.9705669357023372,1.1548214554448735,0.2508156890651387,0.9040057663797347,0.8370504828897793,0.5,0.5,half,3,0,3,v26.Companies.i,HALF,business,,page break free_p2 the perspective is titled “business solutions for a stronger american economy and a stronger climate
primary (mechanical RULE T-1),voelkel2026,Free Market Framing,IntentNp_Post,intention,attitudinal,1.3273299915453904,0.8825043552866996,0.29507530995348286,0.2731745194401156,0.02190079051336724,0.049585114127025064,0.0,0.0,none,6,0,0,v26.IntentNp.i,,,,
primary (mechanical RULE T-1),voelkel2026,Free Market Framing,Donation,behavioural,behavioural,-1.4977335913243692,1.650280006083643,-0.11473107328481613,-0.1211728262338786,0.0064417529490624625,-0.07926092752418173,0.0,0.0,none,1,0,0,v26.Donation.i,,,,
primary (mechanical RULE T-1),voelkel2026,Gains Framing,Belief_Post,attitudinal,attitudinal,2.3122642582323323,0.8137233787309947,0.8902902960092605,0.8771625292709867,0.01312776673827376,0.051515308710567045,0.6666666666666666,1.0,full,3,1,2,v26.Belief.i,F1,warming,warm,reducing climate change could help between 800 million to 4 billion people (depending on the extent of warming) to maintain water supplies
primary (mechanical RULE T-1),voelkel2026,Gains Framing,Concern_Post,attitudinal,attitudinal,3.861131860604459,1.1186490062555876,2.1643062978752434,1.7261203101857243,0.4381859876895191,0.5975596657450211,0.6666666666666666,1.0,full,3,1,2,v26.Concern.ii,F1,climate change,extreme,"overall, by mitigating climate change, we will maintain current ecosystems and biodiversity, reduce the likelihood of experiencing extreme weather, reduce losses in ice and snow cover, and prevent further sea level rises"
primary (mechanical RULE T-1),voelkel2026,Gains Framing,Policies_Post,attitudinal,attitudinal,2.5165760724218984,1.0381342093546957,1.459619528030305,1.4122276691094349,0.04739185892087017,0.1275747850324431,0.0,0.0,none,3,0,0,v26.Policies.i,,,,
primary (mechanical RULE T-1),voelkel2026,Gains Framing,Intent_Post,intention,attitudinal,3.7197373889655343,1.068202070301402,0.9417285145832825,1.2798889606088784,-0.3381604460255958,-0.18116131131488597,0.0,0.0,none,4,0,0,v26.Intent.i,,,,
primary (mechanical RULE T-1),voelkel2026,Gains Framing,PoliciesSp_Post,attitudinal,attitudinal,3.164214601824497,0.8826694575899968,1.7178620700591452,0.7846299315265463,0.9332321385325989,0.849344506766586,0.0,0.0,none,4,0,0,v26.PoliciesSp.i,,,,
primary (mechanical RULE T-1),voelkel2026,Gains Framing,Candidate_Post,attitudinal,attitudinal,1.9202170630053175,0.7960184801906399,0.4495765120526585,0.6667968824814157,-0.2172203704287572,-0.1513100926201275,0.0,0.0,none,4,0,0,v26.Candidate.i,,,,
primary (mechanical RULE T-1),voelkel2026,Gains Framing,Companies_Post,attitudinal,attitudinal,2.1834771241829998,1.000914512980374,0.8938541351834446,1.0523779612986033,-0.1585238261151587,-0.1840715936808191,0.0,0.0,none,3,0,0,v26.Companies.i,,,,
primary (mechanical RULE T-1),voelkel2026,Gains Framing,IntentNp_Post,intention,attitudinal,1.391289584650231,0.8871061809082992,0.3590349030583233,1.1461916314670937,-0.7871567284087704,-0.6030907861456551,0.16666666666666666,1.0,full,6,1,0,v26.IntentNp.i,F1,food,reduce,food systems and security mitigating climate change will reduce pressure on food production
primary (mechanical RULE T-1),voelkel2026,Gains Framing,Donation,behavioural,behavioural,-2.0481081332033426,1.671677353690925,-0.6651056151637895,-0.5084195981204401,-0.1566860170433494,-0.5837522023296944,0.0,0.0,none,1,0,0,v26.Donation.i,,,,
primary (mechanical RULE T-1),voelkel2026,High Social Distance Framing,Belief_Post,attitudinal,attitudinal,0.9532725184864148,0.803502514204885,-0.468701443736657,-0.21521807658104614,-0.2534833671556109,-0.24130040127739183,0.6666666666666666,1.0,full,3,1,2,v26.Belief.i,F1,temperature,rise|rising|risen,"particularly, in china, there are concerns about the rising average temperatures, especially in the southern regions"
primary (mechanical RULE T-1),voelkel2026,High Social Distance Framing,Concern_Post,attitudinal,attitudinal,1.7936203866287244,1.1295374441873753,0.09679482389950844,-0.42351591718629283,0.5203107410858012,0.49026388969270435,0.6666666666666666,1.0,full,3,1,2,v26.Concern.ii,F1,climate change,crisis,"global climate change may lead to health crisis according to scientific experts, global climate change is poised to have profound effects on weather, ecosystems, and health across the world"
primary (mechanical RULE T-1),voelkel2026,High Social Distance Framing,Policies_Post,attitudinal,attitudinal,1.167451836578934,1.0331430234090702,0.11049529218734055,-0.34650012112677664,0.4569954133141172,0.44258440717673464,0.5,0.5,half,3,0,3,v26.Policies.i,HALF,government,,"scientists say the situation underscores the immediate need to increase research funding, implement effective governmental policies, and encourage individual action about climate change"
primary (mechanical RULE T-1),voelkel2026,High Social Distance Framing,Intent_Post,intention,attitudinal,1.9613998957489756,1.0435752996325216,-0.8166089786332762,-0.31402987604644844,-0.5025791025868278,-0.48494432314495983,0.0,0.0,none,4,0,0,v26.Intent.i,,,,
primary (mechanical RULE T-1),voelkel2026,High Social Distance Framing,PoliciesSp_Post,attitudinal,attitudinal,0.7041390782239958,0.8690411225054587,-0.7422134535413563,-0.1925145444042245,-0.5496989091371318,-0.4921695157677953,0.0,0.0,none,4,0,0,v26.PoliciesSp.i,,,,
primary (mechanical RULE T-1),voelkel2026,High Social Distance Framing,Candidate_Post,attitudinal,attitudinal,0.7166994750656173,0.8129402704643719,-0.7539410758870417,-0.16360336622810048,-0.5903377096589413,-0.5475185419579857,0.0,0.0,none,4,0,0,v26.Candidate.i,,,,
primary (mechanical RULE T-1),voelkel2026,High Social Distance Framing,Companies_Post,attitudinal,attitudinal,0.8489422252919212,0.9921055533715056,-0.440680763707634,-0.25820843128719306,-0.18247233242044092,-0.14898987605051064,0.0,0.0,none,3,0,0,v26.Companies.i,,,,
primary (mechanical RULE T-1),voelkel2026,High Social Distance Framing,IntentNp_Post,intention,attitudinal,0.9628910345966801,0.8889120181444371,-0.06936364699522746,-0.2812262837112489,0.21186263671602146,0.1811101516545316,0.0,0.0,none,6,0,0,v26.IntentNp.i,,,,
primary (mechanical RULE T-1),voelkel2026,High Social Distance Framing,Donation,behavioural,behavioural,-1.4475334891247584,1.6522575443632963,-0.06453097108520534,0.12474437102839983,-0.18927534211360517,-0.03527347200650215,0.0,0.0,none,1,0,0,v26.Donation.i,,,,
primary (mechanical RULE T-1),voelkel2026,Purity Framing,Belief_Post,attitudinal,attitudinal,0.8580657219177539,0.8231888211154241,-0.5639082403053179,-0.11604096137779889,-0.44786727892751904,-0.4376218994756115,0.6666666666666666,1.0,full,3,1,2,v26.Belief.i,F1,warming,warm,we are causing the earth to warm and the warming is spoiling the purity of our national parks
primary (mechanical RULE T-1),voelkel2026,Purity Framing,Concern_Post,attitudinal,attitudinal,1.9553489399588386,1.1384479594350876,0.2585233772296227,-0.22835068024869526,0.48687405747831797,0.3082454124183172,0.5,0.5,half,3,0,3,v26.Concern.i,HALF,climate change,,"if we don’t fight climate change’s effects on our nation’s greatest wonders, it will be a blemish on our history"
primary (mechanical RULE T-1),voelkel2026,Purity Framing,Policies_Post,attitudinal,attitudinal,1.2610422182552412,1.042293301025463,0.20408567386364784,-0.18682541825399804,0.39091109211764585,0.2518770576767113,0.0,0.0,none,3,0,0,v26.Policies.i,,,,
primary (mechanical RULE T-1),voelkel2026,Purity Framing,Intent_Post,intention,attitudinal,2.6655819401604646,1.0490489917149763,-0.11242693422178718,-0.16931815996440389,0.05689122574261671,-0.07542616234642142,0.0,0.0,none,4,0,0,v26.Intent.i,,,,
primary (mechanical RULE T-1),voelkel2026,Purity Framing,PoliciesSp_Post,attitudinal,attitudinal,0.7498489753006581,0.8871037688952045,-0.696503556464694,-0.10379970477741259,-0.5927038516872813,-0.6403170496384187,0.0,0.0,none,4,0,0,v26.PoliciesSp.i,,,,
primary (mechanical RULE T-1),voelkel2026,Purity Framing,Candidate_Post,attitudinal,attitudinal,2.204984619631915,0.8175893771583171,0.7343440686792562,-0.08821141887030896,0.8225554875495651,0.7083997771918472,0.0,0.0,none,4,0,0,v26.Candidate.i,,,,
primary (mechanical RULE T-1),voelkel2026,Purity Framing,Companies_Post,attitudinal,attitudinal,1.1841054690789434,1.0002773566836949,-0.10551751992061176,-0.13922043667710193,0.033702916756490175,-0.047779302866597234,0.0,0.0,none,3,0,0,v26.Companies.i,,,,
primary (mechanical RULE T-1),voelkel2026,Purity Framing,IntentNp_Post,intention,attitudinal,0.6616744102371612,0.8922738158614993,-0.37058027135474636,-0.15163116799935633,-0.21894910335539003,-0.30018024673266397,0.0,0.0,none,6,0,0,v26.IntentNp.i,,,,
primary (mechanical RULE T-1),voelkel2026,Purity Framing,Donation,behavioural,behavioural,0.5338228533084859,1.6486431598593545,1.916825371348039,0.06725948382478569,1.8495658875232532,1.5509443916063652,0.0,0.0,none,1,0,0,v26.Donation.i,,,,
primary (mechanical RULE T-1),voelkel2026,System Preservation Framing,Belief_Post,attitudinal,attitudinal,1.6316432789072337,0.7977201841703777,0.2096693166841619,0.9830519166250069,-0.773382599940845,-0.6458580553924024,0.3333333333333333,0.5,half,3,0,2,v26.Belief.ii,HALF,climate,,"preservation_p5b aftermath of hurricane harvey, houston, texas, 2017 preservation_p5c today, we can already see the consequences of climate change in the united states"
primary (mechanical RULE T-1),voelkel2026,System Preservation Framing,Concern_Post,attitudinal,attitudinal,3.3196330192696024,1.1050669383867537,1.6228074565403865,1.9344942614725003,-0.31168680493211376,-0.06829507316964759,0.5,0.5,half,3,0,3,v26.Concern.i,HALF,climate change,,"preservation_p5b aftermath of hurricane harvey, houston, texas, 2017 preservation_p5c today, we can already see the consequences of climate change in the united states"
primary (mechanical RULE T-1),voelkel2026,System Preservation Framing,Policies_Post,attitudinal,attitudinal,2.3122691813962746,1.0207882498136447,1.2553126370046812,1.5827090995128485,-0.32739646250816734,-0.17857963710773878,0.0,0.0,none,3,0,0,v26.Policies.i,,,,
primary (mechanical RULE T-1),voelkel2026,System Preservation Framing,Intent_Post,intention,attitudinal,5.374064783847395,1.0631926957874602,2.596055909465143,1.4343947145569917,1.1616611949081512,1.2423445546563128,0.0,0.0,none,4,0,0,v26.Intent.i,,,,
primary (mechanical RULE T-1),voelkel2026,System Preservation Framing,PoliciesSp_Post,attitudinal,attitudinal,2.1032137314938595,0.8807382423089523,0.6568611997285074,0.8793489601859491,-0.22248776045744167,-0.22759112044039306,0.0,0.0,none,4,0,0,v26.PoliciesSp.i,,,,
primary (mechanical RULE T-1),voelkel2026,System Preservation Framing,Candidate_Post,attitudinal,attitudinal,1.755823490813647,0.8029732853395694,0.28518293986098797,0.7472913302255632,-0.4621083903645752,-0.3514944242472353,0.0,0.0,none,4,0,0,v26.Candidate.i,,,,
primary (mechanical RULE T-1),voelkel2026,System Preservation Framing,Companies_Post,attitudinal,attitudinal,1.933820956204002,0.9968923654991643,0.6441979672044469,1.1794190213851492,-0.5352210541807023,-0.5173586298427315,0.0,0.0,none,3,0,0,v26.Companies.i,,,,
primary (mechanical RULE T-1),voelkel2026,System Preservation Framing,IntentNp_Post,intention,attitudinal,3.4037987501595874,0.8858827193788861,2.3715440685676796,1.2845576988676541,1.0869863697000255,1.1969909860166237,0.08333333333333333,0.5,half,6,0,1,v26.IntentNp.i,HALF,food,,"for example, the food you eat, the sports you enjoy, the customs you observe, how you spend your free time, or even how you imagine growing old, all are likely impacted by where you live"
primary (mechanical RULE T-1),voelkel2026,System Preservation Framing,Donation,behavioural,behavioural,-1.9370926529570909,1.6418995860601844,-0.5540901349175378,-0.5697950421997651,0.015704907282227287,-0.5150531690301917,0.0,0.0,none,1,0,0,v26.Donation.i,,,,
primary (mechanical RULE T-1),voelkel2026,Warmth Framing,Belief_Post,attitudinal,attitudinal,-0.10003883917276823,0.8262980926773186,-1.52201280139584,-1.1155401150472435,-0.40647268634859657,-0.4512820043330106,0.3333333333333333,0.5,half,3,0,2,v26.Belief.ii,HALF,climate,,the views of the general public about climate change are often overlooked by scientists and the media
primary (mechanical RULE T-1),voelkel2026,Warmth Framing,Concern_Post,attitudinal,attitudinal,-0.5961379262065094,1.110479057287684,-2.292963488935725,-2.1952105626425973,-0.09775292629312782,-0.3598348091613042,0.5,0.5,half,3,0,3,v26.Concern.i,HALF,climate change,,the views of the general public about climate change are often overlooked by scientists and the media
primary (mechanical RULE T-1),voelkel2026,Warmth Framing,Policies_Post,attitudinal,attitudinal,-0.7741911372741725,1.06321904755027,-1.831147681665766,-1.7960144943498189,-0.035133187315947056,-0.16970611530427765,0.0,0.0,none,3,0,0,v26.Policies.i,,,,
primary (mechanical RULE T-1),voelkel2026,Warmth Framing,Intent_Post,intention,attitudinal,1.472586810781884,1.0291771933070302,-1.3054220636003677,-1.6277114339938212,0.3222893703934535,0.11359540173891275,0.0,0.0,none,4,0,0,v26.Intent.i,,,,
primary (mechanical RULE T-1),voelkel2026,Warmth Framing,PoliciesSp_Post,attitudinal,attitudinal,1.1040756422321536,0.8697875014749585,-0.34227688953319846,-0.9978608694241511,0.6555839798909526,0.6475535342492097,0.0,0.0,none,4,0,0,v26.PoliciesSp.i,,,,
primary (mechanical RULE T-1),voelkel2026,Warmth Framing,Candidate_Post,attitudinal,attitudinal,0.17227176422224488,0.7776257799252903,-1.2983687867304141,-0.8480055248309215,-0.4503632618994926,-0.5166465358751821,0.5,0.5,half,4,0,4,v26.Candidate.i,HALF,politician,,"some politicians say that reducing carbon emissions will stop the planet heating up, and most scientists seem to think that"
primary (mechanical RULE T-1),voelkel2026,Warmth Framing,Companies_Post,attitudinal,attitudinal,-0.5342414687818291,1.0193973706531163,-1.8238644577813843,-1.3383720722725336,-0.48549238550885065,-0.44312837435887886,0.0,0.0,none,3,0,0,v26.Companies.i,,,,
primary (mechanical RULE T-1),voelkel2026,Warmth Framing,IntentNp_Post,intention,attitudinal,0.1387835192382596,0.8897890729090021,-0.893471162353648,-1.4576805344109462,0.5642093720572983,0.33628352419055213,0.08333333333333333,0.5,half,6,0,1,v26.IntentNp.iv,HALF,airplane|plane,,"some politicians say that reducing carbon emissions will stop the planet heating up, and most scientists seem to think that"
primary (mechanical RULE T-1),voelkel2026,Warmth Framing,Donation,behavioural,behavioural,-0.3676973858911836,1.6527098134642049,1.0153051321483695,0.6465876483015298,0.36871748384683967,0.8448100180559759,0.0,0.0,none,1,0,0,v26.Donation.i,,,,
primary (mechanical RULE T-1),vlasceanu2024,BindingMoral,Belief,attitudinal,attitudinal,1.1414332126177982,0.47728359667622117,-0.40392805036303514,-0.36978670879507664,-0.034141341567958505,-0.0378108119258247,0.625,1.0,full,4,1,3,vla.Belief4,F1,climate crisis,crisis,i t is the american solution to the climate crisis
primary (mechanical RULE T-1),vlasceanu2024,BindingMoral,Policy,attitudinal,attitudinal,0.8113958770576204,0.3895048172582471,-0.481222417068885,-0.3557166212172161,-0.12550579585166893,-0.12756230624161125,0.16666666666666666,1.0,full,9,1,1,vla.Policy8,F1,water,clean,"using clean energy will help to keep our air, water, and land pure"
primary (mechanical RULE T-1),vlasceanu2024,BindingMoral,SHAREcc,behavioural,behavioural,4.273493931690981,1.132908858339755,-2.399319522113516,-2.902188375805895,0.5028688536923789,0.511970386052433,0.0,0.0,none,1,0,0,vla.SHAREcc,,,,
primary (mechanical RULE T-1),vlasceanu2024,BindingMoral,WEPTcc,behavioural,behavioural,0.9114684792490002,0.8462914532482375,2.941281120294709,2.342783339390225,0.5984977809044838,0.6359367714280342,0.0,0.0,none,1,0,0,vla.WEPTcc,,,,
primary (mechanical RULE T-1),vlasceanu2024,CollectAction,Belief,attitudinal,attitudinal,2.1524551843881454,0.47581321631284124,0.6070939214073121,0.20305774260985052,0.40403617879746156,0.40088627435315943,0.625,1.0,full,4,1,3,vla.Belief4,F1,climate change,emergency,"you will be able to advance the page shortly and protests to prevent climate change can have an impact: for example, margaret klein wanted to see her community take bigger steps to address climate change so she joined an"
primary (mechanical RULE T-1),vlasceanu2024,CollectAction,Policy,attitudinal,attitudinal,2.880039859302215,0.39043691902416444,1.5874215651757098,0.19533155842331576,1.392090006752394,1.3816388369735335,0.2777777777777778,1.0,full,9,1,3,vla.Policy6,F1,forest,protect,"you will be able to advance the page shortly in central america, years of activism by indigenous groups and civil society organizations have succeeded in pushing a number of governments to adopt the five forests initiati"
primary (mechanical RULE T-1),vlasceanu2024,CollectAction,SHAREcc,behavioural,behavioural,9.00823474476627,1.1387530297919632,2.335421290961773,1.5936533309699632,0.7417679599918099,0.7107297988005098,0.0,0.0,none,1,0,0,vla.SHAREcc,,,,
primary (mechanical RULE T-1),vlasceanu2024,CollectAction,WEPTcc,behavioural,behavioural,-2.1222575396396492,0.8499104926822156,-0.09244489859394056,-1.2864721338164014,1.1940272352224608,1.1604684367979217,0.0,0.0,none,1,0,0,vla.WEPTcc,,,,
primary (mechanical RULE T-1),vlasceanu2024,DynamicNorm,Belief,attitudinal,attitudinal,0.7109894123921379,0.48378195074347013,-0.8343718505886955,-0.16642727632443619,-0.6679445742642592,-0.6671768077420728,0.625,1.0,full,4,1,3,vla.Belief3,F1,climate change,taking action,"people in the united states and around the world are changing: more and more people are concerned about climate change , and are now taking action across multiple fronts"
primary (mechanical RULE T-1),vlasceanu2024,DynamicNorm,Policy,attitudinal,attitudinal,1.201757628992226,0.38966592703149255,-0.09086066513427937,-0.160094851990258,0.06923418685597862,0.06613956421727815,0.3888888888888889,1.0,full,9,2,3,vla.Policy1,F1,carbon tax,tax,"creating/raising carbon taxes on fossil fuels, coal, gas, etc"
primary (mechanical RULE T-1),vlasceanu2024,DynamicNorm,SHAREcc,behavioural,behavioural,6.539443882546619,1.135716040480807,-0.13336957125787752,-1.3061672993592601,1.1727977281013826,1.1515101477930365,0.0,0.0,none,1,0,0,vla.SHAREcc,,,,
primary (mechanical RULE T-1),vlasceanu2024,DynamicNorm,WEPTcc,behavioural,behavioural,0.38250648592659253,0.8436869649790849,2.412319126972301,1.0543998497497473,1.357919277222554,1.374188105985962,1.0,1.0,full,1,1,0,vla.WEPTcc,F1,tree,plant,"spending time, effort, and money on initiatives to mitigate climate change (for example, planting trees, offsetting carbon emissions) &bull"
primary (mechanical RULE T-1),vlasceanu2024,FutureSelfCont,Belief,attitudinal,attitudinal,1.926682498993415,0.5109536021046774,0.3813212360125817,0.0922455233624509,0.2890757126501308,0.2866124833406313,0.625,1.0,full,4,1,3,vla.Belief2,F1,climate change,hurricane|wildfire|drought|flood,"as the earth s atmosphere continues to heat up, the effects of climate change will be more apparent: the highest observed temperature records will keep being updated, heatwaves and the droughts will become more common, s"
primary (mechanical RULE T-1),vlasceanu2024,FutureSelfCont,Policy,attitudinal,attitudinal,2.1771552948188884,0.4160954576643243,0.884537000692383,0.08873565521006548,0.7958013454823175,0.7892707378645586,0.2222222222222222,1.0,full,9,1,2,vla.Policy9,F1,meat,increas,"human behaviors like energy production from fossil fuels, excessive meat consumption, and car driving increase the concentrations of greenhouse gases in earth s atmosphere"
primary (mechanical RULE T-1),vlasceanu2024,FutureSelfCont,SHAREcc,behavioural,behavioural,7.7938879678730535,1.198056690834156,1.1210745140685567,0.723968383003712,0.3971061310648447,0.3816757374886261,0.0,0.0,none,1,0,0,vla.SHAREcc,,,,
primary (mechanical RULE T-1),vlasceanu2024,FutureSelfCont,WEPTcc,behavioural,behavioural,-1.9558492747751677,0.8981955773096021,0.07396336627054101,-0.5844214249102267,0.6583847911807678,0.6465030613429243,0.0,0.0,none,1,0,0,vla.WEPTcc,,,,
primary (mechanical RULE T-1),vlasceanu2024,LetterFutureGen,Belief,attitudinal,attitudinal,2.150596668796439,0.5086531212338214,0.6052354058156055,0.41833136417093886,0.18690404164466667,0.19006296385225727,0.5,0.5,half,4,0,4,vla.Belief1,HALF,climate change,,"to confront the complex environmental problems of your time , from habitat loss to water pollution to climate change"
primary (mechanical RULE T-1),vlasceanu2024,LetterFutureGen,Policy,attitudinal,attitudinal,3.027470843946574,0.4134937459495289,1.7348525498200686,0.40241419140496804,1.3324383584151005,1.323924804859868,0.05555555555555555,0.5,half,9,0,1,vla.Policy8,HALF,water,,"to confront the complex environmental problems of your time , from habitat loss to water pollution to climate change"
primary (mechanical RULE T-1),vlasceanu2024,LetterFutureGen,SHAREcc,behavioural,behavioural,10.081020006020841,1.2106893694740248,3.4082065522163445,3.2831802589333243,0.12502629328302017,0.09111604340797957,0.0,0.0,none,1,0,0,vla.SHAREcc,,,,
primary (mechanical RULE T-1),vlasceanu2024,LetterFutureGen,WEPTcc,behavioural,behavioural,-4.293458862196953,0.910627023317112,-2.2636462211512445,-2.650337957028025,0.38669173587678074,0.3374809587764095,0.0,0.0,none,1,0,0,vla.WEPTcc,,,,
primary (mechanical RULE T-1),vlasceanu2024,NegativeEmotions,Belief,attitudinal,attitudinal,0.6358600793523976,0.4899135262537686,-0.9095011836284357,0.5348740974469577,-1.4443752810753934,-1.4295156263796611,1.0,1.0,full,4,4,0,vla.Belief1,F1,climate change,human[- ]caused,"however, one thing is sure… there is no escape escape from human-caused climate change is no longer possible (ipcc, 2022)"
primary (mechanical RULE T-1),vlasceanu2024,NegativeEmotions,Policy,attitudinal,attitudinal,-0.3089756452558987,0.40135976269218193,-1.6015939393824041,0.5145225671858247,-2.116116506568229,-2.100730812609446,0.2222222222222222,0.5,half,9,0,4,vla.Policy1,HALF,gas\b,,"if greenhouse gas emissions continue to rise, we could exceed 1"
primary (mechanical RULE T-1),vlasceanu2024,NegativeEmotions,SHAREcc,behavioural,behavioural,10.605905553256962,1.1403056337416624,3.933092099452465,4.197839866090119,-0.26474776663765365,-0.27794959725652796,0.0,0.0,none,1,0,0,vla.SHAREcc,,,,
primary (mechanical RULE T-1),vlasceanu2024,NegativeEmotions,WEPTcc,behavioural,behavioural,-6.295752620027528,0.8538581585735556,-4.2659399789818195,-3.3886943320738414,-0.8772456469079781,-0.9320504729460157,0.0,0.0,none,1,0,0,vla.WEPTcc,,,,
primary (mechanical RULE T-1),vlasceanu2024,PluralIgnorance,Belief,attitudinal,attitudinal,0.7100843999433124,0.4718402410711766,-0.8352768630375209,-0.46726472398117513,-0.3680121390563458,-0.36770527053578844,0.625,1.0,full,4,1,3,vla.Belief4,F1,climate change,emergency,"you estimated ${q://qid268/choicenumericentryvalue/1}% of americans agree that ""climate change is a global emergency"
primary (mechanical RULE T-1),vlasceanu2024,PluralIgnorance,Policy,attitudinal,attitudinal,0.2755092150193832,0.3811750032316921,-1.0171090791071222,-0.44948567613523616,-0.5676234029718861,-0.5595945125905589,0.0,0.0,none,9,0,0,vla.Policy1,,,,
primary (mechanical RULE T-1),vlasceanu2024,PluralIgnorance,SHAREcc,behavioural,behavioural,1.3425281597357508,1.1344298541738331,-5.330285294068746,-3.6672228019796576,-1.6630624920890886,-1.5939430979102422,0.0,0.0,none,1,0,0,vla.SHAREcc,,,,
primary (mechanical RULE T-1),vlasceanu2024,PluralIgnorance,WEPTcc,behavioural,behavioural,-1.2738950415470796,0.8489117828275395,0.7559175994986291,2.960355211237501,-2.204437611738872,-2.1456987303280557,0.0,0.0,none,1,0,0,vla.WEPTcc,,,,
primary (mechanical RULE T-1),vlasceanu2024,PsychDistance,Belief,attitudinal,attitudinal,3.0722619820575403,0.48681166572642387,1.526900719076707,0.3038707845572446,1.2230299345194624,1.2212202407132786,0.5,0.5,half,4,0,4,vla.Belief1,HALF,climate change,,climate scientists are certain: there is no doubt that humans are the main driver of climate change
primary (mechanical RULE T-1),vlasceanu2024,PsychDistance,Policy,attitudinal,attitudinal,1.0878649767885662,0.4013299869696987,-0.20475331733793922,0.2923087450101635,-0.49706206234810274,-0.487882343564041,0.3333333333333333,1.0,full,9,1,4,vla.Policy9,F1,food,increas,impacted health and wellbeing: increased spread of infectious diseases harm and deaths from heat lack of food and nutrition mental health issues damaged coastal areas with flooding and storms
primary (mechanical RULE T-1),vlasceanu2024,PsychDistance,SHAREcc,behavioural,behavioural,7.740540850502925,1.168415325679075,1.0677273966984284,2.3848619696544224,-1.317134572955994,-1.299312046007479,0.0,0.0,none,1,0,0,vla.SHAREcc,,,,
primary (mechanical RULE T-1),vlasceanu2024,PsychDistance,WEPTcc,behavioural,behavioural,-5.469050455158708,0.8733272806877486,-3.4392378141129996,-1.925173064515583,-1.5140647495974167,-1.5440236457037773,0.0,0.0,none,1,0,0,vla.WEPTcc,,,,
primary (mechanical RULE T-1),vlasceanu2024,SciConsens,Belief,attitudinal,attitudinal,1.2237630340792407,0.477133451264955,-0.3215982289015926,-0.3811083433114606,0.059510114409867976,0.0553687628870501,0.625,1.0,full,4,1,3,vla.Belief1,F1,climate change,human activit,"did you know that 99% of expert climate scientists agree that the earth is warming and climate change is happening, mainly because of human activity (for example, burning fossil fuels)"
primary (mechanical RULE T-1),vlasceanu2024,SciConsens,Policy,attitudinal,attitudinal,0.8239674557909638,0.38411450185133655,-0.46865083833554166,-0.36660747662396387,-0.1020433617115778,-0.10322887503375201,0.05555555555555555,0.5,half,9,0,1,vla.Policy1,HALF,fossil fuel,,"did you know that 99% of expert climate scientists agree that the earth is warming and climate change is happening, mainly because of human activity (for example, burning fossil fuels)"
primary (mechanical RULE T-1),vlasceanu2024,SciConsens,SHAREcc,behavioural,behavioural,3.8806323745806894,1.1263798268885503,-2.7921810792238073,-2.9910436951212818,0.19886261589747445,0.20926756574199076,0.0,0.0,none,1,0,0,vla.SHAREcc,,,,
primary (mechanical RULE T-1),vlasceanu2024,SciConsens,WEPTcc,behavioural,behavioural,0.6249448925586321,0.8384961599855973,2.6547575336043407,2.4145115440249367,0.24024598957940402,0.2850839789279425,0.0,0.0,none,1,0,0,vla.WEPTcc,,,,
primary (mechanical RULE T-1),vlasceanu2024,SystemJust,Belief,attitudinal,attitudinal,1.7294861571879068,0.4763087089677271,0.18412489420707345,-0.1677924597352937,0.3519173539423671,0.3480577914369713,0.625,1.0,full,4,1,3,vla.Belief2,F1,climate change,hurricane|wildfire|drought|flood,"aftermath of hurricane harvey, houston, texas, 2017 today, we can already see the consequences of climate change in the united states"
primary (mechanical RULE T-1),vlasceanu2024,SystemJust,Policy,attitudinal,attitudinal,0.9499974348045157,0.3895244903291256,-0.3426208593219897,-0.161408091267663,-0.1812127680543267,-0.18197509387582808,0.2222222222222222,1.0,full,9,1,2,vla.Policy7,F1,job,invest,"in terms of material wellbeing, where you live affects the job and investment opportunities you have, the affordability of your housing, the taxes you pay, as well as the general state of the economy"
primary (mechanical RULE T-1),vlasceanu2024,SystemJust,SHAREcc,behavioural,behavioural,5.4624470670708805,1.1358535226553501,-1.2103663867336163,-1.3168816363854439,0.10651524965182757,0.11493506188967491,0.0,0.0,none,1,0,0,vla.SHAREcc,,,,
primary (mechanical RULE T-1),vlasceanu2024,SystemJust,WEPTcc,behavioural,behavioural,-0.8067824748462238,0.8459696492243597,1.223030166199485,1.0630489679416653,0.15998119825781965,0.18211153571864966,0.0,0.0,none,1,0,0,vla.WEPTcc,,,,
primary (mechanical RULE T-1),spampatti2023,1,CCB,attitudinal,attitudinal,0.13222733193387626,1.0789341809241493,-0.37033230757699265,0.054961898709155015,-0.42529420628614767,-0.32428617704770124,1.0,1.0,full,1,1,0,sp.CCB,F1,climate change,human[- ]caused|humans are causing|anthropogenic|human activit,"when confronted with such misleading information about the science of climate change and the actions to mitigate it, remember that the ipcc, the most comprehensive review on the scientific agreement behind climate change"
primary (mechanical RULE T-1),spampatti2023,1,MIST_score,attitudinal,attitudinal,0.17370872648220015,0.5571672292422221,-0.714337898926661,-0.4035596103902861,-0.3107782885363749,-0.46507480378129223,0.5,0.5,half,1,0,1,sp.MIST_score,HALF,misleading,,"when confronted with such misleading information about the science of climate change and the actions to mitigate it, remember that the ipcc, the most comprehensive review on the scientific agreement behind climate change"
primary (mechanical RULE T-1),spampatti2023,1,Affect,attitudinal,attitudinal,2.446295627084311,1.0696194959020422,0.6023697007063487,0.5829887565388968,0.01938094416745184,0.18960689557992086,0.5,0.5,half,1,0,1,sp.Affect,HALF,climate action,,"when confronted with such misleading information about the science of climate change and the actions to mitigate it, remember that the ipcc, the most comprehensive review on the scientific agreement behind climate change"
primary (mechanical RULE T-1),spampatti2023,1,WEPT_90,behavioural,behavioural,1.0828429642950637,1.381745029061934,0.4046610601634626,0.5951143178020198,-0.19045325763855725,0.04045531240553265,0.0,0.0,none,1,0,0,sp.WEPT_90,,,,
primary (mechanical RULE T-1),spampatti2023,2,CCB,attitudinal,attitudinal,0.1001862287578481,1.0427685393943238,-0.4023734107530208,-0.04491840933738246,-0.35745500141563835,-0.29003900806508276,0.5,0.5,half,1,0,1,sp.CCB,HALF,climate change,,"when confronted with such misleading information about the science of climate change and the actions to mitigate it, remember that the ipcc is the most authoritative scientific body in the world assessing the knowledge a"
primary (mechanical RULE T-1),spampatti2023,2,MIST_score,attitudinal,attitudinal,1.0443760887905196,0.5386237454386772,0.15632946338165843,0.32981494812379897,-0.17348548474214054,0.052271651494442246,0.5,0.5,half,1,0,1,sp.MIST_score,HALF,misleading,,"when confronted with such misleading information about the science of climate change and the actions to mitigate it, remember that the ipcc is the most authoritative scientific body in the world assessing the knowledge a"
primary (mechanical RULE T-1),spampatti2023,2,Affect,attitudinal,attitudinal,2.0953213507028536,1.05019586037102,0.2513954243248915,-0.47645602172298707,0.7278514460478785,0.2533864995696451,0.5,0.5,half,1,0,1,sp.Affect,HALF,climate action,,"when confronted with such misleading information about the science of climate change and the actions to mitigate it, remember that the ipcc is the most authoritative scientific body in the world assessing the knowledge a"
primary (mechanical RULE T-1),spampatti2023,2,WEPT_90,behavioural,behavioural,-0.6058366019874861,1.3348401289412102,-1.2840185061190872,-0.486365812633681,-0.7976526934854062,-0.4561708366388055,0.0,0.0,none,1,0,0,sp.WEPT_90,,,,
primary (mechanical RULE T-1),spampatti2023,3,CCB,attitudinal,attitudinal,0.7354493772923298,1.0346423589433253,0.23288973778146094,-0.02563202913740041,0.25852176691886136,0.22815279249338732,0.5,0.5,half,1,0,1,sp.CCB,HALF,climate change,,"when confronted with such misleading information about the science of climate change and the actions to mitigate it, remember that the ipcc scientists are open about the fact that climate actions will require substantial"
primary (mechanical RULE T-1),spampatti2023,3,MIST_score,attitudinal,attitudinal,0.952807716635915,0.5489267071060866,0.06476109122705387,0.18820404562331397,-0.1234429543962601,-0.059075445749003835,0.5,0.5,half,1,0,1,sp.MIST_score,HALF,misleading,,"when confronted with such misleading information about the science of climate change and the actions to mitigate it, remember that the ipcc scientists are open about the fact that climate actions will require substantial"
primary (mechanical RULE T-1),spampatti2023,3,Affect,attitudinal,attitudinal,0.6513103277411076,1.0656248825607288,-1.1926155986368545,-0.2718826158728165,-0.920732982764038,-0.620872100333455,1.0,1.0,full,1,1,0,sp.Affect,F1,climate action,quality of life,"you will be able to advance the page shortly they also disclosed that there is some uncertainty about if and how these climate actions may reduce our quality of life, but they still concluded with confidence that limitin"
primary (mechanical RULE T-1),spampatti2023,3,WEPT_90,behavioural,behavioural,1.1950321872521597,1.349998708658631,0.5168502831205586,-0.2775374921944733,0.7943877753150319,0.26441143293730235,0.0,0.0,none,1,0,0,sp.WEPT_90,,,,
primary (mechanical RULE T-1),spampatti2023,4,CCB,attitudinal,attitudinal,1.3143177109440352,1.0269474043188445,0.8117580714331663,0.041387098942579165,0.7703709724905871,0.5927419509366433,0.5,0.5,half,1,0,1,sp.CCB,HALF,climate change,,"when confronted with such misleading information about the science of climate change and the actions to mitigate it, remember that the ipcc scientists provide valuable and authoritative advice about actions that our comm"
primary (mechanical RULE T-1),spampatti2023,4,MIST_score,attitudinal,attitudinal,0.5436610664095198,0.5383713201082047,-0.3443855589993413,-0.30388618145881824,-0.040499377540523074,-0.1802162824575328,0.5,0.5,half,1,0,1,sp.MIST_score,HALF,misleading,,"when confronted with such misleading information about the science of climate change and the actions to mitigate it, remember that the ipcc scientists provide valuable and authoritative advice about actions that our comm"
primary (mechanical RULE T-1),spampatti2023,4,Affect,attitudinal,attitudinal,2.8804406451432167,1.0600611184776976,1.0365147187652546,0.4389989049862915,0.5975158137789631,0.4446107707764527,0.5,0.5,half,1,0,1,sp.Affect,HALF,actions to mitigate,,"when confronted with such misleading information about the science of climate change and the actions to mitigate it, remember that the ipcc scientists provide valuable and authoritative advice about actions that our comm"
primary (mechanical RULE T-1),spampatti2023,4,WEPT_90,behavioural,behavioural,0.4423589632789049,1.3520767333422319,-0.23582294085269617,0.4481296267320376,-0.6839525675847338,-0.18254163275130775,0.0,0.0,none,1,0,0,sp.WEPT_90,,,,
primary (mechanical RULE T-1),spampatti2023,5,CCB,attitudinal,attitudinal,0.40048872916476075,1.0402810160014138,-0.10207091034610816,-0.10008373801182602,-0.001987172334282139,-0.010431944033098585,0.5,0.5,half,1,0,1,sp.CCB,HALF,climate change,,"when confronted with such misleading information about the science of climate change and the actions to mitigate it, remember that it is important to be able to accurately recognize these misinformation to avoid being in"
primary (mechanical RULE T-1),spampatti2023,5,MIST_score,attitudinal,attitudinal,1.854330978862988,0.5477208619371591,0.9662843534541269,0.7348682499523665,0.23141610350176034,0.5887251028730109,1.0,1.0,full,1,1,0,sp.MIST_score,F1,misinformation,recogni[sz]e,"when confronted with such misleading information about the science of climate change and the actions to mitigate it, remember that it is important to be able to accurately recognize these misinformation to avoid being in"
primary (mechanical RULE T-1),spampatti2023,5,Affect,attitudinal,attitudinal,0.6974626765327514,1.0506609351584597,-1.1464632498452108,-1.0616025891325365,-0.08486066071267429,-0.40184687926423557,0.5,0.5,half,1,0,1,sp.Affect,HALF,actions to mitigate,,"when confronted with such misleading information about the science of climate change and the actions to mitigate it, remember that it is important to be able to accurately recognize these misinformation to avoid being in"
primary (mechanical RULE T-1),spampatti2023,5,WEPT_90,behavioural,behavioural,-0.1652576261168326,1.3518498399686867,-0.8434395302484337,-1.0836828215336527,0.24024329128521904,-0.13658652854530048,0.0,0.0,none,1,0,0,sp.WEPT_90,,,,
primary (mechanical RULE T-1),spampatti2023,6,CCB,attitudinal,attitudinal,0.3326884589723633,1.0663826390577684,-0.16987118053850558,0.07428517883487465,-0.24415635937338023,-0.1961376142841487,0.5,0.5,half,1,0,1,sp.CCB,HALF,climate change,,"when confronted with such misleading information about the science of climate change and the actions to mitigate it, remember that climate actions are vital actions that will keep our planet livable for the next generati"
primary (mechanical RULE T-1),spampatti2023,6,MIST_score,attitudinal,attitudinal,0.759395175272024,0.5543146152723353,-0.1286514501368371,-0.5454414518503746,0.41679000171353753,0.06336977762037599,0.5,0.5,half,1,0,1,sp.MIST_score,HALF,misleading,,"when confronted with such misleading information about the science of climate change and the actions to mitigate it, remember that climate actions are vital actions that will keep our planet livable for the next generati"
primary (mechanical RULE T-1),spampatti2023,6,Affect,attitudinal,attitudinal,2.292724931063532,1.0490088221371447,0.44879900468556966,0.7879535652031511,-0.3391545605175814,0.1351148136716707,1.0,1.0,full,1,1,0,sp.Affect,F1,climate action,feel,"when you evaluate the information you see on any media about climate change, imagine the positive changes you can create with climate action, and think about how good you will feel when doing so"
primary (mechanical RULE T-1),spampatti2023,6,WEPT_90,behavioural,behavioural,2.1199515380677965,1.3846379170020255,1.4417696339361954,0.8043421818277489,0.6374274521084465,0.47043225259257854,0.0,0.0,none,1,0,0,sp.WEPT_90,,,,
primary (mechanical RULE T-1),koetke2024_S5,Personal Humility,IH_AVG,attitudinal,attitudinal,6.652734890427514,1.3833253942397896,1.6446080998894956,0.3143722345999504,1.3302358652895452,0.9785295644812696,1.0,1.0,full,1,1,0,kt.IH,F1,\bi\b,other (studies|research),"my thinking has evolved based on evidence that has continued to emerge from other researchers, and i am excited to continue to learn more about this issue"
primary (mechanical RULE T-1),koetke2024_S5,Personal Humility,Expertise,attitudinal,attitudinal,0.8946830265848712,1.375354035515385,-0.4670739537874594,-0.7783238103692242,0.31124985658176474,0.00011161899437802145,1.0,1.0,full,1,1,0,kt.METI_expert,F1,\bi\b,randomly (separated|assigned),i ran a study where i randomly separated participants into two groups
primary (mechanical RULE T-1),koetke2024_S5,Personal Humility,Integrity,attitudinal,attitudinal,3.467754002693398,1.7303303022411638,0.09112007934515276,-0.5866741671867204,0.6777942465318731,0.32307646638254894,0.5,0.5,half,1,0,1,kt.METI_integ,HALF,\bi\b,,"i wanted to see if this is true or if we are better off without it, at least some of the time"
primary (mechanical RULE T-1),koetke2024_S5,Personal Humility,Benevolence,attitudinal,attitudinal,2.0260258200741474,1.7832705803781816,-1.0593957547776598,-1.4875167412617851,0.42812098648412533,-0.06776878471786506,0.5,0.5,half,1,0,1,kt.METI_integ,HALF,\bi\b,,"i wanted to see if this is true or if we are better off without it, at least some of the time"
primary (mechanical RULE T-1),koetke2024_S5,Personal Humility,BelRes,attitudinal,attitudinal,-1.161529253329352,1.780125388913155,4.074698689961714,3.189903128642533,0.8847955613191814,1.183494321923667,1.0,1.0,full,1,1,0,kt.BelRes,F1,social media,happier,"i found that participants who took a break from social media reported feeling happier, less stressed, and more socially connected than those who did not take a break"
primary (mechanical RULE T-1),koetke2024_S5,Personal Humility,BehavFollow,behavioural,behavioural,-10.18255274577286,5.2660778481357555,-2.4762124349006314,-3.1080724396923114,0.63186000479168,0.22376876282977468,0.5,0.5,half,1,0,1,kt.Behav,HALF,learn more,,"my thinking has evolved based on evidence that has continued to emerge from other researchers, and i am excited to continue to learn more about this issue"
primary (mechanical RULE T-1),koetke2024_S5,Limits of Method,IH_AVG,attitudinal,attitudinal,2.844223807217894,1.4651837868955553,-2.163902983320124,0.0458644263948628,-2.209767409714987,-1.5398234884380826,0.5,0.5,half,1,0,1,kt.IH,HALF,\bi\b,,"i wanted to see if this is true or if we are better off without it, at least some of the time"
primary (mechanical RULE T-1),koetke2024_S5,Limits of Method,Expertise,attitudinal,attitudinal,0.7311621966794432,1.3610486617412867,-0.6305947836928875,-0.11355129742127062,-0.5170434862716169,-0.32375173982515176,1.0,1.0,full,1,1,0,kt.METI_expert,F1,\bi\b,randomly (separated|assigned),i ran a study where i randomly separated participants into two groups
primary (mechanical RULE T-1),koetke2024_S5,Limits of Method,Integrity,attitudinal,attitudinal,2.165101392393224,1.7386873005009988,-1.2115325309550213,-0.08559112795995953,-1.1259414029950618,-0.7277830465338596,0.5,0.5,half,1,0,1,kt.METI_integ,HALF,\bi\b,,"i wanted to see if this is true or if we are better off without it, at least some of the time"
primary (mechanical RULE T-1),koetke2024_S5,Limits of Method,Benevolence,attitudinal,attitudinal,2.1572166152696117,1.7488918210453392,-0.9282049595821955,-0.21701694546130915,-0.7111880141208864,-0.4465062849298046,0.5,0.5,half,1,0,1,kt.METI_integ,HALF,\bi\b,,"i wanted to see if this is true or if we are better off without it, at least some of the time"
primary (mechanical RULE T-1),koetke2024_S5,Limits of Method,BelRes,attitudinal,attitudinal,-6.240655078964593,1.8551207612364589,-1.0044271356735273,0.4653816754413562,-1.4698088111148835,-0.8098701227144115,1.0,1.0,full,1,1,0,kt.BelRes,F1,social media,happier,"i found that participants who took a break from social media reported feeling happier, less stressed, and more socially connected than those who did not take a break"
primary (mechanical RULE T-1),koetke2024_S5,Limits of Method,BehavFollow,behavioural,behavioural,-9.209419680403702,5.208187527785615,-1.5030793695314735,-0.4534432241497709,-1.0496361453817027,-0.46575632072027007,0.0,0.0,none,1,0,0,kt.Behav,,,,
primary (mechanical RULE T-1),koetke2024_S5,Limits of Results,IH_AVG,attitudinal,attitudinal,5.527421673968647,1.3908654706466508,0.5192948834306286,-0.36023666099481316,0.8795315444254417,0.5612939239568105,1.0,1.0,full,1,1,0,kt.IH,F1,\bi\b,inconsistent,"this finding is inconsistent with another study on this topic, and i believe it is important for the field to consider these discrepant findings together"
primary (mechanical RULE T-1),koetke2024_S5,Limits of Results,Expertise,attitudinal,attitudinal,2.4594257178526777,1.268100270427913,1.097668737480347,0.8918751077904947,0.20579362968985238,0.32364012083077365,1.0,1.0,full,1,1,0,kt.METI_expert,F1,\bi\b,randomly (separated|assigned),i ran a study where i randomly separated participants into two groups
primary (mechanical RULE T-1),koetke2024_S5,Limits of Results,Integrity,attitudinal,attitudinal,4.4970463749581135,1.5881086929777972,1.1204124516098681,0.6722652951466799,0.44814715646318826,0.40470658015131133,1.0,1.0,full,1,1,0,kt.METI_integ,F1,\bi\b,cautious,i am also cautious not to generalize beyond the conditions under which i studied these effects
primary (mechanical RULE T-1),koetke2024_S5,Limits of Results,Benevolence,attitudinal,attitudinal,5.073022289211663,1.6117042237224457,1.9876007143598562,1.7045336867230942,0.28306702763676195,0.5142750696476704,1.0,1.0,full,1,1,0,kt.METI_integ,F1,\bi\b,cautious,i am also cautious not to generalize beyond the conditions under which i studied these effects
primary (mechanical RULE T-1),koetke2024_S5,Limits of Results,BelRes,attitudinal,attitudinal,-8.306499497579253,1.8382196003684022,-3.070271554288187,-3.6552848040838892,0.5850132497957024,-0.37362419920925516,1.0,1.0,full,1,1,0,kt.BelRes,F1,social media,happier,"i found that participants who took a break from social media reported feeling happier, less stressed, and more socially connected than others"
primary (mechanical RULE T-1),koetke2024_S5,Limits of Results,BehavFollow,behavioural,behavioural,-3.7270485064401226,5.2773753138179265,3.9792918044321057,3.561515663842082,0.41777614059002355,0.2419875578904956,0.0,0.0,none,1,0,0,kt.Behav,,,,
"primary set, ZERO CONTRAST (rule never fires: no arm names an occupation)",gligoric2025,Co-benefit,occ_anthropologists,attitudinal,attitudinal,-2.0557735721670114,2.586992686599316,-1.8696693130472248,-1.4892224653847397,-0.38044684766248515,,0.0,0.0,none,1,0,0,gl.anthropologists,,,,
"primary set, ZERO CONTRAST (rule never fires: no arm names an occupation)",gligoric2025,Co-benefit,occ_archaeologists,attitudinal,attitudinal,-2.1219859634493687,2.5274270421290277,-1.1119764574203443,-0.3191407701265462,-0.7928356872937982,,0.0,0.0,none,1,0,0,gl.archaeologists,,,,
"primary set, ZERO CONTRAST (rule never fires: no arm names an occupation)",gligoric2025,Co-benefit,occ_astronomers,attitudinal,attitudinal,-1.4061560849071508,2.6991373663978333,1.0539165531836288,-0.6484485927382815,1.7023651459219102,,0.0,0.0,none,1,0,0,gl.astronomers,,,,
"primary set, ZERO CONTRAST (rule never fires: no arm names an occupation)",gligoric2025,Co-benefit,occ_astrophysicists,attitudinal,attitudinal,-5.104979561501303,2.6452805051561215,-3.755054866172986,-2.6490467498594588,-1.1060081163135274,,0.0,0.0,none,1,0,0,gl.astrophysicists,,,,
"primary set, ZERO CONTRAST (rule never fires: no arm names an occupation)",gligoric2025,Co-benefit,occ_biochemists,attitudinal,attitudinal,-1.6749809464421912,2.365907794553022,1.3951257942859472,0.874644385817627,0.5204814084683201,,0.0,0.0,none,1,0,0,gl.biochemists,,,,
"primary set, ZERO CONTRAST (rule never fires: no arm names an occupation)",gligoric2025,Co-benefit,occ_biologists,attitudinal,attitudinal,-3.786674975333648,2.549603113885212,0.430857831141112,-0.5132936764656831,0.9441515076067951,,0.0,0.0,none,1,0,0,gl.biologists,,,,
"primary set, ZERO CONTRAST (rule never fires: no arm names an occupation)",gligoric2025,Co-benefit,occ_botanists,attitudinal,attitudinal,-1.0246498599439786,2.548884147039694,1.0813864823598192,0.9088574004079608,0.17252908195185834,,0.0,0.0,none,1,0,0,gl.botanists,,,,
"primary set, ZERO CONTRAST (rule never fires: no arm names an occupation)",gligoric2025,Co-benefit,occ_chemists,attitudinal,attitudinal,0.43261336364784536,2.550860819485558,1.7077142051245087,-0.9169176616428714,2.62463186676738,,0.0,0.0,none,1,0,0,gl.chemists,,,,
"primary set, ZERO CONTRAST (rule never fires: no arm names an occupation)",gligoric2025,Co-benefit,occ_climatologists,attitudinal,attitudinal,-9.050179211469533,3.0479523351467956,-2.47926751310281,-0.3267890380887889,-2.1524784750140213,,0.0,0.0,none,1,0,0,gl.climatologists,,,,
"primary set, ZERO CONTRAST (rule never fires: no arm names an occupation)",gligoric2025,Co-benefit,occ_computer scientists,attitudinal,attitudinal,-2.1310116086235453,2.2790500078257296,-0.7987792546788932,-0.7542499859155749,-0.04452926876331831,,0.0,0.0,none,1,0,0,gl.computer scientists,,,,
"primary set, ZERO CONTRAST (rule never fires: no arm names an occupation)",gligoric2025,Co-benefit,occ_data scientists,attitudinal,attitudinal,-0.0973686710363797,2.5382247944126313,2.362868231965954,0.7938750236032269,1.5689932083627274,,0.0,0.0,none,1,0,0,gl.data scientists,,,,
"primary set, ZERO CONTRAST (rule never fires: no arm names an occupation)",gligoric2025,Co-benefit,occ_ecologists,attitudinal,attitudinal,-7.681550143382203,2.5506998745093594,-3.424125613661605,-1.8711613072384383,-1.5529643064231669,,0.0,0.0,none,1,0,0,gl.ecologists,,,,
"primary set, ZERO CONTRAST (rule never fires: no arm names an occupation)",gligoric2025,Co-benefit,occ_environmental scient,attitudinal,attitudinal,-6.823486720803419,3.159339266988753,1.2479914641341034,-0.044312210607455174,1.2923036747415586,,0.0,0.0,none,1,0,0,gl.environmental scient,,,,
"primary set, ZERO CONTRAST (rule never fires: no arm names an occupation)",gligoric2025,Co-benefit,occ_epidemiologists,attitudinal,attitudinal,0.28895338664691,2.557098146566268,2.132825784216467,0.449378516610192,1.6834472676062748,,0.0,0.0,none,1,0,0,gl.epidemiologists,,,,
"primary set, ZERO CONTRAST (rule never fires: no arm names an occupation)",gligoric2025,Co-benefit,occ_food scientists,attitudinal,attitudinal,-7.443576388888883,2.8554619961961993,-1.158634578537339,-0.7738247457847627,-0.3848098327525764,,0.0,0.0,none,1,0,0,gl.food scientists,,,,
"primary set, ZERO CONTRAST (rule never fires: no arm names an occupation)",gligoric2025,Co-benefit,occ_geneticists,attitudinal,attitudinal,-1.2266975755819587,2.8679073945320406,-1.8071511249995087,-0.5174672338774409,-1.2896838911220678,,0.0,0.0,none,1,0,0,gl.geneticists,,,,
"primary set, ZERO CONTRAST (rule never fires: no arm names an occupation)",gligoric2025,Co-benefit,occ_geologists,attitudinal,attitudinal,-4.842185761957725,2.2948358547341394,-0.8931326413450802,-1.2210923925151738,0.32795975117009357,,0.0,0.0,none,1,0,0,gl.geologists,,,,
"primary set, ZERO CONTRAST (rule never fires: no arm names an occupation)",gligoric2025,Co-benefit,occ_hydrologist,attitudinal,attitudinal,-2.008961248091682,2.5351122175001826,0.8393382707643999,-0.9130195144632056,1.7523577852276055,,0.0,0.0,none,1,0,0,gl.hydrologist,,,,
"primary set, ZERO CONTRAST (rule never fires: no arm names an occupation)",gligoric2025,Co-benefit,occ_marine biologists,attitudinal,attitudinal,-1.2630973918287491,2.219086189066734,-0.7172372040842964,0.645184845060701,-1.3624220491449974,,0.0,0.0,none,1,0,0,gl.marine biologists,,,,
"primary set, ZERO CONTRAST (rule never fires: no arm names an occupation)",gligoric2025,Co-benefit,occ_mathematicians,attitudinal,attitudinal,-5.7857506714828295,2.67957302239684,-2.2172492327636504,-0.049026301871564565,-2.1682229308920857,,0.0,0.0,none,1,0,0,gl.mathematicians,,,,
"primary set, ZERO CONTRAST (rule never fires: no arm names an occupation)",gligoric2025,Co-benefit,occ_medical researchers,attitudinal,attitudinal,-7.425112118553183,2.7968952811358805,-4.418887321012335,-2.0147506308272085,-2.404136690185126,,0.0,0.0,none,1,0,0,gl.medical researchers,,,,
"primary set, ZERO CONTRAST (rule never fires: no arm names an occupation)",gligoric2025,Co-benefit,occ_meteorologists,attitudinal,attitudinal,0.8136767472866957,2.6618302980902517,2.3856828962056857,1.8962777465335308,0.489405149672155,,0.0,0.0,none,1,0,0,gl.meteorologists,,,,
"primary set, ZERO CONTRAST (rule never fires: no arm names an occupation)",gligoric2025,Co-benefit,occ_microbiologists,attitudinal,attitudinal,-0.40195286689671167,2.290706614005792,0.4229586165212644,0.22637645312093133,0.19658216340033305,,0.0,0.0,none,1,0,0,gl.microbiologists,,,,
"primary set, ZERO CONTRAST (rule never fires: no arm names an occupation)",gligoric2025,Co-benefit,occ_neuroscientists,attitudinal,attitudinal,-0.17471661473151082,2.567285853814445,-0.6457938945034176,-0.9502551652827609,0.30446127077934326,,0.0,0.0,none,1,0,0,gl.neuroscientists,,,,
"primary set, ZERO CONTRAST (rule never fires: no arm names an occupation)",gligoric2025,Co-benefit,occ_nuclear physicists,attitudinal,attitudinal,0.20636383455219232,2.586931255842058,0.08163459156868966,0.46572476929606665,-0.38409017772737697,,0.0,0.0,none,1,0,0,gl.nuclear physicists,,,,
"primary set, ZERO CONTRAST (rule never fires: no arm names an occupation)",gligoric2025,Co-benefit,occ_nuclear scientists,attitudinal,attitudinal,-1.0748002904865661,2.5391663668298725,-0.6238085216449255,0.6872369963965443,-1.3110455180414697,,0.0,0.0,none,1,0,0,gl.nuclear scientists,,,,
"primary set, ZERO CONTRAST (rule never fires: no arm names an occupation)",gligoric2025,Co-benefit,occ_oceanographers,attitudinal,attitudinal,-4.518721379186497,2.4939782832405974,-2.8305202608746693,-1.7604266528162948,-1.0700936080583745,,0.0,0.0,none,1,0,0,gl.oceanographers,,,,
"primary set, ZERO CONTRAST (rule never fires: no arm names an occupation)",gligoric2025,Co-benefit,occ_paleontologists,attitudinal,attitudinal,-3.8938638731660666,2.4138379398633125,-1.1687703077242992,-1.5517610348503759,0.3829907271260766,,0.0,0.0,none,1,0,0,gl.paleontologists,,,,
"primary set, ZERO CONTRAST (rule never fires: no arm names an occupation)",gligoric2025,Co-benefit,occ_physicists,attitudinal,attitudinal,-1.1058472606044756,2.4735590524109488,0.09551787221453156,-0.02299598351997902,0.11851385573451058,,0.0,0.0,none,1,0,0,gl.physicists,,,,
"primary set, ZERO CONTRAST (rule never fires: no arm names an occupation)",gligoric2025,Co-benefit,occ_psychologists,attitudinal,attitudinal,-4.879743361010084,2.9429093849597976,-0.4277842363950999,-0.949331733253529,0.5215474968584292,,0.0,0.0,none,1,0,0,gl.psychologists,,,,
"primary set, ZERO CONTRAST (rule never fires: no arm names an occupation)",gligoric2025,Co-benefit,occ_rocket scientists,attitudinal,attitudinal,-3.3258330654666324,2.71836568257749,-2.059230459172605,-0.3665066126749557,-1.6927238464976495,,0.0,0.0,none,1,0,0,gl.rocket scientists,,,,
"primary set, ZERO CONTRAST (rule never fires: no arm names an occupation)",gligoric2025,Co-benefit,occ_sociologists,attitudinal,attitudinal,-1.963625672043016,2.830076916327072,1.6115338333780882,1.2128591208953354,0.39867471248275277,,0.0,0.0,none,1,0,0,gl.sociologists,,,,
"primary set, ZERO CONTRAST (rule never fires: no arm names an occupation)",gligoric2025,Co-benefit,occ_statisticians,attitudinal,attitudinal,-2.613607122639087,2.51748764393342,-1.2069922075573054,2.460576362969738,-3.6675685705270435,,0.0,0.0,none,1,0,0,gl.statisticians,,,,
"primary set, ZERO CONTRAST (rule never fires: no arm names an occupation)",gligoric2025,Co-benefit,occ_virologists,attitudinal,attitudinal,-4.748747421161219,2.9551423004554134,-1.1870291763902308,-0.3867037360764057,-0.8003254403138251,,0.0,0.0,none,1,0,0,gl.virologists,,,,
"primary set, ZERO CONTRAST (rule never fires: no arm names an occupation)",gligoric2025,Co-benefit,occ_zoologists,attitudinal,attitudinal,-1.7976474777945395,2.3468969683026075,0.4224693200822305,-1.1373051076589806,1.5597744277412111,,0.0,0.0,none,1,0,0,gl.zoologists,,,,
"primary set, ZERO CONTRAST (rule never fires: no arm names an occupation)",gligoric2025,ConservativeScientists,occ_anthropologists,attitudinal,attitudinal,0.6628056628056692,2.348287976359982,0.8489099219254559,-0.7693966028151402,1.618306524740596,,0.0,0.0,none,1,0,0,gl.anthropologists,,,,
"primary set, ZERO CONTRAST (rule never fires: no arm names an occupation)",gligoric2025,ConservativeScientists,occ_archaeologists,attitudinal,attitudinal,-0.3671722958840255,2.205671299686828,0.6428372101449988,-0.1648818964678562,0.8077191066128551,,0.0,0.0,none,1,0,0,gl.archaeologists,,,,
"primary set, ZERO CONTRAST (rule never fires: no arm names an occupation)",gligoric2025,ConservativeScientists,occ_astronomers,attitudinal,attitudinal,-5.735723277637902,2.57646223668745,-3.2756506395471225,-0.3350165310756295,-2.940634108471493,,0.0,0.0,none,1,0,0,gl.astronomers,,,,
"primary set, ZERO CONTRAST (rule never fires: no arm names an occupation)",gligoric2025,ConservativeScientists,occ_astrophysicists,attitudinal,attitudinal,-2.2628555415440696,2.7981681395513935,-0.9129308462157522,-1.3686118880256062,0.455681041809854,,0.0,0.0,none,1,0,0,gl.astrophysicists,,,,
"primary set, ZERO CONTRAST (rule never fires: no arm names an occupation)",gligoric2025,ConservativeScientists,occ_biochemists,attitudinal,attitudinal,-3.7216390257322964,2.382786235755339,-0.651532285004158,0.4518790407486643,-1.1034113257528224,,0.0,0.0,none,1,0,0,gl.biochemists,,,,
"primary set, ZERO CONTRAST (rule never fires: no arm names an occupation)",gligoric2025,ConservativeScientists,occ_biologists,attitudinal,attitudinal,-5.208083233293322,2.427391109831816,-0.9905504268185616,-0.26518966782921943,-0.7253607589893423,,0.0,0.0,none,1,0,0,gl.biologists,,,,
"primary set, ZERO CONTRAST (rule never fires: no arm names an occupation)",gligoric2025,ConservativeScientists,occ_botanists,attitudinal,attitudinal,-2.049880095923262,2.513616985211856,0.056156246380535624,0.4695549607738615,-0.4133987143933259,,0.0,0.0,none,1,0,0,gl.botanists,,,,
"primary set, ZERO CONTRAST (rule never fires: no arm names an occupation)",gligoric2025,ConservativeScientists,occ_chemists,attitudinal,attitudinal,-4.570101814196311,2.622292662884879,-3.295000972719647,-0.4737192396214416,-2.821281733098205,,0.0,0.0,none,1,0,0,gl.chemists,,,,
"primary set, ZERO CONTRAST (rule never fires: no arm names an occupation)",gligoric2025,ConservativeScientists,occ_climatologists,attitudinal,attitudinal,-7.66129032258065,3.1919408580649127,-1.090378624213927,-0.16883332180849472,-0.9215453024054323,,0.0,0.0,none,1,0,0,gl.climatologists,,,,
"primary set, ZERO CONTRAST (rule never fires: no arm names an occupation)",gligoric2025,ConservativeScientists,occ_computer scientists,attitudinal,attitudinal,0.6018518518518571,2.4870815248533837,1.934084205796509,-0.3896780973465144,2.3237623031430235,,0.0,0.0,none,1,0,0,gl.computer scientists,,,,
"primary set, ZERO CONTRAST (rule never fires: no arm names an occupation)",gligoric2025,ConservativeScientists,occ_data scientists,attitudinal,attitudinal,-1.38351995023549,2.5396593023827005,1.0767169527668439,0.41015010209526426,0.6665668506715796,,0.0,0.0,none,1,0,0,gl.data scientists,,,,
"primary set, ZERO CONTRAST (rule never fires: no arm names an occupation)",gligoric2025,ConservativeScientists,occ_ecologists,attitudinal,attitudinal,-2.0598570216890857,2.5647439138481696,2.197567508031512,-0.9667226936013585,3.1642902016328702,,0.0,0.0,none,1,0,0,gl.ecologists,,,,
"primary set, ZERO CONTRAST (rule never fires: no arm names an occupation)",gligoric2025,ConservativeScientists,occ_environmental scient,attitudinal,attitudinal,-9.459048710800788,2.9673774941758584,-1.387570525863266,-0.022893600584917954,-1.3646769252783482,,0.0,0.0,none,1,0,0,gl.environmental scient,,,,
"primary set, ZERO CONTRAST (rule never fires: no arm names an occupation)",gligoric2025,ConservativeScientists,occ_epidemiologists,attitudinal,attitudinal,-1.6979677147698287,2.62872221828662,0.14590468279972835,0.23216833756846694,-0.0862636547687386,,0.0,0.0,none,1,0,0,gl.epidemiologists,,,,
"primary set, ZERO CONTRAST (rule never fires: no arm names an occupation)",gligoric2025,ConservativeScientists,occ_food scientists,attitudinal,attitudinal,-7.331569220430101,2.912681773743115,-1.0466274100785569,-0.3997912631725377,-0.6468361469060191,,0.0,0.0,none,1,0,0,gl.food scientists,,,,
"primary set, ZERO CONTRAST (rule never fires: no arm names an occupation)",gligoric2025,ConservativeScientists,occ_geneticists,attitudinal,attitudinal,-0.4882721241005565,2.4339400123858432,-1.0687256735181065,-0.26734590772547345,-0.8013797657926331,,0.0,0.0,none,1,0,0,gl.geneticists,,,,
"primary set, ZERO CONTRAST (rule never fires: no arm names an occupation)",gligoric2025,ConservativeScientists,occ_geologists,attitudinal,attitudinal,-5.432727355567702,2.3953279708088258,-1.4836742349550573,-0.6308690342526267,-0.8528052007024306,,0.0,0.0,none,1,0,0,gl.geologists,,,,
"primary set, ZERO CONTRAST (rule never fires: no arm names an occupation)",gligoric2025,ConservativeScientists,occ_hydrologist,attitudinal,attitudinal,-4.240453144937906,2.569466763613172,-1.3921536260818237,-0.4717052885382275,-0.9204483375435961,,0.0,0.0,none,1,0,0,gl.hydrologist,,,,
"primary set, ZERO CONTRAST (rule never fires: no arm names an occupation)",gligoric2025,ConservativeScientists,occ_marine biologists,attitudinal,attitudinal,1.451135183611818,2.2961150980806586,1.9969953713562707,0.33333033815687874,1.663665033199392,,0.0,0.0,none,1,0,0,gl.marine biologists,,,,
"primary set, ZERO CONTRAST (rule never fires: no arm names an occupation)",gligoric2025,ConservativeScientists,occ_mathematicians,attitudinal,attitudinal,-1.1564143812879883,2.29270094439677,2.412087057431191,-0.02532910359959297,2.437416161030784,,0.0,0.0,none,1,0,0,gl.mathematicians,,,,
"primary set, ZERO CONTRAST (rule never fires: no arm names an occupation)",gligoric2025,ConservativeScientists,occ_medical researchers,attitudinal,attitudinal,-1.1662089846500596,2.43119145931092,1.8400158128907884,-1.040907135709665,2.8809229486004533,,0.0,0.0,none,1,0,0,gl.medical researchers,,,,
"primary set, ZERO CONTRAST (rule never fires: no arm names an occupation)",gligoric2025,ConservativeScientists,occ_meteorologists,attitudinal,attitudinal,0.6198261803018005,2.6073162138574286,2.191832329220791,0.9796989302064546,1.2121333990143364,,0.0,0.0,none,1,0,0,gl.meteorologists,,,,
"primary set, ZERO CONTRAST (rule never fires: no arm names an occupation)",gligoric2025,ConservativeScientists,occ_microbiologists,attitudinal,attitudinal,0.5973483210837275,2.2237639419132815,1.4222598045017034,0.1169558464480912,1.3053039580536123,,0.0,0.0,none,1,0,0,gl.microbiologists,,,,
"primary set, ZERO CONTRAST (rule never fires: no arm names an occupation)",gligoric2025,ConservativeScientists,occ_neuroscientists,attitudinal,attitudinal,1.280613058912694,2.360440481392385,0.8095357791407872,-0.49094283290120166,1.300478612041989,,0.0,0.0,none,1,0,0,gl.neuroscientists,,,,
"primary set, ZERO CONTRAST (rule never fires: no arm names an occupation)",gligoric2025,ConservativeScientists,occ_nuclear physicists,attitudinal,attitudinal,-0.12130920263788703,2.7196066031007495,-0.24603844562138968,0.24061351723611357,-0.48665196285750323,,0.0,0.0,none,1,0,0,gl.nuclear physicists,,,,
"primary set, ZERO CONTRAST (rule never fires: no arm names an occupation)",gligoric2025,ConservativeScientists,occ_nuclear scientists,attitudinal,attitudinal,-0.10398098633392176,2.5683623339156503,0.34701078250771883,0.35505629457434873,-0.0080455120666299,,0.0,0.0,none,1,0,0,gl.nuclear scientists,,,,
"primary set, ZERO CONTRAST (rule never fires: no arm names an occupation)",gligoric2025,ConservativeScientists,occ_oceanographers,attitudinal,attitudinal,-3.0951178147439715,2.5247736427018697,-1.4069166964321442,-0.909512391644025,-0.49740430478811926,,0.0,0.0,none,1,0,0,gl.oceanographers,,,,
"primary set, ZERO CONTRAST (rule never fires: no arm names an occupation)",gligoric2025,ConservativeScientists,occ_paleontologists,attitudinal,attitudinal,-4.67338620841596,2.564189234521786,-1.9482926429741925,-0.8017067270646748,-1.1465859159095175,,0.0,0.0,none,1,0,0,gl.paleontologists,,,,
"primary set, ZERO CONTRAST (rule never fires: no arm names an occupation)",gligoric2025,ConservativeScientists,occ_physicists,attitudinal,attitudinal,-0.5894279853060495,2.3568635642892786,0.6119371475129577,-0.01188071762944687,0.6238178651424046,,0.0,0.0,none,1,0,0,gl.physicists,,,,
"primary set, ZERO CONTRAST (rule never fires: no arm names an occupation)",gligoric2025,ConservativeScientists,occ_psychologists,attitudinal,attitudinal,-5.796834744203153,2.8995990957798057,-1.3448756195881684,-0.4904657480581133,-0.854409871530055,,0.0,0.0,none,1,0,0,gl.psychologists,,,,
"primary set, ZERO CONTRAST (rule never fires: no arm names an occupation)",gligoric2025,ConservativeScientists,occ_rocket scientists,attitudinal,attitudinal,0.9816490698843605,2.4180729663643103,2.2482516761783877,-0.18935313511305626,2.437604811291444,,0.0,0.0,none,1,0,0,gl.rocket scientists,,,,
"primary set, ZERO CONTRAST (rule never fires: no arm names an occupation)",gligoric2025,ConservativeScientists,occ_sociologists,attitudinal,attitudinal,-3.7195373204615003,2.759950164625022,-0.14437781504039604,0.626615370772791,-0.770993185813187,,0.0,0.0,none,1,0,0,gl.sociologists,,,,
"primary set, ZERO CONTRAST (rule never fires: no arm names an occupation)",gligoric2025,ConservativeScientists,occ_statisticians,attitudinal,attitudinal,1.7965885541208297,2.3757764306147107,3.2032034692026112,1.2712399514783397,1.9319635177242716,,0.0,0.0,none,1,0,0,gl.statisticians,,,,
"primary set, ZERO CONTRAST (rule never fires: no arm names an occupation)",gligoric2025,ConservativeScientists,occ_virologists,attitudinal,attitudinal,-4.997387669801467,3.019399171715748,-1.4356694250304796,-0.19978784080204084,-1.2358815842284387,,0.0,0.0,none,1,0,0,gl.virologists,,,,
"primary set, ZERO CONTRAST (rule never fires: no arm names an occupation)",gligoric2025,ConservativeScientists,occ_zoologists,attitudinal,attitudinal,-3.9013928742228643,2.4180730377160264,-1.6812760763460943,-0.5875809065041611,-1.0936951698419333,,0.0,0.0,none,1,0,0,gl.zoologists,,,,
"primary set, ZERO CONTRAST (rule never fires: no arm names an occupation)",gligoric2025,Norms,occ_anthropologists,attitudinal,attitudinal,3.0346005346005325,2.534821092296777,3.2207047937203193,2.6912594835186403,0.529445310201679,,0.0,0.0,none,1,0,0,gl.anthropologists,,,,
"primary set, ZERO CONTRAST (rule never fires: no arm names an occupation)",gligoric2025,Norms,occ_archaeologists,attitudinal,attitudinal,-0.2879403794037838,2.3883530049657278,0.7220691266252406,0.5767376225812011,0.1453315040440395,,0.0,0.0,none,1,0,0,gl.archaeologists,,,,
"primary set, ZERO CONTRAST (rule never fires: no arm names an occupation)",gligoric2025,Norms,occ_astronomers,attitudinal,attitudinal,-0.6516177176056607,2.388088638298462,1.808454920485119,1.1718487098771775,0.6366062106079415,,0.0,0.0,none,1,0,0,gl.astronomers,,,,
"primary set, ZERO CONTRAST (rule never fires: no arm names an occupation)",gligoric2025,Norms,occ_astrophysicists,attitudinal,attitudinal,2.939477939477945,2.3591529388841335,4.289402634806263,4.787244588068753,-0.4978419532624905,,0.0,0.0,none,1,0,0,gl.astrophysicists,,,,
"primary set, ZERO CONTRAST (rule never fires: no arm names an occupation)",gligoric2025,Norms,occ_biochemists,attitudinal,attitudinal,-4.1101485618754525,2.792557360595249,-1.0400418211473141,-1.5806201240926743,0.5405783029453601,,0.0,0.0,none,1,0,0,gl.biochemists,,,,
"primary set, ZERO CONTRAST (rule never fires: no arm names an occupation)",gligoric2025,Norms,occ_biologists,attitudinal,attitudinal,-3.0965986394557867,2.6448925815535578,1.1209341670189734,0.9276024950788887,0.19333167194008472,,0.0,0.0,none,1,0,0,gl.biologists,,,,
"primary set, ZERO CONTRAST (rule never fires: no arm names an occupation)",gligoric2025,Norms,occ_botanists,attitudinal,attitudinal,-4.743915343915346,2.7796139650838154,-2.6378790016115485,-1.6424484285375778,-0.9954305730739708,,0.0,0.0,none,1,0,0,gl.botanists,,,,
"primary set, ZERO CONTRAST (rule never fires: no arm names an occupation)",gligoric2025,Norms,occ_chemists,attitudinal,attitudinal,0.6916694416694439,2.4038903708417068,1.9667702831461074,1.6570145897339752,0.30975569341213216,,0.0,0.0,none,1,0,0,gl.chemists,,,,
"primary set, ZERO CONTRAST (rule never fires: no arm names an occupation)",gligoric2025,Norms,occ_climatologists,attitudinal,attitudinal,-6.56839414771726,3.311719166192046,0.0025175506494630184,0.5905592470626447,-0.5880416964131817,,0.0,0.0,none,1,0,0,gl.climatologists,,,,
"primary set, ZERO CONTRAST (rule never fires: no arm names an occupation)",gligoric2025,Norms,occ_computer scientists,attitudinal,attitudinal,-0.02136752136752129,2.5359790417330754,1.3108648325771308,1.3630484865232497,-0.0521836539461189,,0.0,0.0,none,1,0,0,gl.computer scientists,,,,
"primary set, ZERO CONTRAST (rule never fires: no arm names an occupation)",gligoric2025,Norms,occ_data scientists,attitudinal,attitudinal,-2.7159841753143197,2.544149698665108,-0.2557472723119858,-1.4346571688661705,1.1789098965541847,,0.0,0.0,none,1,0,0,gl.data scientists,,,,
"primary set, ZERO CONTRAST (rule never fires: no arm names an occupation)",gligoric2025,Norms,occ_ecologists,attitudinal,attitudinal,-0.5341317890672936,2.5083038536645796,3.723292740653304,3.381483109709598,0.34180963094370576,,0.0,0.0,none,1,0,0,gl.ecologists,,,,
"primary set, ZERO CONTRAST (rule never fires: no arm names an occupation)",gligoric2025,Norms,occ_environmental scient,attitudinal,attitudinal,-7.650557159942828,2.9172482996120217,0.4209210249946942,0.08007914183740131,0.3408418831572929,,0.0,0.0,none,1,0,0,gl.environmental scient,,,,
"primary set, ZERO CONTRAST (rule never fires: no arm names an occupation)",gligoric2025,Norms,occ_epidemiologists,attitudinal,attitudinal,-2.363389025137952,2.8488392919010312,-0.5195166275683949,-0.812097737327829,0.2925811097594341,,0.0,0.0,none,1,0,0,gl.epidemiologists,,,,
"primary set, ZERO CONTRAST (rule never fires: no arm names an occupation)",gligoric2025,Norms,occ_food scientists,attitudinal,attitudinal,-4.554687500000003,2.737967850844449,1.7302543103515413,1.398423159790713,0.33183115056082824,,0.0,0.0,none,1,0,0,gl.food scientists,,,,
"primary set, ZERO CONTRAST (rule never fires: no arm names an occupation)",gligoric2025,Norms,occ_geneticists,attitudinal,attitudinal,1.3409961685823795,2.73461082647936,0.7605426191648295,0.9351447704779513,-0.17460215131312184,,0.0,0.0,none,1,0,0,gl.geneticists,,,,
"primary set, ZERO CONTRAST (rule never fires: no arm names an occupation)",gligoric2025,Norms,occ_geologists,attitudinal,attitudinal,-2.184139784946234,2.288922886847884,1.764913335666411,2.2067062228744447,-0.44179288720803367,,0.0,0.0,none,1,0,0,gl.geologists,,,,
"primary set, ZERO CONTRAST (rule never fires: no arm names an occupation)",gligoric2025,Norms,occ_hydrologist,attitudinal,attitudinal,-1.2938488142292481,2.3729732650985684,1.5544507046268339,1.6499700239895843,-0.09551931936275038,,0.0,0.0,none,1,0,0,gl.hydrologist,,,,
"primary set, ZERO CONTRAST (rule never fires: no arm names an occupation)",gligoric2025,Norms,occ_marine biologists,attitudinal,attitudinal,-1.9756560936467604,2.5666925031364074,-1.4297959059023078,-1.1659506039237253,-0.26384530197858247,,0.0,0.0,none,1,0,0,gl.marine biologists,,,,
"primary set, ZERO CONTRAST (rule never fires: no arm names an occupation)",gligoric2025,Norms,occ_mathematicians,attitudinal,attitudinal,-3.8083495415393167,2.5528752630574956,-0.23984810282013758,0.08859824701852624,-0.32844634983866383,,0.0,0.0,none,1,0,0,gl.mathematicians,,,,
"primary set, ZERO CONTRAST (rule never fires: no arm names an occupation)",gligoric2025,Norms,occ_medical researchers,attitudinal,attitudinal,-0.004306791194460165,2.8317114241204147,3.0019180063463877,3.64097162658506,-0.6390536202386721,,0.0,0.0,none,1,0,0,gl.medical researchers,,,,
"primary set, ZERO CONTRAST (rule never fires: no arm names an occupation)",gligoric2025,Norms,occ_meteorologists,attitudinal,attitudinal,-3.888653320006874,2.4355881356323374,-2.316647171087884,-3.426872470276137,1.110225299188253,,0.0,0.0,none,1,0,0,gl.meteorologists,,,,
"primary set, ZERO CONTRAST (rule never fires: no arm names an occupation)",gligoric2025,Norms,occ_microbiologists,attitudinal,attitudinal,-2.087836864101463,2.4096963333251824,-1.262925380683487,-0.4090978953568386,-0.8538274853266484,,0.0,0.0,none,1,0,0,gl.microbiologists,,,,
"primary set, ZERO CONTRAST (rule never fires: no arm names an occupation)",gligoric2025,Norms,occ_neuroscientists,attitudinal,attitudinal,2.0119225037257937,2.3106458177255638,1.540845223953887,1.717260708036059,-0.1764154840821719,,0.0,0.0,none,1,0,0,gl.neuroscientists,,,,
"primary set, ZERO CONTRAST (rule never fires: no arm names an occupation)",gligoric2025,Norms,occ_nuclear physicists,attitudinal,attitudinal,-1.0148403016717082,2.4203531803444736,-1.139569544655211,-0.8416379897638455,-0.29793155489136547,,0.0,0.0,none,1,0,0,gl.nuclear physicists,,,,
"primary set, ZERO CONTRAST (rule never fires: no arm names an occupation)",gligoric2025,Norms,occ_nuclear scientists,attitudinal,attitudinal,-1.5045248868778227,2.7489906728744833,-1.053533118036182,-1.2419454627950701,0.18841234475888813,,0.0,0.0,none,1,0,0,gl.nuclear scientists,,,,
"primary set, ZERO CONTRAST (rule never fires: no arm names an occupation)",gligoric2025,Norms,occ_oceanographers,attitudinal,attitudinal,1.7219286956129103,2.5474871244463926,3.410129813924738,3.181368153217345,0.2287616607073928,,0.0,0.0,none,1,0,0,gl.oceanographers,,,,
"primary set, ZERO CONTRAST (rule never fires: no arm names an occupation)",gligoric2025,Norms,occ_paleontologists,attitudinal,attitudinal,-0.4581050546321297,2.5925186161917737,2.2669885108096377,2.8042765256813778,-0.53728801487174,,0.0,0.0,none,1,0,0,gl.paleontologists,,,,
"primary set, ZERO CONTRAST (rule never fires: no arm names an occupation)",gligoric2025,Norms,occ_physicists,attitudinal,attitudinal,-1.0211198907423686,2.635075856077263,0.1802452420766385,0.0415573631002089,0.1386878789764296,,0.0,0.0,none,1,0,0,gl.physicists,,,,
"primary set, ZERO CONTRAST (rule never fires: no arm names an occupation)",gligoric2025,Norms,occ_psychologists,attitudinal,attitudinal,-2.7154765743494145,3.0376776660012403,1.73648255026557,1.7155919209583586,0.020890629307211528,,0.0,0.0,none,1,0,0,gl.psychologists,,,,
"primary set, ZERO CONTRAST (rule never fires: no arm names an occupation)",gligoric2025,Norms,occ_rocket scientists,attitudinal,attitudinal,-0.8450046685340773,2.9087351779315433,0.4215979377599499,0.6623351581517682,-0.24073722039181833,,0.0,0.0,none,1,0,0,gl.rocket scientists,,,,
"primary set, ZERO CONTRAST (rule never fires: no arm names an occupation)",gligoric2025,Norms,occ_sociologists,attitudinal,attitudinal,-5.970145592967595,2.7809451326766466,-2.3949860875464903,-2.1918274046707786,-0.2031586828757117,,0.0,0.0,none,1,0,0,gl.sociologists,,,,
"primary set, ZERO CONTRAST (rule never fires: no arm names an occupation)",gligoric2025,Norms,occ_statisticians,attitudinal,attitudinal,-7.218171014962464,2.946000152385147,-5.811556099880683,-4.44664892296888,-1.364907176911803,,0.0,0.0,none,1,0,0,gl.statisticians,,,,
"primary set, ZERO CONTRAST (rule never fires: no arm names an occupation)",gligoric2025,Norms,occ_virologists,attitudinal,attitudinal,-3.325270817828496,2.7684016299550707,0.23644742694249166,0.6988345403175522,-0.46238711337506055,,0.0,0.0,none,1,0,0,gl.virologists,,,,
"primary set, ZERO CONTRAST (rule never fires: no arm names an occupation)",gligoric2025,Norms,occ_zoologists,attitudinal,attitudinal,0.3930322128851582,2.1505538536713855,2.613149010761928,2.0552894062410405,0.5578596045208877,,0.0,0.0,none,1,0,0,gl.zoologists,,,,
"primary set, ZERO CONTRAST (rule never fires: no arm names an occupation)",gligoric2025,RespectableConservatives,occ_anthropologists,attitudinal,attitudinal,-0.6655151391993464,2.5203326189843684,-0.4794108800795597,-0.7188053860576401,0.23939450597808043,,0.0,0.0,none,1,0,0,gl.anthropologists,,,,
"primary set, ZERO CONTRAST (rule never fires: no arm names an occupation)",gligoric2025,RespectableConservatives,occ_archaeologists,attitudinal,attitudinal,-0.2639940192505315,2.5132401252751797,0.7460154867784929,-0.15404018527096233,0.9000556720494552,,0.0,0.0,none,1,0,0,gl.archaeologists,,,,
"primary set, ZERO CONTRAST (rule never fires: no arm names an occupation)",gligoric2025,RespectableConservatives,occ_astronomers,attitudinal,attitudinal,-1.1682759283278,2.6657507658996438,1.2917967097629797,-0.312987718004479,1.6047844277674588,,0.0,0.0,none,1,0,0,gl.astronomers,,,,
"primary set, ZERO CONTRAST (rule never fires: no arm names an occupation)",gligoric2025,RespectableConservatives,occ_astrophysicists,attitudinal,attitudinal,-2.344718470672665,2.6896000697104343,-0.9947937753443477,-1.2786196259976037,0.28382585065325605,,0.0,0.0,none,1,0,0,gl.astrophysicists,,,,
"primary set, ZERO CONTRAST (rule never fires: no arm names an occupation)",gligoric2025,RespectableConservatives,occ_biochemists,attitudinal,attitudinal,-1.1147568568063388,2.281231415320531,1.9553498839217995,0.42216600274584426,1.5331838811759553,,0.0,0.0,none,1,0,0,gl.biochemists,,,,
"primary set, ZERO CONTRAST (rule never fires: no arm names an occupation)",gligoric2025,RespectableConservatives,occ_biologists,attitudinal,attitudinal,-4.908672130269427,2.543852109588921,-0.6911393237946672,-0.24775227868828897,-0.4433870451063783,,0.0,0.0,none,1,0,0,gl.biologists,,,,
"primary set, ZERO CONTRAST (rule never fires: no arm names an occupation)",gligoric2025,RespectableConservatives,occ_botanists,attitudinal,attitudinal,-3.9202020202020162,2.4942395811338622,-1.8141656778982185,0.43867965314558294,-2.2528453310438015,,0.0,0.0,none,1,0,0,gl.botanists,,,,
"primary set, ZERO CONTRAST (rule never fires: no arm names an occupation)",gligoric2025,RespectableConservatives,occ_chemists,attitudinal,attitudinal,-2.6497483332015737,2.5260176817570428,-1.3746474917249103,-0.4425701123102508,-0.9320773794146595,,0.0,0.0,none,1,0,0,gl.chemists,,,,
"primary set, ZERO CONTRAST (rule never fires: no arm names an occupation)",gligoric2025,RespectableConservatives,occ_climatologists,attitudinal,attitudinal,-3.365424689505714,3.0863386900123375,3.2054870088610095,-0.15773178698464713,3.3632187958456568,,0.0,0.0,none,1,0,0,gl.climatologists,,,,
"primary set, ZERO CONTRAST (rule never fires: no arm names an occupation)",gligoric2025,RespectableConservatives,occ_computer scientists,attitudinal,attitudinal,-4.183250414593687,2.2708246389115025,-2.8510180606490345,-0.36405504544275596,-2.4869630152062787,,0.0,0.0,none,1,0,0,gl.computer scientists,,,,
"primary set, ZERO CONTRAST (rule never fires: no arm names an occupation)",gligoric2025,RespectableConservatives,occ_data scientists,attitudinal,attitudinal,-2.7276059717408727,2.659881766159029,-0.26736906873853883,0.38318092567533946,-0.6505499944138783,,0.0,0.0,none,1,0,0,gl.data scientists,,,,
"primary set, ZERO CONTRAST (rule never fires: no arm names an occupation)",gligoric2025,RespectableConservatives,occ_ecologists,attitudinal,attitudinal,-4.922668813072306,2.416097457745517,-0.6652442833517087,-0.9031564169146241,0.2379121335629154,,0.0,0.0,none,1,0,0,gl.ecologists,,,,
"primary set, ZERO CONTRAST (rule never fires: no arm names an occupation)",gligoric2025,RespectableConservatives,occ_environmental scient,attitudinal,attitudinal,-8.126780109570028,2.9565653330301864,-0.05530192463250572,-0.021388245472465636,-0.03391367916004008,,0.0,0.0,none,1,0,0,gl.environmental scient,,,,
"primary set, ZERO CONTRAST (rule never fires: no arm names an occupation)",gligoric2025,RespectableConservatives,occ_epidemiologists,attitudinal,attitudinal,-3.810148284397208,2.6316161253527275,-1.9662758868276509,0.2169022463910708,-2.1831781332187217,,0.0,0.0,none,1,0,0,gl.epidemiologists,,,,
"primary set, ZERO CONTRAST (rule never fires: no arm names an occupation)",gligoric2025,RespectableConservatives,occ_food scientists,attitudinal,attitudinal,-4.505100723140491,2.7586373222891054,1.7798410872110528,-0.37350322605499375,2.1533443132660466,,0.0,0.0,none,1,0,0,gl.food scientists,,,,
"primary set, ZERO CONTRAST (rule never fires: no arm names an occupation)",gligoric2025,RespectableConservatives,occ_geneticists,attitudinal,attitudinal,3.032915360501572,2.669300513974222,2.452461811084022,-0.2497667363105202,2.7022285473945424,,0.0,0.0,none,1,0,0,gl.geneticists,,,,
"primary set, ZERO CONTRAST (rule never fires: no arm names an occupation)",gligoric2025,RespectableConservatives,occ_geologists,attitudinal,attitudinal,-5.279377880184333,2.2518495457875924,-1.3303247595716878,-0.5893866155095616,-0.7409381440621262,,0.0,0.0,none,1,0,0,gl.geologists,,,,
"primary set, ZERO CONTRAST (rule never fires: no arm names an occupation)",gligoric2025,RespectableConservatives,occ_hydrologist,attitudinal,attitudinal,-5.646527385657822,2.7059094597882005,-2.79822786680174,-0.4406885873846479,-2.357539279417092,,0.0,0.0,none,1,0,0,gl.hydrologist,,,,
"primary set, ZERO CONTRAST (rule never fires: no arm names an occupation)",gligoric2025,RespectableConservatives,occ_marine biologists,attitudinal,attitudinal,-0.20643380709753542,2.2874353198741244,0.3394263806469173,0.3114123996998549,0.028013980947062422,,0.0,0.0,none,1,0,0,gl.marine biologists,,,,
"primary set, ZERO CONTRAST (rule never fires: no arm names an occupation)",gligoric2025,RespectableConservatives,occ_mathematicians,attitudinal,attitudinal,-3.107923497267769,2.447566675750083,0.46057794145140996,-0.023663603432589934,0.4842415448839999,,0.0,0.0,none,1,0,0,gl.mathematicians,,,,
"primary set, ZERO CONTRAST (rule never fires: no arm names an occupation)",gligoric2025,RespectableConservatives,occ_medical researchers,attitudinal,attitudinal,-4.286857828983104,2.5498754232299685,-1.2806330314422558,-0.9724629050821367,-0.3081701263601191,,0.0,0.0,none,1,0,0,gl.medical researchers,,,,
"primary set, ZERO CONTRAST (rule never fires: no arm names an occupation)",gligoric2025,RespectableConservatives,occ_meteorologists,attitudinal,attitudinal,-0.1374760183821877,2.7178106790490326,1.4345301305368026,0.9152794087869217,0.5192507217498809,,0.0,0.0,none,1,0,0,gl.meteorologists,,,,
"primary set, ZERO CONTRAST (rule never fires: no arm names an occupation)",gligoric2025,RespectableConservatives,occ_microbiologists,attitudinal,attitudinal,-4.4773231245554586,2.69032551109731,-3.6524116411374825,0.10926548421220032,-3.761677125349683,,0.0,0.0,none,1,0,0,gl.microbiologists,,,,
"primary set, ZERO CONTRAST (rule never fires: no arm names an occupation)",gligoric2025,RespectableConservatives,occ_neuroscientists,attitudinal,attitudinal,-2.3135906927551484,2.6217156511804958,-2.784667972527055,-0.45866117844111115,-2.326006794085944,,0.0,0.0,none,1,0,0,gl.neuroscientists,,,,
"primary set, ZERO CONTRAST (rule never fires: no arm names an occupation)",gligoric2025,RespectableConservatives,occ_nuclear physicists,attitudinal,attitudinal,0.82619854529599,2.7494972765482273,0.7014693023124874,0.22479211828434117,0.4766771840281462,,0.0,0.0,none,1,0,0,gl.nuclear physicists,,,,
"primary set, ZERO CONTRAST (rule never fires: no arm names an occupation)",gligoric2025,RespectableConservatives,occ_nuclear scientists,attitudinal,attitudinal,2.6561787505699965,2.4746573741987414,3.1071705194116372,0.3317097787537668,2.7754607406578704,,0.0,0.0,none,1,0,0,gl.nuclear scientists,,,,
"primary set, ZERO CONTRAST (rule never fires: no arm names an occupation)",gligoric2025,RespectableConservatives,occ_oceanographers,attitudinal,attitudinal,0.42244196920456406,2.214045195380042,2.1106430875163915,-0.8497079443915451,2.9603510319079365,,0.0,0.0,none,1,0,0,gl.oceanographers,,,,
"primary set, ZERO CONTRAST (rule never fires: no arm names an occupation)",gligoric2025,RespectableConservatives,occ_paleontologists,attitudinal,attitudinal,-4.232209737827726,2.803123626000533,-1.5071161723859587,-0.7489909772726004,-0.7581251951133583,,0.0,0.0,none,1,0,0,gl.paleontologists,,,,
"primary set, ZERO CONTRAST (rule never fires: no arm names an occupation)",gligoric2025,RespectableConservatives,occ_physicists,attitudinal,attitudinal,-1.745145746863234,2.4180894670539157,-0.543780614044227,-0.011099508096383187,-0.5326811059478438,,0.0,0.0,none,1,0,0,gl.physicists,,,,
"primary set, ZERO CONTRAST (rule never fires: no arm names an occupation)",gligoric2025,RespectableConservatives,occ_psychologists,attitudinal,attitudinal,-4.884126762529665,2.7367705317666497,-0.4321676379146808,-0.45821546402859153,0.02604782611391071,,0.0,0.0,none,1,0,0,gl.psychologists,,,,
"primary set, ZERO CONTRAST (rule never fires: no arm names an occupation)",gligoric2025,RespectableConservatives,occ_rocket scientists,attitudinal,attitudinal,-1.5895760013407163,2.5994261019488936,-0.3229733950466891,-0.17690233214984316,-0.14607106289684593,,0.0,0.0,none,1,0,0,gl.rocket scientists,,,,
"primary set, ZERO CONTRAST (rule never fires: no arm names an occupation)",gligoric2025,RespectableConservatives,occ_sociologists,attitudinal,attitudinal,-3.370441795231427,2.82827806177062,0.20471771018967733,0.5854126491460563,-0.38069493895637896,,0.0,0.0,none,1,0,0,gl.sociologists,,,,
"primary set, ZERO CONTRAST (rule never fires: no arm names an occupation)",gligoric2025,RespectableConservatives,occ_statisticians,attitudinal,attitudinal,0.9644712585889023,2.451701715272824,2.3710861736706836,1.1876503233194446,1.183435850351239,,0.0,0.0,none,1,0,0,gl.statisticians,,,,
"primary set, ZERO CONTRAST (rule never fires: no arm names an occupation)",gligoric2025,RespectableConservatives,occ_virologists,attitudinal,attitudinal,-2.1429962984609454,2.770229926950748,1.4187219463100424,-0.1866509099622806,1.605372856272323,,0.0,0.0,none,1,0,0,gl.virologists,,,,
"primary set, ZERO CONTRAST (rule never fires: no arm names an occupation)",gligoric2025,RespectableConservatives,occ_zoologists,attitudinal,attitudinal,-3.0407475490196103,2.3613991533088554,-0.8206307511428403,-0.5489448728971051,-0.2716858782457352,,0.0,0.0,none,1,0,0,gl.zoologists,,,,
"primary set, ZERO CONTRAST (rule never fires: no arm names an occupation)",gligoric2025,Value based frame1,occ_anthropologists,attitudinal,attitudinal,-1.906638781638777,2.607032554408026,-1.7205345225189905,0.28616497073887975,-2.0066994932578703,,0.0,0.0,none,1,0,0,gl.anthropologists,,,,
"primary set, ZERO CONTRAST (rule never fires: no arm names an occupation)",gligoric2025,Value based frame1,occ_archaeologists,attitudinal,attitudinal,-2.0089548721574126,2.3431683500722067,-0.9989453661283882,0.06132522928416365,-1.060270595412552,,0.0,0.0,none,1,0,0,gl.archaeologists,,,,
"primary set, ZERO CONTRAST (rule never fires: no arm names an occupation)",gligoric2025,Value based frame1,occ_astronomers,attitudinal,attitudinal,-3.3385901819753836,2.646017131810188,-0.878517543884604,0.12460413194121264,-1.0031216758258166,,0.0,0.0,none,1,0,0,gl.astronomers,,,,
"primary set, ZERO CONTRAST (rule never fires: no arm names an occupation)",gligoric2025,Value based frame1,occ_astrophysicists,attitudinal,attitudinal,0.0234521575985062,2.436495098023161,1.3733768529268238,0.5090336758139161,0.8643431771129076,,0.0,0.0,none,1,0,0,gl.astrophysicists,,,,
"primary set, ZERO CONTRAST (rule never fires: no arm names an occupation)",gligoric2025,Value based frame1,occ_biochemists,attitudinal,attitudinal,-4.729008312784415,2.474809172471169,-1.6589015720562763,-0.16806930521946148,-1.4908322668368148,,0.0,0.0,none,1,0,0,gl.biochemists,,,,
"primary set, ZERO CONTRAST (rule never fires: no arm names an occupation)",gligoric2025,Value based frame1,occ_biologists,attitudinal,attitudinal,-4.087635054021617,2.5680702109775715,0.12989775245314306,0.09863312790430283,0.03126462454884023,,0.0,0.0,none,1,0,0,gl.biologists,,,,
"primary set, ZERO CONTRAST (rule never fires: no arm names an occupation)",gligoric2025,Value based frame1,occ_botanists,attitudinal,attitudinal,1.2084656084656142,2.648963407308859,3.314501950769412,-0.17464358578982764,3.4891455365592394,,0.0,0.0,none,1,0,0,gl.botanists,,,,
"primary set, ZERO CONTRAST (rule never fires: no arm names an occupation)",gligoric2025,Value based frame1,occ_chemists,attitudinal,attitudinal,-0.2799368653027212,2.4545028831454805,0.9951639761739421,0.17619242384058859,0.8189715523333536,,0.0,0.0,none,1,0,0,gl.chemists,,,,
"primary set, ZERO CONTRAST (rule never fires: no arm names an occupation)",gligoric2025,Value based frame1,occ_climatologists,attitudinal,attitudinal,-6.209270120560451,3.230242435280888,0.3616415778062727,0.06279489981928607,0.2988466779869866,,0.0,0.0,none,1,0,0,gl.climatologists,,,,
"primary set, ZERO CONTRAST (rule never fires: no arm names an occupation)",gligoric2025,Value based frame1,occ_computer scientists,attitudinal,attitudinal,-0.9273840769903637,2.3135546719413447,0.4048482769542884,0.14493464218159566,0.2599136347726927,,0.0,0.0,none,1,0,0,gl.computer scientists,,,,
"primary set, ZERO CONTRAST (rule never fires: no arm names an occupation)",gligoric2025,Value based frame1,occ_data scientists,attitudinal,attitudinal,-5.376705746684607,2.6487078440304055,-2.916468843682273,-0.15254888250766033,-2.763919961174613,,0.0,0.0,none,1,0,0,gl.data scientists,,,,
"primary set, ZERO CONTRAST (rule never fires: no arm names an occupation)",gligoric2025,Value based frame1,occ_ecologists,attitudinal,attitudinal,-6.088914881392101,2.7341577886543704,-1.831490351671503,0.35955730804482305,-2.191047659716326,,0.0,0.0,none,1,0,0,gl.ecologists,,,,
"primary set, ZERO CONTRAST (rule never fires: no arm names an occupation)",gligoric2025,Value based frame1,occ_environmental scient,attitudinal,attitudinal,-8.297518223570558,2.904734398351023,-0.22604003863303568,0.008514914827437457,-0.23455495346047314,,0.0,0.0,none,1,0,0,gl.environmental scient,,,,
"primary set, ZERO CONTRAST (rule never fires: no arm names an occupation)",gligoric2025,Value based frame1,occ_epidemiologists,attitudinal,attitudinal,-1.6368103501897064,2.816526687312308,0.20706204737985057,-0.08635136324190086,0.2934134106217514,,0.0,0.0,none,1,0,0,gl.epidemiologists,,,,
"primary set, ZERO CONTRAST (rule never fires: no arm names an occupation)",gligoric2025,Value based frame1,occ_food scientists,attitudinal,attitudinal,-7.589775219298244,2.8042123574789506,-1.3048334089467,0.14869607522158107,-1.453529484168281,,0.0,0.0,none,1,0,0,gl.food scientists,,,,
"primary set, ZERO CONTRAST (rule never fires: no arm names an occupation)",gligoric2025,Value based frame1,occ_geneticists,attitudinal,attitudinal,0.24332591768631376,2.608326486818006,-0.3371276317312363,0.09943510743548331,-0.4365627391667196,,0.0,0.0,none,1,0,0,gl.geneticists,,,,
"primary set, ZERO CONTRAST (rule never fires: no arm names an occupation)",gligoric2025,Value based frame1,occ_geologists,attitudinal,attitudinal,-2.0068348204072293,2.169998404402236,1.9422183002054156,0.2346418194029173,1.7075764808024982,,0.0,0.0,none,1,0,0,gl.geologists,,,,
"primary set, ZERO CONTRAST (rule never fires: no arm names an occupation)",gligoric2025,Value based frame1,occ_hydrologist,attitudinal,attitudinal,-1.0517070013637515,2.56499846671825,1.7965925174923305,0.175443366396497,1.6211491510958336,,0.0,0.0,none,1,0,0,gl.hydrologist,,,,
"primary set, ZERO CONTRAST (rule never fires: no arm names an occupation)",gligoric2025,Value based frame1,occ_marine biologists,attitudinal,attitudinal,-0.7352488297610371,2.260614553652918,-0.18938864201658434,-0.1239769789937095,-0.06541166302287484,,0.0,0.0,none,1,0,0,gl.marine biologists,,,,
"primary set, ZERO CONTRAST (rule never fires: no arm names an occupation)",gligoric2025,Value based frame1,occ_mathematicians,attitudinal,attitudinal,-3.9840691020179917,2.524115756825823,-0.41556766329881256,0.009420761885221236,-0.4249884251840338,,0.0,0.0,none,1,0,0,gl.mathematicians,,,,
"primary set, ZERO CONTRAST (rule never fires: no arm names an occupation)",gligoric2025,Value based frame1,occ_medical researchers,attitudinal,attitudinal,-2.1486382643234325,2.5114472647407045,0.8575865332174155,0.3871490450339507,0.4704374881834648,,0.0,0.0,none,1,0,0,gl.medical researchers,,,,
"primary set, ZERO CONTRAST (rule never fires: no arm names an occupation)",gligoric2025,Value based frame1,occ_meteorologists,attitudinal,attitudinal,-5.267404333794386,2.6419441666603665,-3.695398184875396,-0.36438361525077034,-3.3310145696246254,,0.0,0.0,none,1,0,0,gl.meteorologists,,,,
"primary set, ZERO CONTRAST (rule never fires: no arm names an occupation)",gligoric2025,Value based frame1,occ_microbiologists,attitudinal,attitudinal,2.245207117380025,2.2124822794685985,3.070118600798001,-0.043499888424384306,3.1136184892223855,,0.0,0.0,none,1,0,0,gl.microbiologists,,,,
"primary set, ZERO CONTRAST (rule never fires: no arm names an occupation)",gligoric2025,Value based frame1,occ_neuroscientists,attitudinal,attitudinal,1.5511581437077056,2.3637524897682622,1.0800808639357986,0.18259846858901482,0.8974823953467838,,0.0,0.0,none,1,0,0,gl.neuroscientists,,,,
"primary set, ZERO CONTRAST (rule never fires: no arm names an occupation)",gligoric2025,Value based frame1,occ_nuclear physicists,attitudinal,attitudinal,0.7272333393789262,2.6989959382095594,0.6025040963954236,-0.08949241505267592,0.6919965114480995,,0.0,0.0,none,1,0,0,gl.nuclear physicists,,,,
"primary set, ZERO CONTRAST (rule never fires: no arm names an occupation)",gligoric2025,Value based frame1,occ_nuclear scientists,attitudinal,attitudinal,-2.227831431079889,2.6087538506322283,-1.776839662238248,-0.13205760692958987,-1.6447820553086583,,0.0,0.0,none,1,0,0,gl.nuclear scientists,,,,
"primary set, ZERO CONTRAST (rule never fires: no arm names an occupation)",gligoric2025,Value based frame1,occ_oceanographers,attitudinal,attitudinal,-2.9715370624461426,2.454014266811071,-1.2833359441343153,0.33827883563452005,-1.6216147797688354,,0.0,0.0,none,1,0,0,gl.oceanographers,,,,
"primary set, ZERO CONTRAST (rule never fires: no arm names an occupation)",gligoric2025,Value based frame1,occ_paleontologists,attitudinal,attitudinal,-0.3679029531669542,2.7418965187389235,2.357190612274813,0.2981822135062736,2.0590083987685395,,0.0,0.0,none,1,0,0,gl.paleontologists,,,,
"primary set, ZERO CONTRAST (rule never fires: no arm names an occupation)",gligoric2025,Value based frame1,occ_physicists,attitudinal,attitudinal,-1.5452847805789076,2.4363978673046636,-0.34391964775990047,0.004418846145600182,-0.34833849390550065,,0.0,0.0,none,1,0,0,gl.physicists,,,,
"primary set, ZERO CONTRAST (rule never fires: no arm names an occupation)",gligoric2025,Value based frame1,occ_psychologists,attitudinal,attitudinal,-3.983614180982601,2.5860856698963275,0.46834494363238344,0.18242102438187535,0.2859239192505081,,0.0,0.0,none,1,0,0,gl.psychologists,,,,
"primary set, ZERO CONTRAST (rule never fires: no arm names an occupation)",gligoric2025,Value based frame1,occ_rocket scientists,attitudinal,attitudinal,-1.5542483660130706,2.841568563316866,-0.2876457597190434,0.07042692178608695,-0.35807268150513033,,0.0,0.0,none,1,0,0,gl.rocket scientists,,,,
"primary set, ZERO CONTRAST (rule never fires: no arm names an occupation)",gligoric2025,Value based frame1,occ_sociologists,attitudinal,attitudinal,-2.852047146401985,2.7325494177264895,0.7231123590191193,-0.233059736143404,0.9561720951625233,,0.0,0.0,none,1,0,0,gl.sociologists,,,,
"primary set, ZERO CONTRAST (rule never fires: no arm names an occupation)",gligoric2025,Value based frame1,occ_statisticians,attitudinal,attitudinal,0.03764374948291108,2.3851407453912246,1.4442586645646927,-0.47281771479864326,1.9170763793633359,,0.0,0.0,none,1,0,0,gl.statisticians,,,,
"primary set, ZERO CONTRAST (rule never fires: no arm names an occupation)",gligoric2025,Value based frame1,occ_virologists,attitudinal,attitudinal,-2.594189016602814,2.924007772020861,0.967529228168174,0.07430794652317503,0.8932212816449989,,0.0,0.0,none,1,0,0,gl.virologists,,,,
"primary set, ZERO CONTRAST (rule never fires: no arm names an occupation)",gligoric2025,Value based frame1,occ_zoologists,attitudinal,attitudinal,-2.753828301231994,2.686061682445649,-0.533711503355224,0.2185414808192066,-0.7522529841744305,,0.0,0.0,none,1,0,0,gl.zoologists,,,,
SECONDARY (authors' own Reference_* expert code; texts not vendored),voelkel2024,Befriending_Meditation,PA,attitudinal,attitudinal,-5.625156264392778,0.7341497083719632,-0.9235648908991445,-0.4348397777442205,-0.488725113154924,-0.5133705282612024,2.0,2.0,half,1,0,0,Reference_PA,"EXPERT-CODE (authors' coders J and N averaged, 1-5)",,,
SECONDARY (authors' own Reference_* expert code; texts not vendored),voelkel2024,Befriending_Meditation,SUC,attitudinal,attitudinal,0.7714444191962215,0.8873635916485596,1.1926233301103333,-0.15870513735739028,1.3513284674677235,1.3466311807940612,1.0,1.0,none,1,0,0,Reference_SUP,"EXPERT-CODE (authors' coders J and N averaged, 1-5)",,,
SECONDARY (authors' own Reference_* expert code; texts not vendored),voelkel2024,Befriending_Meditation,SPV,attitudinal,attitudinal,0.42443686696845084,0.7565737697613317,0.5743841982932696,0.0034075834482950188,0.5709766148449745,0.5717114630052103,1.0,1.0,none,1,0,0,Reference_SPV,"EXPERT-CODE (authors' coders J and N averaged, 1-5)",,,
SECONDARY (authors' own Reference_* expert code; texts not vendored),voelkel2024,Chatbot_Quiz,PA,attitudinal,attitudinal,-3.189562100231953,0.6587846559922351,1.512029273261681,1.2924068640589539,0.21962240920272702,0.2414302430679452,1.5,1.5,none,1,0,0,Reference_PA,"EXPERT-CODE (authors' coders J and N averaged, 1-5)",,,
SECONDARY (authors' own Reference_* expert code; texts not vendored),voelkel2024,Chatbot_Quiz,SUC,attitudinal,attitudinal,-0.5634958969241026,0.7914277642080916,-0.14231698600999093,0.4716946778561738,-0.6140116638661648,-0.6195318302876676,1.0,1.0,none,1,0,0,Reference_SUP,"EXPERT-CODE (authors' coders J and N averaged, 1-5)",,,
SECONDARY (authors' own Reference_* expert code; texts not vendored),voelkel2024,Chatbot_Quiz,SPV,attitudinal,attitudinal,-0.7312265018798492,0.6331610151877325,-0.5812791705550304,-0.010127832051787713,-0.5711513385032427,-0.5683174704015991,1.0,1.0,none,1,0,0,Reference_SPV,"EXPERT-CODE (authors' coders J and N averaged, 1-5)",,,
SECONDARY (authors' own Reference_* expert code; texts not vendored),voelkel2024,Civity_Storytelling,PA,attitudinal,attitudinal,-8.902890531853075,0.6965048201059446,-4.201299158359441,-3.919646283033158,-0.2816528753262828,-0.312234925138596,5.0,5.0,full,1,0,0,Reference_PA,"EXPERT-CODE (authors' coders J and N averaged, 1-5)",,,
SECONDARY (authors' own Reference_* expert code; texts not vendored),voelkel2024,Civity_Storytelling,SUC,attitudinal,attitudinal,-1.067572385692472,0.8352171756518253,-0.6463934747783602,-1.430568300278802,0.7841748255004419,0.8278179996456727,1.0,1.0,none,1,0,0,Reference_SUP,"EXPERT-CODE (authors' coders J and N averaged, 1-5)",,,
SECONDARY (authors' own Reference_* expert code; texts not vendored),voelkel2024,Civity_Storytelling,SPV,attitudinal,attitudinal,0.4614439723326811,0.7589038716804519,0.6113913036574998,0.03071596132838472,0.5806753423291151,0.5843730892540131,1.0,1.0,none,1,0,0,Reference_SPV,"EXPERT-CODE (authors' coders J and N averaged, 1-5)",,,
SECONDARY (authors' own Reference_* expert code; texts not vendored),voelkel2024,Common_Identity,PA,attitudinal,attitudinal,-9.053412518904523,0.6459052845263122,-4.351821145410889,-4.542568546599612,0.19074740118872313,0.16197444332017139,5.0,5.0,full,1,0,0,Reference_PA,"EXPERT-CODE (authors' coders J and N averaged, 1-5)",,,
SECONDARY (authors' own Reference_* expert code; texts not vendored),voelkel2024,Common_Identity,SUC,attitudinal,attitudinal,-2.614017950938227,0.7755694680684809,-2.1928390400241153,-1.6579186220804154,-0.5349204179436999,-0.46437594232000745,5.0,5.0,full,1,0,0,Reference_SUP,"EXPERT-CODE (authors' coders J and N averaged, 1-5)",,,
SECONDARY (authors' own Reference_* expert code; texts not vendored),voelkel2024,Common_Identity,SPV,attitudinal,attitudinal,-0.6866208006730244,0.6593522311157815,-0.5366734693482058,0.0355974365372882,-0.572270905885494,-0.5570880941013452,5.0,5.0,full,1,0,0,Reference_SPV,"EXPERT-CODE (authors' coders J and N averaged, 1-5)",,,
SECONDARY (authors' own Reference_* expert code; texts not vendored),voelkel2024,Contact_Project,PA,attitudinal,attitudinal,-10.690959344025025,0.7054714813754477,-5.989367970531391,-5.787008887875566,-0.2023590826558248,-0.24873775816573707,5.0,5.0,full,1,0,0,Reference_PA,"EXPERT-CODE (authors' coders J and N averaged, 1-5)",,,
SECONDARY (authors' own Reference_* expert code; texts not vendored),voelkel2024,Contact_Project,SUC,attitudinal,attitudinal,-1.9836086411810427,0.8206854364397926,-1.562429730266931,-2.1121067745990882,0.5496770443321572,0.6240143808674271,1.0,1.0,none,1,0,0,Reference_SUP,"EXPERT-CODE (authors' coders J and N averaged, 1-5)",,,
SECONDARY (authors' own Reference_* expert code; texts not vendored),voelkel2024,Contact_Project,SPV,attitudinal,attitudinal,-0.32681046770457556,0.7582425295839506,-0.17686313637975687,0.04534938317685459,-0.22221251955661145,-0.21317808586367154,1.0,1.0,none,1,0,0,Reference_SPV,"EXPERT-CODE (authors' coders J and N averaged, 1-5)",,,
SECONDARY (authors' own Reference_* expert code; texts not vendored),voelkel2024,Counterfactual_Selves,PA,attitudinal,attitudinal,-1.7875663302742595,0.674107159648617,2.9140250432193744,3.537225955863736,-0.6232009126443616,-0.6212455740006871,4.0,4.0,full,1,0,0,Reference_PA,"EXPERT-CODE (authors' coders J and N averaged, 1-5)",,,
SECONDARY (authors' own Reference_* expert code; texts not vendored),voelkel2024,Counterfactual_Selves,SUC,attitudinal,attitudinal,2.5867159268964097,0.7707289914573028,3.0078948378105212,1.2909948903517523,1.716899947458769,1.6546940723055243,1.0,1.0,none,1,0,0,Reference_SUP,"EXPERT-CODE (authors' coders J and N averaged, 1-5)",,,
SECONDARY (authors' own Reference_* expert code; texts not vendored),voelkel2024,Counterfactual_Selves,SPV,attitudinal,attitudinal,0.2590933634400159,0.6533558052736272,0.40904069476483457,-0.027719158267003774,0.43675985303183834,0.42840537524989614,1.0,1.0,none,1,0,0,Reference_SPV,"EXPERT-CODE (authors' coders J and N averaged, 1-5)",,,
SECONDARY (authors' own Reference_* expert code; texts not vendored),voelkel2024,Democratic_Fear,PA,attitudinal,attitudinal,-4.674732259174249,0.6718778872328652,0.026859114319385036,-1.2047037145211834,1.2315628288405684,1.2623355003380747,1.0,1.0,none,1,0,0,Reference_PA,"EXPERT-CODE (authors' coders J and N averaged, 1-5)",,,
SECONDARY (authors' own Reference_* expert code; texts not vendored),voelkel2024,Democratic_Fear,SUC,attitudinal,attitudinal,-4.182696291790833,0.8400919820236777,-3.7615173808767217,-0.4396853238217438,-3.3218320570549777,-3.273351721295844,5.0,5.0,full,1,0,0,Reference_SUP,"EXPERT-CODE (authors' coders J and N averaged, 1-5)",,,
SECONDARY (authors' own Reference_* expert code; texts not vendored),voelkel2024,Democratic_Fear,SPV,attitudinal,attitudinal,2.307179098842825,0.737042166625081,2.457126430167644,0.00944055407947663,2.4476858760881672,2.4481038584074573,5.0,5.0,full,1,0,0,Reference_SPV,"EXPERT-CODE (authors' coders J and N averaged, 1-5)",,,
SECONDARY (authors' own Reference_* expert code; texts not vendored),voelkel2024,Economic_Interests,PA,attitudinal,attitudinal,-1.1220509697635066,0.6830691915854735,3.5795404037301273,3.5967746353252976,-0.017234231595170346,0.01225932439477084,4.0,4.0,full,1,0,0,Reference_PA,"EXPERT-CODE (authors' coders J and N averaged, 1-5)",,,
SECONDARY (authors' own Reference_* expert code; texts not vendored),voelkel2024,Economic_Interests,SUC,attitudinal,attitudinal,0.9434723831701461,0.8235140209426132,1.364651294084258,1.3127285997249492,0.05192269435930874,0.002200597748852332,1.0,1.0,none,1,0,0,Reference_SUP,"EXPERT-CODE (authors' coders J and N averaged, 1-5)",,,
SECONDARY (authors' own Reference_* expert code; texts not vendored),voelkel2024,Economic_Interests,SPV,attitudinal,attitudinal,0.04086924790782476,0.6895288307424563,0.19081657923264345,-0.02818580622537064,0.2190023854580141,0.21736892154278978,1.0,1.0,none,1,0,0,Reference_SPV,"EXPERT-CODE (authors' coders J and N averaged, 1-5)",,,
SECONDARY (authors' own Reference_* expert code; texts not vendored),voelkel2024,Empathy_Beliefs,PA,attitudinal,attitudinal,-7.28140116817621,0.6780506331537034,-2.5798097946825758,-2.157999474084622,-0.42181032059795376,-0.45234474567825195,4.0,4.0,full,1,0,0,Reference_PA,"EXPERT-CODE (authors' coders J and N averaged, 1-5)",,,
SECONDARY (authors' own Reference_* expert code; texts not vendored),voelkel2024,Empathy_Beliefs,SUC,attitudinal,attitudinal,-0.03301767559907631,0.8093014425458775,0.3881612353150354,-0.787613324448968,1.1757745597640035,1.1935229670792198,1.0,1.0,none,1,0,0,Reference_SUP,"EXPERT-CODE (authors' coders J and N averaged, 1-5)",,,
SECONDARY (authors' own Reference_* expert code; texts not vendored),voelkel2024,Empathy_Beliefs,SPV,attitudinal,attitudinal,0.8006332038079816,0.7739609988020496,0.9505805351328003,0.016910971961828187,0.933669563170972,0.930773725463577,1.0,1.0,none,1,0,0,Reference_SPV,"EXPERT-CODE (authors' coders J and N averaged, 1-5)",,,
SECONDARY (authors' own Reference_* expert code; texts not vendored),voelkel2024,Epistemic_Rescue,PA,attitudinal,attitudinal,-4.073420416202055,0.6771838571289919,0.6281709572915792,0.37828850858173063,0.2498824487098486,0.2578594734657357,1.0,1.0,none,1,0,0,Reference_PA,"EXPERT-CODE (authors' coders J and N averaged, 1-5)",,,
SECONDARY (authors' own Reference_* expert code; texts not vendored),voelkel2024,Epistemic_Rescue,SUC,attitudinal,attitudinal,-0.967708829713402,0.8155773553609634,-0.5465299187992902,0.13806540428897968,-0.68459532308827,-0.6846879146153212,1.0,1.0,none,1,0,0,Reference_SUP,"EXPERT-CODE (authors' coders J and N averaged, 1-5)",,,
SECONDARY (authors' own Reference_* expert code; texts not vendored),voelkel2024,Epistemic_Rescue,SPV,attitudinal,attitudinal,-0.14996724262059047,0.6704952926356339,-1.9911295771779525e-05,-0.0029644244305578513,0.002944513134786072,0.0020937159070324803,1.0,1.0,none,1,0,0,Reference_SPV,"EXPERT-CODE (authors' coders J and N averaged, 1-5)",,,
SECONDARY (authors' own Reference_* expert code; texts not vendored),voelkel2024,Harmful_Experiences,PA,attitudinal,attitudinal,-1.8432319390619512,0.6828080212583768,2.8583594344316827,2.628281222774625,0.23007821165705789,0.25757959279715037,1.5,1.5,none,1,0,0,Reference_PA,"EXPERT-CODE (authors' coders J and N averaged, 1-5)",,,
SECONDARY (authors' own Reference_* expert code; texts not vendored),voelkel2024,Harmful_Experiences,SUC,attitudinal,attitudinal,-0.09000685187567825,0.7867605231361782,0.33117205903843344,0.9592538535415542,-0.6280817945031207,-0.6601866977385016,1.0,1.0,none,1,0,0,Reference_SUP,"EXPERT-CODE (authors' coders J and N averaged, 1-5)",,,
SECONDARY (authors' own Reference_* expert code; texts not vendored),voelkel2024,Harmful_Experiences,SPV,attitudinal,attitudinal,-0.06273967555305937,0.6726109744772494,0.08720765577175932,-0.02059629327991128,0.1078039490516706,0.10470022611138363,1.0,1.0,none,1,0,0,Reference_SPV,"EXPERT-CODE (authors' coders J and N averaged, 1-5)",,,
SECONDARY (authors' own Reference_* expert code; texts not vendored),voelkel2024,Inparty_Elites,PA,attitudinal,attitudinal,-2.3347410380026474,0.6617437808613403,2.3668503354909864,1.9012592011370872,0.4655911343538992,0.49987337436600526,1.5,1.5,none,1,0,0,Reference_PA,"EXPERT-CODE (authors' coders J and N averaged, 1-5)",,,
SECONDARY (authors' own Reference_* expert code; texts not vendored),voelkel2024,Inparty_Elites,SUC,attitudinal,attitudinal,-1.0310960719218585,0.7802947648243834,-0.6099171610077467,0.6939098447565473,-1.303827005764294,-1.3144247215493037,3.5,3.5,full,1,0,0,Reference_SUP,"EXPERT-CODE (authors' coders J and N averaged, 1-5)",,,
SECONDARY (authors' own Reference_* expert code; texts not vendored),voelkel2024,Inparty_Elites,SPV,attitudinal,attitudinal,-1.4755989202213389,0.6298279635406757,-1.3256515888965201,-0.014899049526522894,-1.3107525393699972,-1.3115013681646555,4.5,4.5,full,1,0,0,Reference_SPV,"EXPERT-CODE (authors' coders J and N averaged, 1-5)",,,
SECONDARY (authors' own Reference_* expert code; texts not vendored),voelkel2024,Learning_Goals,PA,attitudinal,attitudinal,-5.3819556036600815,0.7275253485204655,-0.6803642301664476,-0.590481881365727,-0.08988234880072066,-0.09353553106123316,2.0,2.0,half,1,0,0,Reference_PA,"EXPERT-CODE (authors' coders J and N averaged, 1-5)",,,
SECONDARY (authors' own Reference_* expert code; texts not vendored),voelkel2024,Learning_Goals,SUC,attitudinal,attitudinal,-0.4136037179880887,0.8679019038452824,0.007575192926022989,-0.21551043139462064,0.22308562432064363,0.2301139084407828,1.0,1.0,none,1,0,0,Reference_SUP,"EXPERT-CODE (authors' coders J and N averaged, 1-5)",,,
SECONDARY (authors' own Reference_* expert code; texts not vendored),voelkel2024,Learning_Goals,SPV,attitudinal,attitudinal,-1.2251427622510747,0.7193545353125393,-1.075195430926256,0.004627259023767398,-1.0798226899500234,-1.0807182847208485,1.0,1.0,none,1,0,0,Reference_SPV,"EXPERT-CODE (authors' coders J and N averaged, 1-5)",,,
SECONDARY (authors' own Reference_* expert code; texts not vendored),voelkel2024,Media_Trust,PA,attitudinal,attitudinal,-10.131608115833814,0.6596599669889696,-5.43001674234018,-5.519622934054206,0.08960619171402584,0.05320872874581615,4.0,4.0,full,1,0,0,Reference_PA,"EXPERT-CODE (authors' coders J and N averaged, 1-5)",,,
SECONDARY (authors' own Reference_* expert code; texts not vendored),voelkel2024,Media_Trust,SUC,attitudinal,attitudinal,-2.6676071003136097,0.7991176472052295,-2.246428189399498,-2.0145179000283333,-0.23191028937116487,-0.15480211421990742,1.0,1.0,none,1,0,0,Reference_SUP,"EXPERT-CODE (authors' coders J and N averaged, 1-5)",,,
SECONDARY (authors' own Reference_* expert code; texts not vendored),voelkel2024,Media_Trust,SPV,attitudinal,attitudinal,0.5268883016316988,0.7155943552955036,0.6768356329565175,0.043254036805198154,0.6335815961513194,0.6364950878449048,1.0,1.0,none,1,0,0,Reference_SPV,"EXPERT-CODE (authors' coders J and N averaged, 1-5)",,,
SECONDARY (authors' own Reference_* expert code; texts not vendored),voelkel2024,Misperception_Competition,PA,attitudinal,attitudinal,-3.0093693204648275,0.6643829086362135,1.6922220530288064,2.0181332611570335,-0.32591120812822716,-0.3231856616442396,1.0,1.0,none,1,0,0,Reference_PA,"EXPERT-CODE (authors' coders J and N averaged, 1-5)",,,
SECONDARY (authors' own Reference_* expert code; texts not vendored),voelkel2024,Misperception_Competition,SUC,attitudinal,attitudinal,1.19357887522402,0.7728357486637922,1.6147577861381317,0.7365658175960237,0.878191968542108,0.8380759024890062,1.5,1.5,none,1,0,0,Reference_SUP,"EXPERT-CODE (authors' coders J and N averaged, 1-5)",,,
SECONDARY (authors' own Reference_* expert code; texts not vendored),voelkel2024,Misperception_Competition,SPV,attitudinal,attitudinal,-0.8541035225469251,0.6536135457271094,-0.7041561912221064,-0.015814922758095717,-0.6883412684640107,-0.6941649238876066,1.0,1.0,none,1,0,0,Reference_SPV,"EXPERT-CODE (authors' coders J and N averaged, 1-5)",,,
SECONDARY (authors' own Reference_* expert code; texts not vendored),voelkel2024,Misperception_Democratic,PA,attitudinal,attitudinal,-6.081878834335349,0.651328549565287,-1.380287460841715,-2.4015616155456145,1.0212741547038995,1.042691512744166,1.0,1.0,none,1,0,0,Reference_PA,"EXPERT-CODE (authors' coders J and N averaged, 1-5)",,,
SECONDARY (authors' own Reference_* expert code; texts not vendored),voelkel2024,Misperception_Democratic,SUC,attitudinal,attitudinal,-4.12721260782498,0.7942395320857666,-3.7060336969108683,-0.8765071310739088,-2.8295265658369595,-2.7638260572179054,5.0,5.0,full,1,0,0,Reference_SUP,"EXPERT-CODE (authors' coders J and N averaged, 1-5)",,,
SECONDARY (authors' own Reference_* expert code; texts not vendored),voelkel2024,Misperception_Democratic,SPV,attitudinal,attitudinal,-1.589573527278631,0.6621012502410738,-1.4396261959538124,0.018819625135600072,-1.4584458210894125,-1.447365493855992,3.5,3.5,full,1,0,0,Reference_SPV,"EXPERT-CODE (authors' coders J and N averaged, 1-5)",,,
SECONDARY (authors' own Reference_* expert code; texts not vendored),voelkel2024,Misperception_Film,PA,attitudinal,attitudinal,-8.071122054746823,0.6682962653080928,-3.369530681253189,-2.8820832998519497,-0.48744738140123944,-0.52038308343594,3.5,3.5,full,1,0,0,Reference_PA,"EXPERT-CODE (authors' coders J and N averaged, 1-5)",,,
SECONDARY (authors' own Reference_* expert code; texts not vendored),voelkel2024,Misperception_Film,SUC,attitudinal,attitudinal,-0.2025048995806884,0.7880928308454226,0.2186740113334233,-1.051884968645842,1.2705589799792654,1.3054675065673882,1.0,1.0,none,1,0,0,Reference_SUP,"EXPERT-CODE (authors' coders J and N averaged, 1-5)",,,
SECONDARY (authors' own Reference_* expert code; texts not vendored),voelkel2024,Misperception_Film,SPV,attitudinal,attitudinal,-3.155101213912456,0.5665635971533949,-3.005153882587637,0.02258519080321999,-3.0277390733908573,-3.0085028467197814,1.5,1.5,none,1,0,0,Reference_SPV,"EXPERT-CODE (authors' coders J and N averaged, 1-5)",,,
SECONDARY (authors' own Reference_* expert code; texts not vendored),voelkel2024,Misperception_Suffering,PA,attitudinal,attitudinal,-6.035531066730961,0.7000462042616863,-1.333939693237327,-0.6939511347209855,-0.6399885585163416,-0.6750649450717804,2.0,2.0,half,1,0,0,Reference_PA,"EXPERT-CODE (authors' coders J and N averaged, 1-5)",,,
SECONDARY (authors' own Reference_* expert code; texts not vendored),voelkel2024,Misperception_Suffering,SUC,attitudinal,attitudinal,1.1027730395468112,0.7867962388016753,1.523951950460923,-0.2532740006596019,1.7772259511205248,1.7636555428234013,2.0,2.0,half,1,0,0,Reference_SUP,"EXPERT-CODE (authors' coders J and N averaged, 1-5)",,,
SECONDARY (authors' own Reference_* expert code; texts not vendored),voelkel2024,Misperception_Suffering,SPV,attitudinal,attitudinal,0.959618123233069,0.7150759382252205,1.1095654545578877,0.005438086673827084,1.1041273678840606,1.0978320829314998,1.0,1.0,none,1,0,0,Reference_SPV,"EXPERT-CODE (authors' coders J and N averaged, 1-5)",,,
SECONDARY (authors' own Reference_* expert code; texts not vendored),voelkel2024,Moral_Differences,PA,attitudinal,attitudinal,-5.180373498444951,0.6649362798358934,-0.47878212495131756,-0.4668403603379757,-0.011941764613341843,-0.01663869056254638,3.0,3.0,half,1,0,0,Reference_PA,"EXPERT-CODE (authors' coders J and N averaged, 1-5)",,,
SECONDARY (authors' own Reference_* expert code; texts not vendored),voelkel2024,Moral_Differences,SUC,attitudinal,attitudinal,-0.5384301105058995,0.7902235846194675,-0.11725119959178781,-0.17038451241917632,0.05313331282738851,0.061136118906545946,1.0,1.0,none,1,0,0,Reference_SUP,"EXPERT-CODE (authors' coders J and N averaged, 1-5)",,,
SECONDARY (authors' own Reference_* expert code; texts not vendored),voelkel2024,Moral_Differences,SPV,attitudinal,attitudinal,0.8044655637035217,0.6801794391195872,0.9544128950283404,0.003658353182719866,0.9507545418456205,0.9477094981857527,1.0,1.0,none,1,0,0,Reference_SPV,"EXPERT-CODE (authors' coders J and N averaged, 1-5)",,,
SECONDARY (authors' own Reference_* expert code; texts not vendored),voelkel2024,Outparty_Friendship,PA,attitudinal,attitudinal,-5.100334457955533,0.7350722030460637,-0.3987430844618993,0.01777466187880826,-0.4165177463407076,-0.44080281318597886,3.5,3.5,full,1,0,0,Reference_PA,"EXPERT-CODE (authors' coders J and N averaged, 1-5)",,,
SECONDARY (authors' own Reference_* expert code; texts not vendored),voelkel2024,Outparty_Friendship,SUC,attitudinal,attitudinal,0.7597504078085038,0.8465961786527408,1.1809293187226155,0.006487286350828623,1.174442032371787,1.1543011819182374,1.0,1.0,none,1,0,0,Reference_SUP,"EXPERT-CODE (authors' coders J and N averaged, 1-5)",,,
SECONDARY (authors' own Reference_* expert code; texts not vendored),voelkel2024,Outparty_Friendship,SPV,attitudinal,attitudinal,1.3969040546214941,0.7555514160169073,1.5468513859463129,-0.00013928956530029064,1.5469906755116132,1.5351625538141591,1.0,1.0,none,1,0,0,Reference_SPV,"EXPERT-CODE (authors' coders J and N averaged, 1-5)",,,
SECONDARY (authors' own Reference_* expert code; texts not vendored),voelkel2024,Partisan_Threat,PA,attitudinal,attitudinal,0.78248117938071,0.6638887456167866,5.484072552874344,5.490610801585525,-0.00653824871118136,0.033719226338617785,1.0,1.0,none,1,0,0,Reference_PA,"EXPERT-CODE (authors' coders J and N averaged, 1-5)",,,
SECONDARY (authors' own Reference_* expert code; texts not vendored),voelkel2024,Partisan_Threat,SUC,attitudinal,attitudinal,1.5891547857110737,0.8200440911970611,2.0103336966251852,2.0039292310423487,0.006404465582836583,-0.069132620603267,1.0,1.0,none,1,0,0,Reference_SUP,"EXPERT-CODE (authors' coders J and N averaged, 1-5)",,,
SECONDARY (authors' own Reference_* expert code; texts not vendored),voelkel2024,Partisan_Threat,SPV,attitudinal,attitudinal,-0.7290339710728605,0.6281458506433549,-0.5790866397480419,-0.043026685795792184,-0.5360599539522497,-0.5418642673108136,1.0,1.0,none,1,0,0,Reference_SPV,"EXPERT-CODE (authors' coders J and N averaged, 1-5)",,,
SECONDARY (authors' own Reference_* expert code; texts not vendored),voelkel2024,Party_Overlap,PA,attitudinal,attitudinal,-3.4258301381260168,0.6478617889705066,1.275761235367617,1.4996733713821464,-0.2239121360145293,-0.22428666049027457,1.0,1.0,none,1,0,0,Reference_PA,"EXPERT-CODE (authors' coders J and N averaged, 1-5)",,,
SECONDARY (authors' own Reference_* expert code; texts not vendored),voelkel2024,Party_Overlap,SUC,attitudinal,attitudinal,0.7475223491307759,0.7708899525916434,1.1687012600448876,0.5473415280246575,0.6213597320202301,0.59670120771912,1.5,1.5,none,1,0,0,Reference_SUP,"EXPERT-CODE (authors' coders J and N averaged, 1-5)",,,
SECONDARY (authors' own Reference_* expert code; texts not vendored),voelkel2024,Party_Overlap,SPV,attitudinal,attitudinal,0.20427203287988682,0.6650842814589718,0.3542193642047055,-0.011752057699690312,0.3659714219043958,0.3665742967274351,1.0,1.0,none,1,0,0,Reference_SPV,"EXPERT-CODE (authors' coders J and N averaged, 1-5)",,,
SECONDARY (authors' own Reference_* expert code; texts not vendored),voelkel2024,System_Justification,PA,attitudinal,attitudinal,-2.2324371113996477,0.6623596788313306,2.469154262093986,2.503837231033849,-0.03468296893986267,-0.015569775471595595,1.5,1.5,none,1,0,0,Reference_PA,"EXPERT-CODE (authors' coders J and N averaged, 1-5)",,,
SECONDARY (authors' own Reference_* expert code; texts not vendored),voelkel2024,System_Justification,SUC,attitudinal,attitudinal,0.5993217212515134,0.786278299954838,1.0205006321656251,0.9138350537597666,0.10666557840585855,0.0635292671990927,1.5,1.5,none,1,0,0,Reference_SUP,"EXPERT-CODE (authors' coders J and N averaged, 1-5)",,,
SECONDARY (authors' own Reference_* expert code; texts not vendored),voelkel2024,System_Justification,SPV,attitudinal,attitudinal,0.37241118516734417,0.6663432025816323,0.5223585164921629,-0.019621098948115204,0.5419796154402782,0.5355074250472497,1.0,1.0,none,1,0,0,Reference_SPV,"EXPERT-CODE (authors' coders J and N averaged, 1-5)",,,
SECONDARY (authors' own Reference_* expert code; texts not vendored),voelkel2024,Utah_Cues,PA,attitudinal,attitudinal,-1.9484493369660214,0.6798437182642808,2.7531420365276125,2.3418572625642717,0.41128477396334073,0.44172420027567877,3.0,3.0,half,1,0,0,Reference_PA,"EXPERT-CODE (authors' coders J and N averaged, 1-5)",,,
SECONDARY (authors' own Reference_* expert code; texts not vendored),voelkel2024,Utah_Cues,SUC,attitudinal,attitudinal,-0.7294229466600228,0.7926693250344984,-0.30824403574591114,0.8547166049405989,-1.16296064068651,-1.178756365165174,4.5,4.5,full,1,0,0,Reference_SUP,"EXPERT-CODE (authors' coders J and N averaged, 1-5)",,,
SECONDARY (authors' own Reference_* expert code; texts not vendored),voelkel2024,Utah_Cues,SPV,attitudinal,attitudinal,-1.8483308789842265,0.6044595578797735,-1.6983835476594078,-0.01835175725546778,-1.6800317904039401,-1.6750179547671715,1.5,1.5,none,1,0,0,Reference_SPV,"EXPERT-CODE (authors' coders J and N averaged, 1-5)",,,
SECONDARY (authors' own Reference_* expert code; texts not vendored),voelkel2024,Violence_Efficacy,PA,attitudinal,attitudinal,-1.1442510979952942,0.7327348291165455,3.5573402754983396,3.395184932391755,0.16215534310658475,0.1927450723139307,1.0,1.0,none,1,0,0,Reference_PA,"EXPERT-CODE (authors' coders J and N averaged, 1-5)",,,
SECONDARY (authors' own Reference_* expert code; texts not vendored),voelkel2024,Violence_Efficacy,SUC,attitudinal,attitudinal,0.38879529772171395,0.8394835914821542,0.8099742086358257,1.2391536345737104,-0.4291794259378847,-0.4787858494914359,1.5,1.5,none,1,0,0,Reference_SUP,"EXPERT-CODE (authors' coders J and N averaged, 1-5)",,,
SECONDARY (authors' own Reference_* expert code; texts not vendored),voelkel2024,Violence_Efficacy,SPV,attitudinal,attitudinal,0.5273511870413508,0.7309825205824688,0.6772985183661695,-0.026606066352844272,0.7039045847190137,0.6909074703011259,5.0,5.0,full,1,0,0,Reference_SPV,"EXPERT-CODE (authors' coders J and N averaged, 1-5)",,,
