dataset,study,arm,outcome,outcome_family,ate_pp,se_pp,n_arm,n_control,control_mean_pp,sd_pooled_pp,scale_lo,scale_hi,note
koetke2024,S2,High IH,METI_trust,trust_scientists,4.2034213773344336,1.6159127557930637,115,99,86.23136123136123,11.630426258482954,1.0,7.0,
koetke2024,S2,High IH,support_research,belief,-0.4781144781144923,1.0537524019357152,115,99,61.14478114478114,7.819783652323262,1.0,7.0,
koetke2024,S2,Low IH,METI_trust,trust_scientists,-9.266497616012186,2.205680089287805,103,99,86.23136123136123,15.779927094941833,1.0,7.0,
koetke2024,S2,Low IH,support_research,belief,-1.738092903141449,1.0576360289805893,103,99,61.14478114478114,7.54187493425146,1.0,7.0,
koetke2024,S3,High IH,METI_trust,trust_scientists,7.999012022984623,1.6091449784215532,146,110,83.07178932178932,12.46433536444838,1.0,7.0,
koetke2024,S3,High IH,support_research,belief,-0.1283727687837466,1.333730918354821,146,110,51.05303030303031,10.300812575822068,1.0,7.0,
koetke2024,S3,High IH,behavioral_intention,behavior,8.771274387712738,3.718806128344891,146,110,58.409090909090914,29.128847408692877,1.0,7.0,
koetke2024,S3,Low IH,METI_trust,trust_scientists,-10.934118732791305,2.190136436600453,113,110,83.07178932178932,16.421072015510056,1.0,7.0,
koetke2024,S3,Low IH,support_research,belief,-0.8170421024403277,1.3616643449511143,113,110,51.05303030303031,10.132402234078404,1.0,7.0,
koetke2024,S3,Low IH,behavioral_intention,behavior,-3.615580584607144,4.221165512048246,113,110,58.409090909090914,31.54418605514061,1.0,7.0,
koetke2024,S4,High IH (vs Low IH),METI_trust,trust_scientists,16.439415861381157,1.8366713485386976,198,173,71.58737216540685,17.15991583403894,1.0,7.0,
koetke2024,S4,High IH (vs Low IH),support_research,belief,1.9876024211284389,1.0339411523300726,198,173,51.75818882466282,10.0299168799516,1.0,7.0,
koetke2024,S4,High IH (vs Low IH),info_seeking_switch,behavior,15.04933730367256,4.610427812691748,198,173,20.809248554913296,44.79676314303408,0.0,1.0,
koetke2024,S5,Limits of Methods,METI_trust,trust_scientists,1.5554608227022222,1.4737591094261784,174,164,84.22619047619047,13.522322055703617,1.0,7.0,
koetke2024,S5,Limits of Methods,belief_in_research,belief,-6.240655078964593,1.855120761236459,174,164,73.17073170731707,17.102279167170256,1.0,7.0,
koetke2024,S5,Limits of Methods,behavior_follow,behavior,-9.384615384615383,5.580227238971964,156,150,44.0,48.75681204352652,0.0,1.0,
koetke2024,S5,Limits of Results,METI_trust,trust_scientists,3.786218463184765,1.3501978844907907,178,164,84.22619047619047,12.349378924730024,1.0,7.0,
koetke2024,S5,Limits of Results,belief_in_research,belief,-8.306499497579253,1.838219600368402,178,164,73.17073170731707,17.057430827734073,1.0,7.0,
koetke2024,S5,Limits of Results,behavior_follow,behavior,-4.843373493975905,5.56559335794867,166,150,44.0,49.361590824857416,0.0,1.0,
koetke2024,S5,Personal Humility,METI_trust,trust_scientists,1.9519633400001624,1.4722910095210606,163,164,84.22619047619047,13.315120534967052,1.0,7.0,
koetke2024,S5,Personal Humility,belief_in_research,belief,-1.161529253329352,1.780125388913155,163,164,73.17073170731707,16.09501808971486,1.0,7.0,
koetke2024,S5,Personal Humility,behavior_follow,behavior,-10.206896551724135,5.663388721283081,145,150,44.0,48.66875546007157,0.0,1.0,
gligoric2025,main_ideology>=7,Norms,trust_all35occ,trust_scientists,0.9296101039996636,0.951644833038079,901,900,68.67129629629629,20.192956534929955,1.0,7.0,ideology>=7
gligoric2025,main_ideology>=7,Norms,trust_climate_occ,trust_scientists,1.1289668846604428,1.773645638145596,460,441,63.89518770471153,26.610898134537237,1.0,7.0,ideology>=7
gligoric2025,main_ideology>=7,Norms,trust_climatologists,trust_scientists,-1.1897467320261423,4.359509035033514,96,102,54.57516339869281,30.58626855713433,1.0,7.0,ideology>=7
gligoric2025,main_ideology>=7,ConservativeScientists,trust_all35occ,trust_scientists,0.6419578515166761,0.9458358780383124,884,900,68.67129629629629,19.97928521214325,1.0,7.0,ideology>=7
gligoric2025,main_ideology>=7,ConservativeScientists,trust_climate_occ,trust_scientists,0.0815627683893094,1.8243968318940225,411,441,63.89518770471153,26.614120775576517,1.0,7.0,ideology>=7
gligoric2025,main_ideology>=7,ConservativeScientists,trust_climatologists,trust_scientists,-1.3633578431372584,4.094322498072391,96,102,54.57516339869281,28.83063525291516,1.0,7.0,ideology>=7
gligoric2025,main_ideology>=7,RespectableConservatives,trust_all35occ,trust_scientists,0.4792535709771191,0.9611814676907604,879,900,68.67129629629629,20.26899451975365,1.0,7.0,ideology>=7
gligoric2025,main_ideology>=7,RespectableConservatives,trust_climate_occ,trust_scientists,1.1538709004329888,1.822618771856287,419,441,63.89518770471153,26.714028238566176,1.0,7.0,ideology>=7
gligoric2025,main_ideology>=7,RespectableConservatives,trust_climatologists,trust_scientists,3.1045751633986964,4.126944099877711,102,102,54.57516339869281,29.472275917873866,1.0,7.0,ideology>=7
gligoric2025,main_ideology>=7,ValueBased,trust_all35occ,trust_scientists,0.1666666666666631,0.9555291946346932,900,900,68.67129629629629,20.26983519443736,1.0,7.0,ideology>=7
gligoric2025,main_ideology>=7,ValueBased,trust_climate_occ,trust_scientists,-1.5683978663743492,1.82078401941119,433,441,63.89518770471153,26.9089260971403,1.0,7.0,ideology>=7
gligoric2025,main_ideology>=7,ValueBased,trust_climatologists,trust_scientists,2.308894572321677,4.071185285320854,115,102,54.57516339869281,29.99664409035135,1.0,7.0,ideology>=7
gligoric2025,main_ideology>=7,Co-Benefit,trust_all35occ,trust_scientists,0.1661162911162842,0.9635259401490128,858,900,68.67129629629629,20.19727133126718,1.0,7.0,ideology>=7
gligoric2025,main_ideology>=7,Co-Benefit,trust_climate_occ,trust_scientists,-1.2737009697496138,1.8283040021859251,423,441,63.89518770471153,26.856906367137487,1.0,7.0,ideology>=7
gligoric2025,main_ideology>=7,Co-Benefit,trust_climatologists,trust_scientists,-1.9709967320261423,3.989752777437302,112,102,54.57516339869281,29.123493439818407,1.0,7.0,ideology>=7
gligoric2025,main_ideology>=8,Norms,trust_all35occ,trust_scientists,0.9187984170427952,1.0993847912338497,712,702,68.33155270655271,20.671631866803924,1.0,7.0,ideology>=8
gligoric2025,main_ideology>=8,Norms,trust_climate_occ,trust_scientists,2.393455098934553,2.007925429110537,365,360,62.77777777777778,27.0310068358468,1.0,7.0,ideology>=8
gligoric2025,main_ideology>=8,Norms,trust_climatologists,trust_scientists,-0.4834529505582274,4.803339594081025,76,88,53.88257575757576,30.529260504091923,1.0,7.0,ideology>=8
gligoric2025,main_ideology>=8,ConservativeScientists,trust_all35occ,trust_scientists,0.4793634727845219,1.0951533051426454,684,702,68.33155270655271,20.387825563061995,1.0,7.0,ideology>=8
gligoric2025,main_ideology>=8,ConservativeScientists,trust_climate_occ,trust_scientists,0.5957372466806424,2.098296767512995,318,360,62.77777777777778,27.24577950373453,1.0,7.0,ideology>=8
gligoric2025,main_ideology>=8,ConservativeScientists,trust_climatologists,trust_scientists,-1.4315953654188955,4.887938428941287,68,88,53.88257575757576,30.12132284871837,1.0,7.0,ideology>=8
gligoric2025,main_ideology>=8,RespectableConservatives,trust_all35occ,trust_scientists,0.3457728748426388,1.1169430046280513,688,702,68.33155270655271,20.814551022308716,1.0,7.0,ideology>=8
gligoric2025,main_ideology>=8,RespectableConservatives,trust_climate_occ,trust_scientists,1.285787321063392,2.102131316771262,326,360,62.77777777777778,27.45761744634031,1.0,7.0,ideology>=8
gligoric2025,main_ideology>=8,RespectableConservatives,trust_climatologists,trust_scientists,1.745129870129869,4.743457524806236,77,88,53.88257575757576,30.298875095230887,1.0,7.0,ideology>=8
gligoric2025,main_ideology>=8,ValueBased,trust_all35occ,trust_scientists,0.519349477682803,1.0989044622313475,702,702,68.33155270655271,20.587968501197498,1.0,7.0,ideology>=8
gligoric2025,main_ideology>=8,ValueBased,trust_climate_occ,trust_scientists,-0.3817365269461081,2.0765450536213126,334,360,62.77777777777778,27.31575913205208,1.0,7.0,ideology>=8
gligoric2025,main_ideology>=8,ValueBased,trust_climatologists,trust_scientists,5.032152924594779,4.58186819803676,86,88,53.88257575757576,30.203599085196373,1.0,7.0,ideology>=8
gligoric2025,main_ideology>=8,Co-Benefit,trust_all35occ,trust_scientists,0.1792730739105241,1.115979358504582,662,702,68.33155270655271,20.59518454949907,1.0,7.0,ideology>=8
gligoric2025,main_ideology>=8,Co-Benefit,trust_climate_occ,trust_scientists,-0.541922290388556,2.11661635624573,326,360,62.77777777777778,27.62944723717573,1.0,7.0,ideology>=8
gligoric2025,main_ideology>=8,Co-Benefit,trust_climatologists,trust_scientists,-2.445794148380361,4.577309167584456,87,88,53.88257575757576,30.26796085350577,1.0,7.0,ideology>=8
agley2021,RCT,infographic (post-only),trust_in_science_21item,trust_scientists,-0.002765306400343,1.0195335542904436,511,503,72.49850894632208,16.228069086731235,1.0,5.0,
agley2021,RCT,infographic (DiD),trust_in_science_21item,trust_scientists,0.6584544591550503,0.299093833266056,511,503,72.49850894632208,16.228069086731235,1.0,5.0,DiD pre/post; pre-measured outcome
agley2021,RCT,infographic,misinfo_belief_B1,belief,-0.2604891859277851,0.7452309486081078,513,504,3.7367724867724887,11.887390620331011,1.0,7.0,
agley2021,RCT,infographic,misinfo_belief_B3,belief,-1.7775921284693184,1.2108449077337593,513,504,8.73015873015873,19.29549642834164,1.0,7.0,
agley2021,RCT,infographic,misinfo_belief_B4,belief,-0.3127030539311256,1.884890387622932,513,504,27.08333333333333,30.04550935587291,1.0,7.0,
agley2021,RCT,infographic,misinfo_belief_B5,belief,-1.015849809709457,1.8702056366761708,513,504,19.014550264550262,29.817549616317237,1.0,7.0,
agley2021,RCT,infographic,misinfo_belief_B6,belief,1.2589343729694595,1.6245874116218408,513,504,15.27777777777778,25.91758236765912,1.0,7.0,
agley2021,RCT,infographic,misinfo_belief_B7,belief,-0.9067808409913688,1.6468473279251477,513,504,16.50132275132275,26.24996463003769,1.0,7.0,
agley2021,RCT,infographic,misinfo_belief_composite,belief,-0.5024134410099265,1.1553456760157153,513,504,15.057319223985887,18.419159823012667,1.0,7.0,
geiger2026_vdL2019,vdL2019 US,97% consensus message,consensus_post,consensus_perception,16.7871872371079,0.5386859903339613,3150,3151,67.63979688987622,21.380401934712506,0.0,100.0,"post-only, pre-measured"
geiger2026_vdL2019,vdL2019 US,97% consensus message (DiD),consensus_DiD,consensus_perception,16.195116188864205,0.4628829804426912,3150,3151,67.63979688987622,21.380401934712506,0.0,100.0,DiD; outcome pre-measured
geiger2026_vdL2019,vdL2019 US,97% consensus message,belief_post,belief,3.487822023381352,0.718638433073204,3150,3151,71.63916198455517,28.522429453102905,1.0,7.0,"post-only, pre-measured"
geiger2026_vdL2019,vdL2019 US,97% consensus message (DiD),belief_DiD,belief,2.165521552715272,0.3818643505528517,3150,3151,71.63916198455517,28.522429453102905,1.0,7.0,DiD; outcome pre-measured
geiger2026_vdL2019,vdL2019 US,97% consensus message,worry_post,concern,2.9552900129287942,0.7750340740037647,3150,3151,64.1637573923622,30.76069165484874,1.0,7.0,"post-only, pre-measured"
geiger2026_vdL2019,vdL2019 US,97% consensus message (DiD),worry_DiD,concern,1.557611308050354,0.3475193967573152,3150,3151,64.1637573923622,30.76069165484874,1.0,7.0,DiD; outcome pre-measured
geiger2026_vdL2019,vdL2019 US,97% consensus message,policy_post,policy,1.8792215224774664,0.6478651706682029,3150,3151,74.54776247064423,25.71340903338329,1.0,7.0,"post-only, pre-measured"
geiger2026_vdL2019,vdL2019 US,97% consensus message (DiD),policy_DiD,policy,1.2303241958558553,0.3508097061267372,3150,3151,74.54776247064423,25.71340903338329,1.0,7.0,DiD; outcome pre-measured
geiger2026_vdL2019,vdL2019 US no-parrot,"97% consensus (DiD, excl exact-97)",consensus_DiD,consensus_perception,9.538506942430772,0.5288228146299508,1877,3151,67.63979688987622,22.48796529816569,0.0,100.0,drops treat_97 parroters
geiger2026_vdL2019,vdL2019 US no-parrot,"97% consensus (DiD, excl exact-97)",belief_DiD,belief,1.5659424311785968,0.4623088569068462,1877,3151,71.63916198455517,28.69880235923722,1.0,7.0,drops treat_97 parroters
geiger2026_vdL2019,vdL2019 US no-parrot,"97% consensus (DiD, excl exact-97)",worry_DiD,concern,0.5070519526960656,0.4171916595862688,1877,3151,64.1637573923622,30.660374778204044,1.0,7.0,drops treat_97 parroters
geiger2026_vdL2019,vdL2019 US no-parrot,"97% consensus (DiD, excl exact-97)",policy_DiD,policy,0.5205571350372008,0.434689775510652,1877,3151,74.54776247064423,25.963038059216768,1.0,7.0,drops treat_97 parroters
geiger2026_vdL2019,vdL2019 Republican,97% consensus (DiD),consensus_DiD,consensus_perception,20.05130540267164,1.028452404805447,758,733,61.54433833560709,23.74300671063147,0.0,100.0,party subgroup
geiger2026_vdL2019,vdL2019 Republican,97% consensus (DiD),belief_DiD,belief,2.23975643022854,0.8423390293143194,758,733,57.642109788540246,32.633276339130326,1.0,7.0,party subgroup
geiger2026_vdL2019,vdL2019 Republican,97% consensus (DiD),worry_DiD,concern,1.6140281501876002,0.7216267437514258,758,733,49.163255889040464,34.0467794678493,1.0,7.0,party subgroup
geiger2026_vdL2019,vdL2019 Republican,97% consensus (DiD),policy_DiD,policy,1.59639612852028,0.7416478475873943,758,733,62.810368119599815,29.165515317153936,1.0,7.0,party subgroup
geiger2026_vdL2019,vdL2019 Independent,97% consensus (DiD),consensus_DiD,consensus_perception,16.763027169428526,0.896790632881655,791,835,68.80718562874252,21.262275447146955,0.0,100.0,party subgroup
geiger2026_vdL2019,vdL2019 Independent,97% consensus (DiD),belief_DiD,belief,2.193618015632452,0.7190409123243532,791,835,71.17564844710579,28.606934731711107,1.0,7.0,party subgroup
geiger2026_vdL2019,vdL2019 Independent,97% consensus (DiD),worry_DiD,concern,2.26410628678673,0.6544067082021502,791,835,64.06387219161677,30.331894228239552,1.0,7.0,party subgroup
geiger2026_vdL2019,vdL2019 Independent,97% consensus (DiD),policy_DiD,policy,1.6193328544175871,0.6327046255639593,791,835,74.85429126347306,25.721869876481254,1.0,7.0,party subgroup
geiger2026_vdL2019,vdL2019 Democrat,97% consensus (DiD),consensus_DiD,consensus_perception,13.084236947791164,0.7309666703367277,1080,996,72.6285140562249,18.834428357401386,0.0,100.0,party subgroup
geiger2026_vdL2019,vdL2019 Democrat,97% consensus (DiD),belief_DiD,belief,1.127584398947642,0.6183179779980595,1080,996,82.1787147657296,20.59759843467401,1.0,7.0,party subgroup
geiger2026_vdL2019,vdL2019 Democrat,97% consensus (DiD),worry_DiD,concern,0.8599025682173144,0.594069747775959,1080,996,75.17068252342703,24.161236294610895,1.0,7.0,party subgroup
geiger2026_vdL2019,vdL2019 Democrat,97% consensus (DiD),policy_DiD,policy,0.966346905957162,0.5968234709931157,1080,996,82.35441759203479,19.943467559338732,1.0,7.0,party subgroup
geiger2026_Veckalov2024,Veckalov2024 USA,classic consensus msg,consensus_perception,consensus_perception,6.802487394957994,1.67594067281477,119,125,87.416,13.264425692715331,0.0,100.0,USA
geiger2026_Veckalov2024,Veckalov2024 USA,classic consensus msg,belief_climate_change,belief,6.343977591036406,2.563429845935828,119,125,86.93333333333334,20.209152463083488,1.0,7.0,USA
geiger2026_Veckalov2024,Veckalov2024 USA,classic consensus msg,belief_human_causation,belief,2.0316659660921963,2.452223721012212,117,122,80.8743169398907,19.008083606794912,1.0,7.0,USA
geiger2026_Veckalov2024,Veckalov2024 USA,classic consensus msg,belief_crisis,belief,5.747899159663871,2.99641396409297,119,125,80.66666666666667,23.53934959243073,1.0,7.0,USA
geiger2026_Veckalov2024,Veckalov2024 USA,classic consensus msg,climate_worry,concern,3.8296918767507,3.713508722483073,119,125,70.4,29.12923214224256,1.0,7.0,USA
geiger2026_Veckalov2024,Veckalov2024 USA,classic consensus msg,climate_action_support,policy,3.8084033613445367,2.621089378863952,119,125,83.86666666666666,20.630454860586696,1.0,7.0,USA
geiger2026_Veckalov2024,Veckalov2024 USA,classic consensus msg,scientist_trust,trust_scientists,0.9658263305322082,3.140944255846841,119,125,80.26666666666667,24.56876100050536,1.0,7.0,USA
geiger2026_Veckalov2024,Veckalov2024 USA,updated consensus msg,consensus_perception,consensus_perception,7.0246779661016925,1.6261415149774698,118,125,87.416,12.907820773443802,0.0,100.0,USA
geiger2026_Veckalov2024,Veckalov2024 USA,updated consensus msg,belief_climate_change,belief,5.157062146892659,2.703041757721212,118,125,86.93333333333334,21.21786830644763,1.0,7.0,USA
geiger2026_Veckalov2024,Veckalov2024 USA,updated consensus msg,belief_human_causation,belief,3.165231082708164,2.632817252393244,118,122,80.8743169398907,20.3875957179854,1.0,7.0,USA
geiger2026_Veckalov2024,Veckalov2024 USA,updated consensus msg,belief_crisis,belief,2.2429378531073407,3.2784162792867675,118,125,80.66666666666667,25.580483660825497,1.0,7.0,USA
geiger2026_Veckalov2024,Veckalov2024 USA,updated consensus msg,climate_worry,concern,3.0463276836158126,3.6914399756310696,118,125,70.4,28.93137809359652,1.0,7.0,USA
geiger2026_Veckalov2024,Veckalov2024 USA,updated consensus msg,climate_action_support,policy,2.574011299435034,2.8385419426046066,118,125,83.86666666666666,22.20473247245481,1.0,7.0,USA
geiger2026_Veckalov2024,Veckalov2024 USA,updated consensus msg,scientist_trust,trust_scientists,2.219209039548028,3.1427716053538277,118,125,80.26666666666667,24.539627328500043,1.0,7.0,USA
geiger2026_Veckalov2024,Veckalov2024 USA,classic consensus msg (DiD),consensus_perception_DiD,consensus_perception,7.035899159663866,1.477614107917646,119,125,87.416,13.264425692715331,0.0,100.0,USA pretest subset
geiger2026_Veckalov2024,Veckalov2024 USA,updated consensus msg (DiD),consensus_perception_DiD,consensus_perception,4.4574915254237295,1.3824311424777571,118,125,87.416,12.907820773443802,0.0,100.0,USA pretest subset
geiger2026_Veckalov2024,Veckalov2024 all27,classic consensus msg,consensus_perception,consensus_perception,6.500173716327765,0.34570035417457,3488,3512,85.19191343963554,14.475244964029985,0.0,100.0,all27
geiger2026_Veckalov2024,Veckalov2024 all27,classic consensus msg,belief_climate_change,belief,0.9065684799342518,0.4094096002400333,3488,3512,91.47684130599846,17.128373929779066,1.0,7.0,all27
geiger2026_Veckalov2024,Veckalov2024 all27,classic consensus msg,belief_human_causation,belief,1.8614530558929885,0.4841614582266944,3443,3464,82.17378752886836,20.122249250514503,1.0,7.0,all27
geiger2026_Veckalov2024,Veckalov2024 all27,classic consensus msg,belief_crisis,belief,1.1518829282564684,0.4979826423125846,3488,3512,86.15698557327259,20.832725435960857,1.0,7.0,all27
geiger2026_Veckalov2024,Veckalov2024 all27,classic consensus msg,climate_worry,concern,1.0455088887031243,0.6048800655314996,3488,3512,74.16951404707669,25.303953377030368,1.0,7.0,all27
geiger2026_Veckalov2024,Veckalov2024 all27,classic consensus msg,climate_action_support,policy,0.3777568215223681,0.4856519071836284,3488,3512,86.84510250569475,20.316039423207755,1.0,7.0,all27
geiger2026_Veckalov2024,Veckalov2024 all27,classic consensus msg,scientist_trust,trust_scientists,-0.0460522420290783,0.5303468376413373,3488,3512,79.41818526955201,22.186720495325044,1.0,7.0,all27
geiger2026_Veckalov2024,Veckalov2024 all27,updated consensus msg,consensus_perception,consensus_perception,6.361247887271177,0.3349458775136712,3527,3512,85.19191343963554,14.04017071541169,0.0,100.0,all27
geiger2026_Veckalov2024,Veckalov2024 all27,updated consensus msg,belief_climate_change,belief,1.2601400757234742,0.3968079655646204,3527,3512,91.47684130599846,16.6426676275425,1.0,7.0,all27
geiger2026_Veckalov2024,Veckalov2024 all27,updated consensus msg,belief_human_causation,belief,1.9475114205108093,0.4886656201033637,3490,3464,82.17378752886836,20.372670776932377,1.0,7.0,all27
geiger2026_Veckalov2024,Veckalov2024 all27,updated consensus msg,belief_crisis,belief,0.8763761127684363,0.492579263301132,3527,3512,86.15698557327259,20.66215572481792,1.0,7.0,all27
geiger2026_Veckalov2024,Veckalov2024 all27,updated consensus msg,climate_worry,concern,0.913181350333773,0.6022116140350063,3527,3512,74.16951404707669,25.262069671546868,1.0,7.0,all27
geiger2026_Veckalov2024,Veckalov2024 all27,updated consensus msg,climate_action_support,policy,0.6513534058447826,0.4770715574892976,3527,3512,86.84510250569475,20.01157709436315,1.0,7.0,all27
geiger2026_Veckalov2024,Veckalov2024 all27,updated consensus msg,scientist_trust,trust_scientists,0.7112920955363459,0.5200608541780286,3527,3512,79.41818526955201,21.81404432662344,1.0,7.0,all27
geiger2026_Veckalov2024,Veckalov2024 all27,classic consensus msg (DiD),consensus_perception_DiD,consensus_perception,6.691217268186663,0.2649335802421456,3488,3512,85.19191343963554,14.475244964029985,0.0,100.0,all27 pretest subset
geiger2026_Veckalov2024,Veckalov2024 all27,updated consensus msg (DiD),consensus_perception_DiD,consensus_perception,6.335205941410002,0.2755686813181153,3527,3512,85.19191343963554,14.04017071541169,0.0,100.0,all27 pretest subset
gatewaybelief,Exp1 Maertens2020,Consensus,PSC_T2_DiD,consensus_perception,8.399229691876752,1.5236517393141895,119,120,84.05833333333334,15.43135109952613,0.0,100.0,T2 vs T1 DiD
gatewaybelief,Exp1 Maertens2020,Consensus,Belief_T2_DiD,belief,2.937675070028011,1.3170480188883802,119,120,86.80555555555554,20.13127510017448,1.0,7.0,T2 vs T1 DiD
gatewaybelief,Exp1 Maertens2020,Consensus,HumanCausation_T2_DiD,belief,2.9516806722689077,1.057108671548819,119,120,73.61111111111111,23.26293601168979,1.0,7.0,T2 vs T1 DiD
gatewaybelief,Exp1 Maertens2020,Consensus,Worry_T2_DiD,concern,-0.261437908496732,0.8195721225771143,119,120,74.44444444444444,27.664521089345524,1.0,7.0,T2 vs T1 DiD
gatewaybelief,Exp1 Maertens2020,Consensus,SupportForAction_T2_DiD,policy,0.1400560224089636,1.1124400274164494,119,120,84.72222222222221,21.55952170833693,1.0,7.0,T2 vs T1 DiD
gatewaybelief,Exp1 Maertens2020,Inoculation,PSC_T2_DiD,consensus_perception,8.3,1.275676986561626,120,120,84.05833333333334,17.28366381916767,0.0,100.0,T2 vs T1 DiD
gatewaybelief,Exp1 Maertens2020,Inoculation,Belief_T2_DiD,belief,2.361111111111111,1.2102026548541185,120,120,86.80555555555554,21.246830195103414,1.0,7.0,T2 vs T1 DiD
gatewaybelief,Exp1 Maertens2020,Inoculation,HumanCausation_T2_DiD,belief,4.861111111111111,1.2013296874496693,120,120,73.61111111111111,23.14886397897233,1.0,7.0,T2 vs T1 DiD
gatewaybelief,Exp1 Maertens2020,Inoculation,Worry_T2_DiD,concern,3.055555555555556,1.1316381199510748,120,120,74.44444444444444,27.263505063953858,1.0,7.0,T2 vs T1 DiD
gatewaybelief,Exp1 Maertens2020,Inoculation,SupportForAction_T2_DiD,policy,1.5277777777777777,1.2782115733425303,120,120,84.72222222222221,21.94091321208265,1.0,7.0,T2 vs T1 DiD
gatewaybelief,Exp1 Maertens2020,Balanced,PSC_T2_DiD,consensus_perception,8.808333333333334,1.2290815025332051,120,120,84.05833333333334,15.177961595921994,0.0,100.0,T2 vs T1 DiD
gatewaybelief,Exp1 Maertens2020,Balanced,Belief_T2_DiD,belief,0.5555555555555556,0.9853883741708304,120,120,86.80555555555554,19.855678708333425,1.0,7.0,T2 vs T1 DiD
gatewaybelief,Exp1 Maertens2020,Balanced,HumanCausation_T2_DiD,belief,2.777777777777778,1.1357846377892755,120,120,73.61111111111111,21.99846498903136,1.0,7.0,T2 vs T1 DiD
gatewaybelief,Exp1 Maertens2020,Balanced,Worry_T2_DiD,concern,0.6944444444444443,1.0730375752643737,120,120,74.44444444444444,27.476718209658603,1.0,7.0,T2 vs T1 DiD
gatewaybelief,Exp1 Maertens2020,Balanced,SupportForAction_T2_DiD,policy,0.9722222222222222,1.030499588253283,120,120,84.72222222222221,21.83871930203761,1.0,7.0,T2 vs T1 DiD
gatewaybelief,Exp2 vdL2017,PieChartOnly,psc_T2_DiD,consensus_perception,19.414871358985256,1.2280455237527874,338,362,72.47790055248619,19.16932328492775,0.0,100.0,T2 vs T1 DiD; post-misinfo for some arms
gatewaybelief,Exp2 vdL2017,PieChartOnly,worry_T2_DiD,concern,1.935887557311562,0.842836546499368,337,362,58.977900552486176,32.24311951391746,1.0,7.0,T2 vs T1 DiD; post-misinfo for some arms
gatewaybelief,Exp2 vdL2017,PieChartOnly,action_T2_DiD,policy,2.389747948608977,0.7245150827040647,338,362,74.0791896869245,27.24873797633866,1.0,7.0,T2 vs T1 DiD; post-misinfo for some arms
gatewaybelief,Exp2 vdL2017,Pie-Counter,psc_T2_DiD,consensus_perception,-0.7982640632847816,1.435758805591731,352,362,72.47790055248619,25.94704125123689,0.0,100.0,T2 vs T1 DiD; post-misinfo for some arms
gatewaybelief,Exp2 vdL2017,Pie-Counter,worry_T2_DiD,concern,-0.3950066968022765,0.8578365368662495,352,362,58.977900552486176,31.921854617121657,1.0,7.0,T2 vs T1 DiD; post-misinfo for some arms
gatewaybelief,Exp2 vdL2017,Pie-Counter,action_T2_DiD,policy,-2.2635714883643057,0.8131948733831198,352,362,74.0791896869245,27.13491023000016,1.0,7.0,T2 vs T1 DiD; post-misinfo for some arms
gatewaybelief,Exp2 vdL2017,Pie+Indepthinoc-Counter,psc_T2_DiD,consensus_perception,12.38484544084745,1.2222200513085777,363,362,72.47790055248619,22.719742691811877,0.0,100.0,T2 vs T1 DiD; post-misinfo for some arms
gatewaybelief,Exp2 vdL2017,Pie+Indepthinoc-Counter,worry_T2_DiD,concern,1.749539594843462,0.8644082168595136,362,362,58.977900552486176,32.694261647853835,1.0,7.0,T2 vs T1 DiD; post-misinfo for some arms
gatewaybelief,Exp2 vdL2017,Pie+Indepthinoc-Counter,action_T2_DiD,policy,1.0128913443830572,0.7224424545571773,362,362,74.0791896869245,26.999179631548245,1.0,7.0,T2 vs T1 DiD; post-misinfo for some arms
gatewaybelief,Exp2 vdL2017,CounterOnly,psc_T2_DiD,consensus_perception,-9.296002931559364,1.3572845569797958,392,362,72.47790055248619,26.463028622490366,0.0,100.0,T2 vs T1 DiD; post-misinfo for some arms
gatewaybelief,Exp2 vdL2017,CounterOnly,worry_T2_DiD,concern,-2.3797778780020296,0.848290891531391,392,362,58.977900552486176,32.29387352018799,1.0,7.0,T2 vs T1 DiD; post-misinfo for some arms
gatewaybelief,Exp2 vdL2017,CounterOnly,action_T2_DiD,policy,-3.383508099372346,0.7511727748811031,392,362,74.0791896869245,27.04274912657182,1.0,7.0,T2 vs T1 DiD; post-misinfo for some arms
gatewaybelief,Exp2 vdL2017,Pie+Inoc-Counter,psc_T2_DiD,consensus_perception,6.172724228726238,1.3712368618443345,363,362,72.47790055248619,23.48449205938624,0.0,100.0,T2 vs T1 DiD; post-misinfo for some arms
gatewaybelief,Exp2 vdL2017,Pie+Inoc-Counter,worry_T2_DiD,concern,0.5616687837651707,0.8046533828926576,361,362,58.977900552486176,31.59454078828492,1.0,7.0,T2 vs T1 DiD; post-misinfo for some arms
gatewaybelief,Exp2 vdL2017,Pie+Inoc-Counter,action_T2_DiD,policy,-0.3222836095764272,0.6715925068373009,363,362,74.0791896869245,25.96970598943945,1.0,7.0,T2 vs T1 DiD; post-misinfo for some arms
spampatti2023,Showdown USA,Scientific consensus,Affect_all,other,-4.765890522875814,4.149616979957422,72,68,60.8735294117647,24.5551893407885,0.0,100.0,vs passive control (cond 0)
spampatti2023,Showdown USA,Scientific consensus,Affect_sci,other,-4.473529411764716,4.114666312153226,72,68,61.04852941176471,24.34960120093348,0.0,100.0,vs passive control (cond 0)
spampatti2023,Showdown USA,Scientific consensus,CCB,belief,-2.600762528410938,4.453681226989667,72,68,66.95261438014707,26.33563086213046,1.0,5.0,vs passive control (cond 0)
spampatti2023,Showdown USA,Scientific consensus,MIST_score,other,-0.2859477124183041,1.960114409630083,72,68,55.14705882352941,11.530407349440337,0.0,20.0,vs passive control (cond 0)
spampatti2023,Showdown USA,Scientific consensus,WEPT_90,behavior,-0.1225490196078427,4.918136514769929,72,68,17.830882352941178,29.25966706932381,0.0,8.0,vs passive control (cond 0)
spampatti2023,Showdown USA,Trust in scientists,Affect_all,other,4.136470588235291,3.978492728429271,75,68,60.8735294117647,23.705619579885468,0.0,100.0,vs passive control (cond 0)
spampatti2023,Showdown USA,Trust in scientists,Affect_sci,other,4.6674705882352825,3.9473196732503686,75,68,61.04852941176471,23.523618831477883,0.0,100.0,vs passive control (cond 0)
spampatti2023,Showdown USA,Trust in scientists,CCB,belief,3.7140522868529313,4.173110465924499,75,68,66.95261438014707,24.76661862683759,1.0,5.0,vs passive control (cond 0)
spampatti2023,Showdown USA,Trust in scientists,MIST_score,other,0.7196078431372577,2.0214845095284266,75,68,55.14705882352941,12.018660455217594,0.0,20.0,vs passive control (cond 0)
spampatti2023,Showdown USA,Trust in scientists,WEPT_90,behavior,0.0024509803921574,4.520819728809725,75,68,17.830882352941178,27.105058517931013,0.0,8.0,vs passive control (cond 0)
spampatti2023,Showdown USA,Transparent communication,Affect_all,other,-4.434558823529414,4.3463064855162825,68,68,60.8735294117647,25.343104037299582,0.0,100.0,vs passive control (cond 0)
spampatti2023,Showdown USA,Transparent communication,Affect_sci,other,-4.263235294117656,4.319222077671678,68,68,61.04852941176471,25.18517615805733,0.0,100.0,vs passive control (cond 0)
spampatti2023,Showdown USA,Transparent communication,CCB,belief,2.9003267974264446,4.27852978132218,68,68,66.95261438014707,24.94790133555261,1.0,5.0,vs passive control (cond 0)
spampatti2023,Showdown USA,Transparent communication,MIST_score,other,-1.4705882352941213,1.9837692905294768,68,68,55.14705882352941,11.567263303548769,0.0,20.0,vs passive control (cond 0)
spampatti2023,Showdown USA,Transparent communication,WEPT_90,behavior,-7.536764705882354,3.779491083742497,68,68,17.830882352941178,22.03803069629923,0.0,8.0,vs passive control (cond 0)
spampatti2023,Showdown USA,Moralization,Affect_all,other,1.7283455882352925,4.089936380936809,80,68,60.8735294117647,24.88816142783871,0.0,100.0,vs passive control (cond 0)
spampatti2023,Showdown USA,Moralization,Affect_sci,other,2.4289705882352948,4.045489772559253,80,68,61.04852941176471,24.611049605642133,0.0,100.0,vs passive control (cond 0)
spampatti2023,Showdown USA,Moralization,CCB,belief,3.811274509227924,3.922794749684328,80,68,66.95261438014707,23.29306045154093,1.0,5.0,vs passive control (cond 0)
spampatti2023,Showdown USA,Moralization,MIST_score,other,1.4779411764705852,2.053124989780761,80,68,55.14705882352941,12.42436829290892,0.0,20.0,vs passive control (cond 0)
spampatti2023,Showdown USA,Moralization,WEPT_90,behavior,-2.3621323529411766,4.3428777500006985,80,68,17.830882352941178,26.397576297790355,0.0,8.0,vs passive control (cond 0)
spampatti2023,Showdown USA,Accuracy,Affect_all,other,3.481543052003424,4.1501719484760775,69,68,60.8735294117647,24.2878407435092,0.0,100.0,vs passive control (cond 0)
spampatti2023,Showdown USA,Accuracy,Affect_sci,other,4.402195225916451,4.11320279216745,69,68,61.04852941176471,24.0716249611845,0.0,100.0,vs passive control (cond 0)
spampatti2023,Showdown USA,Accuracy,CCB,belief,5.14883489557757,4.02337931528035,69,68,66.95261438014707,23.50119535262778,1.0,5.0,vs passive control (cond 0)
spampatti2023,Showdown USA,Accuracy,MIST_score,other,0.3601875532821808,2.0683210075968086,69,68,55.14705882352941,12.09706906301605,0.0,20.0,vs passive control (cond 0)
spampatti2023,Showdown USA,Accuracy,WEPT_90,behavior,-4.062766410912191,4.301183147553362,69,68,17.830882352941178,25.15972604840129,0.0,8.0,vs passive control (cond 0)
spampatti2023,Showdown USA,Positive emotions,Affect_all,other,1.2806959403479752,4.301337090200245,71,68,60.8735294117647,25.3969444804696,0.0,100.0,vs passive control (cond 0)
spampatti2023,Showdown USA,Positive emotions,Affect_sci,other,1.7472452361226232,4.290681850673976,71,68,61.04852941176471,25.34102852885532,0.0,100.0,vs passive control (cond 0)
spampatti2023,Showdown USA,Positive emotions,CCB,belief,-0.7163076505696031,4.354291308626621,71,68,66.95261438014707,25.63026298061776,1.0,5.0,vs passive control (cond 0)
spampatti2023,Showdown USA,Positive emotions,MIST_score,other,-0.7104391052195513,2.157718535525005,71,68,55.14705882352941,12.722757987423488,0.0,20.0,vs passive control (cond 0)
spampatti2023,Showdown USA,Positive emotions,WEPT_90,behavior,-0.0491922120961052,4.528109455429137,71,68,17.830882352941178,26.719094479641047,0.0,8.0,vs passive control (cond 0)
spampatti2023,Showdown USA,Scientific consensus (DiD),Affect_all_DiD,other,-0.6988970588235288,2.984364543542716,72,68,60.8735294117647,24.5551893407885,0.0,100.0,DiD vs baseline affect
spampatti2023,Showdown USA,Trust in scientists (DiD),Affect_all_DiD,other,0.7056862745098033,3.353984001939617,75,68,60.8735294117647,23.705619579885468,0.0,100.0,DiD vs baseline affect
spampatti2023,Showdown USA,Transparent communication (DiD),Affect_all_DiD,other,-1.449264705882352,3.461895403695149,68,68,60.8735294117647,25.343104037299582,0.0,100.0,DiD vs baseline affect
spampatti2023,Showdown USA,Moralization (DiD),Affect_all_DiD,other,-1.128272058823529,3.3740573271287726,80,68,60.8735294117647,24.88816142783871,0.0,100.0,DiD vs baseline affect
spampatti2023,Showdown USA,Accuracy (DiD),Affect_all_DiD,other,2.901193520886616,3.2206477528339663,69,68,60.8735294117647,24.2878407435092,0.0,100.0,DiD vs baseline affect
spampatti2023,Showdown USA,Positive emotions (DiD),Affect_all_DiD,other,0.2365782932891482,3.216388250785778,71,68,60.8735294117647,25.3969444804696,0.0,100.0,DiD vs baseline affect
spampatti2023,Showdown all12,Scientific consensus,Affect_all,other,2.446295627084311,1.0696194959020422,824,853,58.401641266119576,21.885948796962204,0.0,100.0,vs passive control (cond 0)
spampatti2023,Showdown all12,Scientific consensus,Affect_sci,other,2.4528666670460524,1.0720396636868768,824,853,58.83317702227433,21.9375700445224,0.0,100.0,vs passive control (cond 0)
spampatti2023,Showdown all12,Scientific consensus,CCB,belief,0.1322273319338762,1.0789341809241493,824,853,75.1172332944314,22.08100184106047,1.0,5.0,vs passive control (cond 0)
spampatti2023,Showdown all12,Scientific consensus,MIST_score,other,0.1737087264822001,0.5571672292422221,824,853,57.00468933177022,11.402716532269382,0.0,20.0,vs passive control (cond 0)
spampatti2023,Showdown all12,Scientific consensus,WEPT_90,behavior,1.0828429642950637,1.381745029061934,824,853,18.69871043376319,28.29354388879099,0.0,8.0,vs passive control (cond 0)
spampatti2023,Showdown all12,Trust in scientists,Affect_all,other,2.0953213507028536,1.05019586037102,856,853,58.401641266119576,21.70810895986509,0.0,100.0,vs passive control (cond 0)
spampatti2023,Showdown all12,Trust in scientists,Affect_sci,other,2.075117370249032,1.0567508917411836,856,853,58.83317702227433,21.8436855328206,0.0,100.0,vs passive control (cond 0)
spampatti2023,Showdown all12,Trust in scientists,CCB,belief,0.1001862287578481,1.042768539394324,856,853,75.1172332944314,21.552912448183605,1.0,5.0,vs passive control (cond 0)
spampatti2023,Showdown all12,Trust in scientists,MIST_score,other,1.0443760887905196,0.5386237454386772,856,853,57.00468933177022,11.13279065749791,0.0,20.0,vs passive control (cond 0)
spampatti2023,Showdown all12,Trust in scientists,WEPT_90,behavior,-0.6058366019874861,1.3348401289412104,856,853,18.69871043376319,27.58804869224153,0.0,8.0,vs passive control (cond 0)
spampatti2023,Showdown all12,Transparent communication,Affect_all,other,0.6513103277411076,1.0656248825607288,847,853,58.401641266119576,21.965339844617525,0.0,100.0,vs passive control (cond 0)
spampatti2023,Showdown all12,Transparent communication,Affect_sci,other,0.7728442292014677,1.0700818031043682,847,853,58.83317702227433,22.05735577279837,0.0,100.0,vs passive control (cond 0)
spampatti2023,Showdown all12,Transparent communication,CCB,belief,0.7354493772923298,1.0346423589433251,847,853,75.1172332944314,21.333392375696818,1.0,5.0,vs passive control (cond 0)
spampatti2023,Showdown all12,Transparent communication,MIST_score,other,0.952807716635915,0.5489267071060866,847,853,57.00468933177022,11.316166529929957,0.0,20.0,vs passive control (cond 0)
spampatti2023,Showdown all12,Transparent communication,WEPT_90,behavior,1.1950321872521597,1.3499987086586311,847,853,18.69871043376319,27.83520943386189,0.0,8.0,vs passive control (cond 0)
spampatti2023,Showdown all12,Moralization,Affect_all,other,2.8804406451432167,1.0600611184776976,879,853,58.401641266119576,22.07132228992237,0.0,100.0,vs passive control (cond 0)
spampatti2023,Showdown all12,Moralization,Affect_sci,other,2.9718286660078093,1.0617719062799524,879,853,58.83317702227433,22.10465659969213,0.0,100.0,vs passive control (cond 0)
spampatti2023,Showdown all12,Moralization,CCB,belief,1.3143177109440352,1.026947404318845,879,853,75.1172332944314,21.35156383889509,1.0,5.0,vs passive control (cond 0)
spampatti2023,Showdown all12,Moralization,MIST_score,other,0.5436610664095198,0.5383713201082048,879,853,57.00468933177022,11.198773579393173,0.0,20.0,vs passive control (cond 0)
spampatti2023,Showdown all12,Moralization,WEPT_90,behavior,0.4423589632789049,1.3520767333422317,879,853,18.69871043376319,28.12178897252395,0.0,8.0,vs passive control (cond 0)
spampatti2023,Showdown all12,Accuracy,Affect_all,other,0.6974626765327514,1.0506609351584597,837,853,58.401641266119576,21.594242632876707,0.0,100.0,vs passive control (cond 0)
spampatti2023,Showdown all12,Accuracy,Affect_sci,other,0.8895230971999837,1.0537418336488145,837,853,58.83317702227433,21.658468399887138,0.0,100.0,vs passive control (cond 0)
spampatti2023,Showdown all12,Accuracy,CCB,belief,0.4004887291647607,1.040281016001414,837,853,75.1172332944314,21.39101368362384,1.0,5.0,vs passive control (cond 0)
spampatti2023,Showdown all12,Accuracy,MIST_score,other,1.854330978862988,0.5477208619371591,837,853,57.00468933177022,11.258418273177616,0.0,20.0,vs passive control (cond 0)
spampatti2023,Showdown all12,Accuracy,WEPT_90,behavior,-0.1652576261168326,1.351849839968687,837,853,18.69871043376319,27.798483881384467,0.0,8.0,vs passive control (cond 0)
spampatti2023,Showdown all12,Positive emotions,Affect_all,other,2.292724931063532,1.0490088221371447,852,853,58.401641266119576,21.657516038889018,0.0,100.0,vs passive control (cond 0)
spampatti2023,Showdown all12,Positive emotions,Affect_sci,other,2.35884175706839,1.0558134472096738,852,853,58.83317702227433,21.797969177360883,0.0,100.0,vs passive control (cond 0)
spampatti2023,Showdown all12,Positive emotions,CCB,belief,0.3326884589723633,1.0663826390577686,852,853,75.1172332944314,22.016168121527908,1.0,5.0,vs passive control (cond 0)
spampatti2023,Showdown all12,Positive emotions,MIST_score,other,0.759395175272024,0.5543146152723353,852,853,57.00468933177022,11.444100969176736,0.0,20.0,vs passive control (cond 0)
spampatti2023,Showdown all12,Positive emotions,WEPT_90,behavior,2.1199515380677965,1.3846379170020255,852,853,18.69871043376319,28.5868303825192,0.0,8.0,vs passive control (cond 0)
spampatti2023,Showdown all12,Scientific consensus (DiD),Affect_all_DiD,other,1.395600763723695,1.0639325418532035,824,853,58.401641266119576,21.885948796962204,0.0,100.0,DiD vs baseline affect
spampatti2023,Showdown all12,Trust in scientists (DiD),Affect_all_DiD,other,1.0043737879501702,1.0274342065969957,856,853,58.401641266119576,21.70810895986509,0.0,100.0,DiD vs baseline affect
spampatti2023,Showdown all12,Transparent communication (DiD),Affect_all_DiD,other,-0.5650979043337561,1.042823932724051,847,853,58.401641266119576,21.965339844617525,0.0,100.0,DiD vs baseline affect
spampatti2023,Showdown all12,Moralization (DiD),Affect_all_DiD,other,0.6615824894269977,1.0355806064709188,879,853,58.401641266119576,22.07132228992237,0.0,100.0,DiD vs baseline affect
spampatti2023,Showdown all12,Accuracy (DiD),Affect_all_DiD,other,-0.5432311428775511,1.0467869591202554,837,853,58.401641266119576,21.594242632876707,0.0,100.0,DiD vs baseline affect
spampatti2023,Showdown all12,Positive emotions (DiD),Affect_all_DiD,other,0.902212847227956,1.0115844393229598,852,853,58.401641266119576,21.657516038889018,0.0,100.0,DiD vs baseline affect
schmidbetsch2019,Exp4 (EN),Technique rebuttal,post_attitude,belief,4.444688323090432,4.891151404032899,68,67,72.76119402985074,28.397019251895163,0.0,100.0,vs advocate-absent
schmidbetsch2019,Exp4 (EN),Technique rebuttal (DiD),attitude_DiD,belief,4.843429909277145,4.237215108907251,68,67,72.76119402985074,28.397019251895163,0.0,100.0,pre-measured attitude
schmidbetsch2019,Exp4 (EN),Technique rebuttal (DiD),intention_DiD,behavior,6.838800649160614,3.362664734929078,68,67,67.99336650082917,33.96758027990375,0.0,100.0,pre-measured intention
schmidbetsch2019,Exp4 (EN),Topic rebuttal,post_attitude,belief,4.41829314963644,4.762296246944298,65,67,72.76119402985074,27.42236540861866,0.0,100.0,vs advocate-absent
schmidbetsch2019,Exp4 (EN),Topic rebuttal (DiD),attitude_DiD,belief,4.737849215461158,4.027721614404076,65,67,72.76119402985074,27.42236540861866,0.0,100.0,pre-measured attitude
schmidbetsch2019,Exp4 (EN),Topic rebuttal (DiD),intention_DiD,behavior,7.089726194203807,3.270336883902743,65,67,67.99336650082917,32.38177406679986,0.0,100.0,pre-measured intention
schmidbetsch2019,Exp4 (EN),Combination,post_attitude,belief,8.955223880597018,4.289501379719095,67,67,72.76119402985074,24.827284182960945,0.0,100.0,vs advocate-absent
schmidbetsch2019,Exp4 (EN),Combination (DiD),attitude_DiD,belief,5.721393034825871,3.7925899628527775,67,67,72.76119402985074,24.827284182960945,0.0,100.0,pre-measured attitude
schmidbetsch2019,Exp4 (EN),Combination (DiD),intention_DiD,behavior,8.337102366953115,3.1705002516012537,67,67,67.99336650082917,29.939336558410805,0.0,100.0,pre-measured intention
schmidbetsch2019,Exp4 (EN),Topic rebuttal,advocate_competence,credibility,2.336090686274513,3.5817572383922887,64,68,22.794117647058822,20.56591478118509,0.0,100.0,ref=technique rebuttal (advocate present only)
schmidbetsch2019,Exp4 (EN),Topic rebuttal,advocate_character,credibility,-0.2297794117647171,3.454149149177249,64,68,35.2124183006536,19.915419224695448,0.0,100.0,ref=technique rebuttal (advocate present only)
schmidbetsch2019,Exp4 (EN),Topic rebuttal,advocate_sociability,credibility,0.6791258169934693,3.4248053627161323,64,68,35.86601307189542,19.614500700139427,0.0,100.0,ref=technique rebuttal (advocate present only)
schmidbetsch2019,Exp4 (EN),Combination,advocate_competence,credibility,-3.681348161155004,3.275912846512097,67,68,22.794117647058822,19.054391931966787,0.0,100.0,ref=technique rebuttal (advocate present only)
schmidbetsch2019,Exp4 (EN),Combination,advocate_character,credibility,-1.298653789874166,3.268786745973378,67,68,35.2124183006536,19.023607040673284,0.0,100.0,ref=technique rebuttal (advocate present only)
schmidbetsch2019,Exp4 (EN),Combination,advocate_sociability,credibility,1.198663545020004,2.856550343195744,67,68,35.86601307189542,16.629335568879714,0.0,100.0,ref=technique rebuttal (advocate present only)
schmidbetsch2019,Exp6 (EN),Technique rebuttal,post_attitude,belief,14.642615176151764,2.3805419638963645,224,246,67.6490514905149,26.16039544594023,0.0,100.0,vs advocate-absent
schmidbetsch2019,Exp6 (EN),Technique rebuttal (DiD),attitude_DiD,belief,10.773870015485867,1.6946991071380082,224,246,67.6490514905149,26.16039544594023,0.0,100.0,pre-measured attitude
schmidbetsch2019,Exp6 (EN),Technique rebuttal (DiD),intention_DiD,behavior,10.49534250753763,1.675296286593525,224,246,64.12909583641292,30.73346450241872,0.0,100.0,pre-measured intention
schmidbetsch2019,Exp6 (EN),Topic rebuttal,post_attitude,belief,13.635101514949584,2.4083130102150743,244,246,67.6490514905149,26.681890299040592,0.0,100.0,vs advocate-absent
schmidbetsch2019,Exp6 (EN),Topic rebuttal (DiD),attitude_DiD,belief,10.30365631525168,1.7095140583524475,244,246,67.6490514905149,26.681890299040592,0.0,100.0,pre-measured attitude
schmidbetsch2019,Exp6 (EN),Topic rebuttal (DiD),intention_DiD,behavior,10.018383219102931,1.6324763072152544,244,246,64.12909583641292,30.705727409572575,0.0,100.0,pre-measured intention
schmidbetsch2019,Exp6 (EN),Combination,post_attitude,belief,11.783572622960264,2.25684846941021,423,246,67.6490514905149,26.905362184115088,0.0,100.0,vs advocate-absent
schmidbetsch2019,Exp6 (EN),Combination (DiD),attitude_DiD,belief,9.216734897845432,1.659472817747101,423,246,67.6490514905149,26.905362184115088,0.0,100.0,pre-measured attitude
schmidbetsch2019,Exp6 (EN),Combination (DiD),intention_DiD,behavior,9.558713468071712,1.6268102750813884,423,246,64.12909583641292,31.099617635128684,0.0,100.0,pre-measured intention
schmidbetsch2019,Exp6 (EN),Topic rebuttal,advocate_competence,credibility,0.1290902289877671,1.9888015557169891,244,224,24.81398809523809,21.462982647896684,0.0,100.0,ref=technique rebuttal (advocate present only)
schmidbetsch2019,Exp6 (EN),Topic rebuttal,advocate_character,credibility,-0.4378903200624506,1.907273808014092,244,224,38.12003968253968,20.681888789941997,0.0,100.0,ref=technique rebuttal (advocate present only)
schmidbetsch2019,Exp6 (EN),Topic rebuttal,advocate_sociability,credibility,-2.0768279989591534,1.8428637621277555,244,224,38.392857142857146,19.92954114881987,0.0,100.0,ref=technique rebuttal (advocate present only)
schmidbetsch2019,Exp6 (EN),Combination,advocate_competence,credibility,-3.603060855942065,1.7452627538626146,423,224,24.81398809523809,20.47792723053222,0.0,100.0,ref=technique rebuttal (advocate present only)
schmidbetsch2019,Exp6 (EN),Combination,advocate_character,credibility,-1.9629606176591992,1.6951677302541923,423,224,38.12003968253968,21.12315588853256,0.0,100.0,ref=technique rebuttal (advocate present only)
schmidbetsch2019,Exp6 (EN),Combination,advocate_sociability,credibility,-4.061362527674589,1.6254372347539745,423,224,38.392857142857146,19.59314305148061,0.0,100.0,ref=technique rebuttal (advocate present only)
schmidbetsch2019,Exp5 (DE-climate),Technique rebuttal,post_attitude,belief,2.9940476190476346,2.966270806488041,50,56,88.83928571428571,15.407862425125671,0.0,100.0,vs advocate-absent
schmidbetsch2019,Exp5 (DE-climate),Technique rebuttal (DiD),attitude_DiD,belief,5.077380952380953,2.224499178126591,50,56,88.83928571428571,15.407862425125671,0.0,100.0,pre-measured attitude
schmidbetsch2019,Exp5 (DE-climate),Technique rebuttal (DiD),intention_DiD,behavior,1.1700680272108863,1.6449418982720916,50,56,59.14115646258504,13.82158429440583,0.0,100.0,pre-measured intention
schmidbetsch2019,Exp5 (DE-climate),Topic rebuttal,post_attitude,belief,-5.5059523809523645,3.906515662610832,55,56,88.83928571428571,20.5144334496048,0.0,100.0,vs advocate-absent
schmidbetsch2019,Exp5 (DE-climate),Topic rebuttal (DiD),attitude_DiD,belief,-0.9983766233766228,2.495188564502913,55,56,88.83928571428571,20.5144334496048,0.0,100.0,pre-measured attitude
schmidbetsch2019,Exp5 (DE-climate),Topic rebuttal (DiD),intention_DiD,behavior,0.3648732220160813,1.5988759069397822,55,56,59.14115646258504,15.657837663293371,0.0,100.0,pre-measured intention
schmidbetsch2019,Exp5 (DE-climate),Combination,post_attitude,belief,1.7857142857142918,3.1947609255898857,56,56,88.83928571428571,16.90508581483473,0.0,100.0,vs advocate-absent
schmidbetsch2019,Exp5 (DE-climate),Combination (DiD),attitude_DiD,belief,3.7202380952380953,2.9593000153950757,56,56,88.83928571428571,16.90508581483473,0.0,100.0,pre-measured attitude
schmidbetsch2019,Exp5 (DE-climate),Combination (DiD),intention_DiD,behavior,2.4234693877551017,1.7350329952155743,56,56,59.14115646258504,14.797011240639891,0.0,100.0,pre-measured intention
schmidbetsch2019,Exp5 (DE-climate),Topic rebuttal,advocate_competence,credibility,6.949494949494941,3.3155165441920587,55,50,24.66666666666667,16.8949260925148,0.0,100.0,ref=technique rebuttal (advocate present only)
schmidbetsch2019,Exp5 (DE-climate),Topic rebuttal,advocate_character,credibility,-3.050505050505052,3.2026993857131085,55,50,40.22222222222222,16.338603807955568,0.0,100.0,ref=technique rebuttal (advocate present only)
schmidbetsch2019,Exp5 (DE-climate),Topic rebuttal,advocate_sociability,credibility,-0.1010101010101109,2.802406112537139,55,50,42.22222222222223,14.351850533732716,0.0,100.0,ref=technique rebuttal (advocate present only)
schmidbetsch2019,Exp5 (DE-climate),Combination,advocate_competence,credibility,-1.6507936507936558,3.3934775345645862,56,50,24.66666666666667,17.41276199480179,0.0,100.0,ref=technique rebuttal (advocate present only)
schmidbetsch2019,Exp5 (DE-climate),Combination,advocate_character,credibility,-3.5158730158730123,3.176621832937893,56,50,40.22222222222222,16.256319018089798,0.0,100.0,ref=technique rebuttal (advocate present only)
schmidbetsch2019,Exp5 (DE-climate),Combination,advocate_sociability,credibility,-0.853174603174601,2.9706477969757548,56,50,42.22222222222223,15.387516578810454,0.0,100.0,ref=technique rebuttal (advocate present only)
tappin2023,no-cue cells,msg1_agrees_D: Allow religious denial of service,policy_agreement_toward_msg,policy,10.37765041437951,3.911563878089472,163,152,34.10087719298246,34.82789040112885,0.0,6.0,signed toward message direction; 7pt scale range 6
tappin2023,no-cue cells,msg1_disagrees_R: Allow religious denial of service,policy_agreement_toward_msg,policy,8.123889312008123,4.779360314206443,117,101,59.405940594059395,35.19382280933967,0.0,6.0,signed toward message direction; 7pt scale range 6
tappin2023,no-cue cells,msg2_agrees_R: Subsidized healthcare for immigrants,policy_agreement_toward_msg,policy,3.0125306199359385,3.790901762835892,116,122,22.131147540983605,29.229686260124826,0.0,6.0,signed toward message direction; 7pt scale range 6
tappin2023,no-cue cells,msg2_disagrees_D: Subsidized healthcare for immigrants,policy_agreement_toward_msg,policy,9.065522954411843,3.782930211484869,154,162,60.90534979423868,33.59458860472761,0.0,6.0,signed toward message direction; 7pt scale range 6
tappin2023,no-cue cells,msg3_agrees_D: Abolish electoral college,policy_agreement_toward_msg,policy,6.43018333800692,3.6285170648640936,159,157,63.80042462845011,32.24176419643215,0.0,6.0,signed toward message direction; 7pt scale range 6
tappin2023,no-cue cells,msg3_disagrees_R: Abolish electoral college,policy_agreement_toward_msg,policy,9.228694714131606,4.432654195422303,103,120,37.22222222222222,33.25582714549555,0.0,6.0,signed toward message direction; 7pt scale range 6
tappin2023,no-cue cells,msg4_agrees_D: Allow death penalty,policy_agreement_toward_msg,policy,7.810266406757638,4.034067798369109,133,135,52.71604938271605,33.04009777563095,0.0,6.0,signed toward message direction; 7pt scale range 6
tappin2023,no-cue cells,msg4_disagrees_R: Allow death penalty,policy_agreement_toward_msg,policy,-0.6475116500605024,4.004742883097545,107,121,68.04407713498622,30.2926181915018,0.0,6.0,signed toward message direction; 7pt scale range 6
tappin2023,no-cue cells,msg5_agrees_R: Require women on boards,policy_agreement_toward_msg,policy,1.639969488939741,4.532072067367081,114,92,45.28985507246377,31.994854077587146,0.0,6.0,signed toward message direction; 7pt scale range 6
tappin2023,no-cue cells,msg5_disagrees_D: Require women on boards,policy_agreement_toward_msg,policy,5.915605095541402,3.439355992404701,160,157,65.49893842887474,30.6791051862526,0.0,6.0,signed toward message direction; 7pt scale range 6
tappin2023,no-cue cells,msg6_agrees_R: Amnesty for illegal immigrants,policy_agreement_toward_msg,policy,4.394738437291634,4.248439780434079,94,117,33.9031339031339,30.447722830014783,0.0,6.0,signed toward message direction; 7pt scale range 6
tappin2023,no-cue cells,msg6_disagrees_D: Amnesty for illegal immigrants,policy_agreement_toward_msg,policy,4.415458937198065,3.356616798236967,138,150,65.88888888888889,28.3630514414684,0.0,6.0,signed toward message direction; 7pt scale range 6
tappin2023,no-cue cells,msg7_agrees_R: Limit donations to candidates,policy_agreement_toward_msg,policy,-1.7768595041322222,3.629722857256376,110,121,73.14049586776859,27.57829131559957,0.0,6.0,signed toward message direction; 7pt scale range 6
tappin2023,no-cue cells,msg7_disagrees_D: Limit donations to candidates,policy_agreement_toward_msg,policy,5.210795902285274,3.069071894801729,144,141,77.89598108747045,25.952887044033048,0.0,6.0,signed toward message direction; 7pt scale range 6
tappin2023,no-cue cells,msg8_agrees_D: More restrictions at U.S. border,policy_agreement_toward_msg,policy,5.977496483825594,3.27257143804543,138,158,57.91139240506329,28.181288065275314,0.0,6.0,signed toward message direction; 7pt scale range 6
tappin2023,no-cue cells,msg8_disagrees_R: More restrictions at U.S. border,policy_agreement_toward_msg,policy,10.53240740740741,4.116227044759679,96,144,77.54629629629629,30.183790082306636,0.0,6.0,signed toward message direction; 7pt scale range 6
tappin2023,no-cue cells,msg9_agrees_D: Require work for Medicaid,policy_agreement_toward_msg,policy,13.450600225175837,3.803479957249632,149,153,42.70152505446623,33.03138402837149,0.0,6.0,signed toward message direction; 7pt scale range 6
tappin2023,no-cue cells,msg9_disagrees_R: Require work for Medicaid,policy_agreement_toward_msg,policy,1.56805590010749,4.009898655000399,116,139,58.033573141486805,31.82089444113953,0.0,6.0,signed toward message direction; 7pt scale range 6
tappin2023,no-cue cells,msg10_agrees_D: Allow assisted suicide,policy_agreement_toward_msg,policy,6.561127997298208,3.8305518085692736,141,140,58.214285714285715,32.10362016384492,0.0,6.0,signed toward message direction; 7pt scale range 6
tappin2023,no-cue cells,msg10_disagrees_R: Allow assisted suicide,policy_agreement_toward_msg,policy,5.140415140415144,4.343660285741821,105,130,53.07692307692309,33.17127463406377,0.0,6.0,signed toward message direction; 7pt scale range 6
tappin2023,no-cue cells,msg11_agrees_D: Illegal to burn U.S. flag,policy_agreement_toward_msg,policy,-4.30169121658482,4.432023170788899,141,130,64.23076923076923,36.47211713212619,0.0,6.0,signed toward message direction; 7pt scale range 6
tappin2023,no-cue cells,msg11_disagrees_R: Illegal to burn U.S. flag,policy_agreement_toward_msg,policy,0.6878854530555886,3.9616634057545776,118,131,78.37150127226464,31.09614606677215,0.0,6.0,signed toward message direction; 7pt scale range 6
tappin2023,no-cue cells,msg12_agrees_D: Deny criminals the vote,policy_agreement_toward_msg,policy,1.8634259259259207,4.087331721725916,144,160,46.979166666666664,35.71833677545389,0.0,6.0,signed toward message direction; 7pt scale range 6
tappin2023,no-cue cells,msg12_disagrees_R: Deny criminals the vote,policy_agreement_toward_msg,policy,9.300476947535774,4.582941665683991,111,119,64.70588235294117,34.77645937390391,0.0,6.0,signed toward message direction; 7pt scale range 6
tappin2023,no-cue cells,msg13_agrees_R: Ban juvenile solitary confinement,policy_agreement_toward_msg,policy,-1.6319140662972724,3.8264516589967688,108,127,58.26771653543307,29.086137780304146,0.0,6.0,signed toward message direction; 7pt scale range 6
tappin2023,no-cue cells,msg13_disagrees_D: Ban juvenile solitary confinement,policy_agreement_toward_msg,policy,8.894482037739992,3.5510132810135158,146,166,67.57028112449798,30.92003799195553,0.0,6.0,signed toward message direction; 7pt scale range 6
tappin2023,no-cue cells,msg14_agrees_R: Minimum sentences for drugs,policy_agreement_toward_msg,policy,3.0500123183049954,4.087070219577343,123,110,55.75757575757576,30.96808885593556,0.0,6.0,signed toward message direction; 7pt scale range 6
tappin2023,no-cue cells,msg14_disagrees_D: Minimum sentences for drugs,policy_agreement_toward_msg,policy,4.787438581499674,3.8509759232793743,155,151,48.01324503311258,33.70472722973049,0.0,6.0,signed toward message direction; 7pt scale range 6
tappin2023,no-cue cells,msg15_agrees_D: Allow enhanced interrogation,policy_agreement_toward_msg,policy,4.669797096454572,3.675635898826929,139,167,44.610778443113766,32.1369728375794,0.0,6.0,signed toward message direction; 7pt scale range 6
tappin2023,no-cue cells,msg15_disagrees_R: Allow enhanced interrogation,policy_agreement_toward_msg,policy,8.952813741461604,4.191140669644645,109,107,62.92834890965732,30.833333071641015,0.0,6.0,signed toward message direction; 7pt scale range 6
tappin2023,no-cue cells,msg16_agrees_R: Allow affirmative action,policy_agreement_toward_msg,policy,2.7322404371584725,3.904941230397372,122,116,41.666666666666664,30.187372164156184,0.0,6.0,signed toward message direction; 7pt scale range 6
tappin2023,no-cue cells,msg16_disagrees_D: Allow affirmative action,policy_agreement_toward_msg,policy,3.860775669286302,3.0327618783480106,141,148,65.09009009009009,25.685879490951223,0.0,6.0,signed toward message direction; 7pt scale range 6
tappin2023,no-cue cells,msg17_agrees_R: Increase capital gains tax,policy_agreement_toward_msg,policy,4.953781727184517,4.2314745818582615,122,107,31.931464174454828,32.036101588707965,0.0,6.0,signed toward message direction; 7pt scale range 6
tappin2023,no-cue cells,msg17_disagrees_D: Increase capital gains tax,policy_agreement_toward_msg,policy,5.55869030265983,3.3502965865204426,153,139,54.79616306954437,28.75395936746334,0.0,6.0,signed toward message direction; 7pt scale range 6
tappin2023,no-cue cells,msg18_agrees_D: Military aid to Saudia Arabia,policy_agreement_toward_msg,policy,4.4454910579954765,3.074498348961058,171,149,45.74944071588367,27.508421507974024,0.0,6.0,signed toward message direction; 7pt scale range 6
tappin2023,no-cue cells,msg18_disagrees_R: Military aid to Saudia Arabia,policy_agreement_toward_msg,policy,6.425139260960155,3.600459177050769,117,134,43.03482587064676,28.24392633140828,0.0,6.0,signed toward message direction; 7pt scale range 6
tappin2023,no-cue cells,msg19_agrees_D: Decrease power of labor unions,policy_agreement_toward_msg,policy,-3.927034428794992,3.7115056722286113,144,142,49.413145539906104,31.387786124904423,0.0,6.0,signed toward message direction; 7pt scale range 6
tappin2023,no-cue cells,msg19_disagrees_R: Decrease power of labor unions,policy_agreement_toward_msg,policy,-1.129525500641219,3.8438143575651953,109,124,53.76344086021505,29.060214392469803,0.0,6.0,signed toward message direction; 7pt scale range 6
tappin2023,no-cue cells,msg20_agrees_D: Decrease foreign aid,policy_agreement_toward_msg,policy,4.6670224752416445,3.0633535937494094,146,154,60.17316017316017,26.56141757834646,0.0,6.0,signed toward message direction; 7pt scale range 6
tappin2023,no-cue cells,msg20_disagrees_R: Decrease foreign aid,policy_agreement_toward_msg,policy,6.550618415025201,3.456214419232523,111,118,72.31638418079096,26.22701902099396,0.0,6.0,signed toward message direction; 7pt scale range 6
tappin2023,no-cue cells,msg21_agrees_D: Privatization of veterans' healthcare,policy_agreement_toward_msg,policy,10.898630136986291,3.878075527292627,146,125,52.800000000000004,31.792807251813244,0.0,6.0,signed toward message direction; 7pt scale range 6
tappin2023,no-cue cells,msg21_disagrees_R: Privatization of veterans' healthcare,policy_agreement_toward_msg,policy,4.799281775041682,3.733888830490933,113,115,62.17391304347826,28.14573466988596,0.0,6.0,signed toward message direction; 7pt scale range 6
tappin2023,no-cue cells,msg22_agrees_D: Increase tariffs on Chinese imports,policy_agreement_toward_msg,policy,-0.455360052134246,3.043810722327887,132,155,60.43010752688173,25.970752614954744,0.0,6.0,signed toward message direction; 7pt scale range 6
tappin2023,no-cue cells,msg22_disagrees_R: Increase tariffs on Chinese imports,policy_agreement_toward_msg,policy,7.452290076335885,3.476544855048784,120,131,68.70229007633588,27.38756988672453,0.0,6.0,signed toward message direction; 7pt scale range 6
tappin2023,no-cue cells,msg23_agrees_D: Decrease estate tax,policy_agreement_toward_msg,policy,7.2770074951100066,3.50665347220704,147,131,58.14249363867685,29.22974020644061,0.0,6.0,signed toward message direction; 7pt scale range 6
tappin2023,no-cue cells,msg23_disagrees_R: Decrease estate tax,policy_agreement_toward_msg,policy,11.15779645191409,3.503657375722236,123,119,72.26890756302521,27.299096850777683,0.0,6.0,signed toward message direction; 7pt scale range 6
tappin2023,no-cue cells,msg24_agrees_D: Private pensions for public workers,policy_agreement_toward_msg,policy,7.150478629351876,3.463477083083076,154,142,51.29107981220657,29.87504516670448,0.0,6.0,signed toward message direction; 7pt scale range 6
tappin2023,no-cue cells,msg24_disagrees_R: Private pensions for public workers,policy_agreement_toward_msg,policy,-0.9949079514296836,3.842620911619033,111,115,52.608695652173914,28.824382287725214,0.0,6.0,signed toward message direction; 7pt scale range 6
attari2016,AdHom Survey1,Low Fly (vs High Fly),researcher_credibility,credibility,27.09819729832572,1.58907060887402,288,292,55.23687214611872,19.172718764045413,-1.0,1.0,"vignette contrast, no true control"
attari2016,AdHom Survey1,Offset Fly (vs High Fly),researcher_credibility,credibility,9.40473624548967,1.809355758100732,286,292,55.23687214611872,21.74868482095021,-1.0,1.0,"vignette contrast, no true control"
attari2016,AdHom Survey1,High Home (vs High Fly),researcher_credibility,credibility,-18.56734179102136,1.671934582328081,291,292,55.23687214611872,20.19028822702295,-1.0,1.0,"vignette contrast, no true control"
attari2016,AdHom Survey1,Low Home (vs High Fly),researcher_credibility,credibility,31.7806717135304,1.5490331467357872,285,292,55.23687214611872,18.68480230616206,-1.0,1.0,"vignette contrast, no true control"
attari2016,AdHom Survey1,High Fly female (vs High Fly),researcher_credibility,credibility,1.5569131646157406,1.7897697769846672,295,292,55.23687214611872,21.6804017150832,-1.0,1.0,"vignette contrast, no true control"
attari2016,AdHom Survey1,Low Fly female (vs High Fly),researcher_credibility,credibility,27.323265310925954,1.52748575808,291,292,55.23687214611872,18.45319175615937,-1.0,1.0,"vignette contrast, no true control"
attari2016,AdHom Survey2,AQ High Home (vs High Fly),researcher_credibility,credibility,-9.360050981513243,1.5790507853487743,265,264,59.58017676767676,18.15629203317264,-1.0,1.0,"vignette contrast, no true control"
attari2016,AdHom Survey2,AQ Low Home (vs High Fly),researcher_credibility,credibility,17.95402721242273,1.488684590629436,268,264,59.58017676767676,17.140686235754345,-1.0,1.0,"vignette contrast, no true control"
attari2016,AdHom Survey2,Low Fly (vs High Fly),researcher_credibility,credibility,19.034090909090907,1.5273663511413218,264,264,59.58017676767676,17.548103376691046,-1.0,1.0,"vignette contrast, no true control"
attari2016,AdHom Survey2,Offset (vs High Fly),researcher_credibility,credibility,8.23152806692883,1.5889052668934514,262,264,59.58017676767676,18.22542772355698,-1.0,1.0,"vignette contrast, no true control"
attari2016,AdHom Survey2,High Home (vs High Fly),researcher_credibility,credibility,-19.2816693049902,1.616605716481672,268,264,59.58017676767676,18.639580814654675,-1.0,1.0,"vignette contrast, no true control"
attari2016,AdHom Survey2,Low Home (vs High Fly),researcher_credibility,credibility,23.481764483919665,1.551514373946214,261,264,59.58017676767676,17.787417667951924,-1.0,1.0,"vignette contrast, no true control"
attari2016,AdHom Survey2,AQ High Fly (vs High Fly),researcher_credibility,credibility,2.66537030611458,1.6501075953170723,262,264,59.58017676767676,18.92183659257352,-1.0,1.0,"vignette contrast, no true control"
attari2016,AdHom Survey2,AQ Low Fly (vs High Fly),researcher_credibility,credibility,18.114990518568582,1.4674072766329138,269,264,59.58017676767676,16.899280737042623,-1.0,1.0,"vignette contrast, no true control"
attari2016,AdHom Survey2,Offset supercharged (vs High Fly),researcher_credibility,credibility,8.20284210024776,1.566643033384884,265,264,59.58017676767676,18.013037531262135,-1.0,1.0,"vignette contrast, no true control"
attari2016,AdHom Survey2,AQ Offset supercharged (vs High Fly),researcher_credibility,credibility,10.145166553172173,1.5988089447252127,267,264,59.58017676767676,18.415529795333907,-1.0,1.0,"vignette contrast, no true control"
attari2016,2019 Study1 CCS,low footprint (vs high),researcher_credibility,credibility,21.211293260473585,1.5664178174477368,309,305,55.1775956284153,19.401148524040806,-1.0,1.0,
attari2016,2019 Study1 CCS,low footprint (vs high),policy_support,policy,4.633667568571276,2.027755906021195,309,305,67.04918032786885,25.11636907941812,-5.0,-1.0,
attari2016,2019 Study1 Carbon tax,low footprint (vs high),researcher_credibility,credibility,22.182822723061783,1.6234630769330591,304,303,52.25522552255225,19.995339733512253,-1.0,1.0,
attari2016,2019 Study1 Carbon tax,low footprint (vs high),policy_support,policy,6.318666406114293,2.3303787628622223,304,303,54.12541254125413,28.70650237813748,-5.0,-1.0,
attari2016,2019 Study1 Nuclear,low footprint (vs high),researcher_credibility,credibility,23.2218530823182,1.544439446306192,300,301,49.88925802879291,18.934879685941315,-1.0,1.0,
attari2016,2019 Study1 Nuclear,low footprint (vs high),policy_support,policy,5.597729789590256,2.180920244746183,300,301,54.31893687707641,26.73084475494494,-5.0,-1.0,
attari2016,2019 Study1 Population,low footprint (vs high),researcher_credibility,credibility,22.73954759181599,1.604890736270182,305,301,50.48449612403101,19.73332168963305,-1.0,1.0,
attari2016,2019 Study1 Population,low footprint (vs high),policy_support,policy,5.297369424323295,2.46079807160384,305,301,52.32558139534884,30.27943077009196,-5.0,-1.0,
attari2016,2019 Study1 Renewables,low footprint (vs high),researcher_credibility,credibility,19.627192982456144,1.6382751764075398,304,304,57.59320175438596,20.198012876326217,-1.0,1.0,
attari2016,2019 Study1 Renewables,low footprint (vs high),policy_support,policy,1.64473684210526,1.6742190016864584,304,304,80.92105263157895,20.64115811606549,-5.0,-1.0,
attari2016,2019 Study1 Transit,low footprint (vs high),researcher_credibility,credibility,22.53728428505905,1.5228184908007778,306,304,55.96217105263158,18.79388666957773,-1.0,1.0,
attari2016,2019 Study1 Transit,low footprint (vs high),policy_support,policy,4.827248882008939,1.8101420652699367,306,304,73.93092105263158,22.34065115306347,-5.0,-1.0,
attari2016,2019 Study2 fly,some reform (vs none),researcher_credibility,credibility,16.451791154172106,1.4731427106957502,294,297,60.88664421997756,17.921814697531353,-1.0,1.0,
attari2016,2019 Study2 fly,complete reform (vs none),researcher_credibility,credibility,15.445555326507716,1.5045175689772954,294,297,60.88664421997756,18.299037478680667,-1.0,1.0,
attari2016,2019 Study2 home,some reform (vs none),researcher_credibility,credibility,22.2972972972973,1.7428366994716802,296,296,41.77927927927928,21.20252354394992,-1.0,1.0,
attari2016,2019 Study2 home,complete reform (vs none),researcher_credibility,credibility,33.26309360207665,1.633369954871048,295,296,41.77927927927928,19.858156695317867,-1.0,1.0,
hackenburg2025,main affirmative_action,pythia_msg25,policy_attitude_slider,policy,-7.373879482071715,7.346182822190387,16,502,44.96762948207172,26.94432948117441,0.0,100.0,0-100 DV pre-oriented to message direction; wc=188
hackenburg2025,main affirmative_action,pythia_msg26,policy_attitude_slider,policy,-0.7176294820717146,6.959568661137741,12,502,44.96762948207172,26.817212999211637,0.0,100.0,0-100 DV pre-oriented to message direction; wc=42
hackenburg2025,main affirmative_action,pythia_msg27,policy_attitude_slider,policy,-14.634296148738382,7.394006239672976,15,502,44.96762948207172,26.91903068886386,0.0,100.0,0-100 DV pre-oriented to message direction; wc=243
hackenburg2025,main affirmative_action,pythia_msg55,policy_attitude_slider,policy,-6.399447663889895,8.108199320722985,11,502,44.96762948207172,26.87512973955741,0.0,100.0,0-100 DV pre-oriented to message direction; wc=29
hackenburg2025,main affirmative_action,pythia_msg56,policy_attitude_slider,policy,-17.567629482071716,8.468122935462183,10,502,44.96762948207172,26.8741506561305,0.0,100.0,0-100 DV pre-oriented to message direction; wc=40
hackenburg2025,main affirmative_action,pythia_msg57,policy_attitude_slider,policy,5.746656232214001,5.359827166072656,14,502,44.96762948207172,26.7199918459011,0.0,100.0,0-100 DV pre-oriented to message direction; wc=58
hackenburg2025,main affirmative_action,pythia_msg85,policy_attitude_slider,policy,19.16873415429193,10.343642173560305,11,502,44.96762948207172,27.03981922544733,0.0,100.0,0-100 DV pre-oriented to message direction; wc=80
hackenburg2025,main affirmative_action,pythia_msg115,policy_attitude_slider,policy,-11.842629482071716,4.330245410065684,14,502,44.96762948207172,26.653805556434914,0.0,100.0,0-100 DV pre-oriented to message direction; wc=256
hackenburg2025,main affirmative_action,pythia_msg146,policy_attitude_slider,policy,7.509643245201012,7.570285234957943,11,502,44.96762948207172,26.84133248816544,0.0,100.0,0-100 DV pre-oriented to message direction; wc=117
hackenburg2025,main affirmative_action,pythia_msg175,policy_attitude_slider,policy,-12.530129482071716,7.546642485579343,12,502,44.96762948207172,26.858117957207806,0.0,100.0,0-100 DV pre-oriented to message direction; wc=96
hackenburg2025,main affirmative_action,pythia_msg176,policy_attitude_slider,policy,0.0323705179282853,10.384875243732033,13,502,44.96762948207172,27.166632098391656,0.0,100.0,0-100 DV pre-oriented to message direction; wc=160
hackenburg2025,main affirmative_action,pythia_msg206,policy_attitude_slider,policy,-6.717629482071715,7.204181804773537,14,502,44.96762948207172,26.87309079198317,0.0,100.0,0-100 DV pre-oriented to message direction; wc=79
hackenburg2025,main affirmative_action,pythia_msg207,policy_attitude_slider,policy,21.41873415429193,7.764065052659466,11,502,44.96762948207172,26.853245327258453,0.0,100.0,0-100 DV pre-oriented to message direction; wc=127
hackenburg2025,main affirmative_action,pythia_msg235,policy_attitude_slider,policy,10.135311694398872,5.361196437154281,34,502,44.96762948207172,27.11612999608085,0.0,100.0,0-100 DV pre-oriented to message direction; wc=284
hackenburg2025,main affirmative_action,pythia_msg236,policy_attitude_slider,policy,-1.2945525589947948,6.530189730070534,26,502,44.96762948207172,27.187229571503437,0.0,100.0,0-100 DV pre-oriented to message direction; wc=326
hackenburg2025,main affirmative_action,pythia_msg237,policy_attitude_slider,policy,-5.125036889479119,5.230831369602834,27,502,44.96762948207172,26.85986209283853,0.0,100.0,0-100 DV pre-oriented to message direction; wc=212
hackenburg2025,main affirmative_action,Qwen1.5_msg266,policy_attitude_slider,policy,1.5323705179282854,9.801598250914129,10,502,44.96762948207172,26.95401990751424,0.0,100.0,0-100 DV pre-oriented to message direction; wc=121
hackenburg2025,main affirmative_action,Qwen1.5_msg267,policy_attitude_slider,policy,-9.905129482071716,5.873437439064599,12,502,44.96762948207172,26.750129676382663,0.0,100.0,0-100 DV pre-oriented to message direction; wc=192
hackenburg2025,main affirmative_action,Qwen1.5_msg295,policy_attitude_slider,policy,-4.628343767785999,8.55715071119625,14,502,44.96762948207172,27.0132141742376,0.0,100.0,0-100 DV pre-oriented to message direction; wc=286
hackenburg2025,main affirmative_action,Qwen1.5_msg296,policy_attitude_slider,policy,-8.667629482071717,6.566616728304604,15,502,44.96762948207172,26.831402283575773,0.0,100.0,0-100 DV pre-oriented to message direction; wc=278
hackenburg2025,main affirmative_action,Qwen1.5_msg297,policy_attitude_slider,policy,-1.384296148738379,6.320235858148486,12,502,44.96762948207172,26.776370732075392,0.0,100.0,0-100 DV pre-oriented to message direction; wc=234
hackenburg2025,main affirmative_action,Qwen1.5_msg325,policy_attitude_slider,policy,-0.0176294820717117,6.354430626718903,15,502,44.96762948207172,26.81056111568773,0.0,100.0,0-100 DV pre-oriented to message direction; wc=152
hackenburg2025,main affirmative_action,Qwen1.5_msg326,policy_attitude_slider,policy,7.232370517928288,10.578618133086016,10,502,44.96762948207172,27.00580952310453,0.0,100.0,0-100 DV pre-oriented to message direction; wc=144
hackenburg2025,main affirmative_action,Qwen1.5_msg327,policy_attitude_slider,policy,2.2823705179282854,7.845090466905978,12,502,44.96762948207172,26.88015617249248,0.0,100.0,0-100 DV pre-oriented to message direction; wc=164
hackenburg2025,main affirmative_action,Qwen1.5_msg355,policy_attitude_slider,policy,6.782370517928285,6.496754059917762,13,502,44.96762948207172,26.796750933331623,0.0,100.0,0-100 DV pre-oriented to message direction; wc=148
hackenburg2025,main affirmative_action,Qwen1.5_msg356,policy_attitude_slider,policy,10.86570385126162,9.190756362495264,12,502,44.96762948207172,26.98986908986025,0.0,100.0,0-100 DV pre-oriented to message direction; wc=174
hackenburg2025,main affirmative_action,Qwen1.5_msg357,policy_attitude_slider,policy,-6.742629482071713,9.787733703472968,10,502,44.96762948207172,26.95313080614394,0.0,100.0,0-100 DV pre-oriented to message direction; wc=139
hackenburg2025,main affirmative_action,Qwen1.5_msg385,policy_attitude_slider,policy,9.484293594851366,6.995243097108332,26,502,44.96762948207172,27.32980652826672,0.0,100.0,0-100 DV pre-oriented to message direction; wc=159
hackenburg2025,main affirmative_action,Qwen1.5_msg386,policy_attitude_slider,policy,7.353799089356855,4.948829603060035,35,502,44.96762948207172,26.9800630063644,0.0,100.0,0-100 DV pre-oriented to message direction; wc=223
hackenburg2025,main affirmative_action,Qwen1.5_msg387,policy_attitude_slider,policy,0.8411940473400534,7.067610352468113,17,502,44.96762948207172,26.93940125094269,0.0,100.0,0-100 DV pre-oriented to message direction; wc=211
hackenburg2025,main affirmative_action,Qwen1.5_msg415,policy_attitude_slider,policy,5.032370517928285,3.395411928958956,91,502,44.96762948207172,27.42904741504138,0.0,100.0,0-100 DV pre-oriented to message direction; wc=201
hackenburg2025,main affirmative_action,Qwen1.5_msg416,policy_attitude_slider,policy,6.904245517928288,3.2621099847129926,80,502,44.96762948207172,26.91507751716286,0.0,100.0,0-100 DV pre-oriented to message direction; wc=196
hackenburg2025,main affirmative_action,Qwen1.5_msg417,policy_attitude_slider,policy,0.6126174315085322,3.2213255600999724,81,502,44.96762948207172,26.884186653832696,0.0,100.0,0-100 DV pre-oriented to message direction; wc=258
hackenburg2025,main affirmative_action,Yi_msg445,policy_attitude_slider,policy,3.428203851261621,6.903792851356717,12,502,44.96762948207172,26.81349589390102,0.0,100.0,0-100 DV pre-oriented to message direction; wc=332
hackenburg2025,main affirmative_action,Yi_msg446,policy_attitude_slider,policy,0.7466562322140007,5.67908169177835,21,502,44.96762948207172,26.82670616231041,0.0,100.0,0-100 DV pre-oriented to message direction; wc=299
hackenburg2025,main affirmative_action,Yi_msg447,policy_attitude_slider,policy,1.827825063382832,7.818573163130041,11,502,44.96762948207172,26.856649562769352,0.0,100.0,0-100 DV pre-oriented to message direction; wc=311
hackenburg2025,main affirmative_action,Yi_msg475,policy_attitude_slider,policy,-4.009296148738379,5.022981592333441,30,502,44.96762948207172,26.871674323260507,0.0,100.0,0-100 DV pre-oriented to message direction; wc=257
hackenburg2025,main affirmative_action,Yi_msg476,policy_attitude_slider,policy,4.6958320563898255,5.082449784319267,26,502,44.96762948207172,26.80242647872436,0.0,100.0,0-100 DV pre-oriented to message direction; wc=237
hackenburg2025,main affirmative_action,Yi_msg477,policy_attitude_slider,policy,9.930808017928284,5.615828201632635,32,502,44.96762948207172,27.14017043641384,0.0,100.0,0-100 DV pre-oriented to message direction; wc=191
hackenburg2025,main affirmative_action,Yi_msg505,policy_attitude_slider,policy,7.334094655859317,4.723686133958909,29,502,44.96762948207172,26.76500900040625,0.0,100.0,0-100 DV pre-oriented to message direction; wc=260
hackenburg2025,main affirmative_action,Yi_msg506,policy_attitude_slider,policy,-0.1153567547989879,6.189635365905222,22,502,44.96762948207172,26.94690639220117,0.0,100.0,0-100 DV pre-oriented to message direction; wc=183
hackenburg2025,main affirmative_action,Yi_msg507,policy_attitude_slider,policy,-4.159937174379408,5.522647490757344,26,502,44.96762948207172,26.909829537598853,0.0,100.0,0-100 DV pre-oriented to message direction; wc=203
hackenburg2025,main affirmative_action,Llama_msg535,policy_attitude_slider,policy,2.4294293414576984,6.947781796383805,17,502,44.96762948207172,26.92299693010248,0.0,100.0,0-100 DV pre-oriented to message direction; wc=280
hackenburg2025,main affirmative_action,Llama_msg537,policy_attitude_slider,policy,2.115703851261621,7.75765278658251,12,502,44.96762948207172,26.873612905546747,0.0,100.0,0-100 DV pre-oriented to message direction; wc=317
hackenburg2025,main affirmative_action,Llama_msg565,policy_attitude_slider,policy,2.6052871845949497,5.663511446094223,24,502,44.96762948207172,26.891035829201503,0.0,100.0,0-100 DV pre-oriented to message direction; wc=226
hackenburg2025,main affirmative_action,Llama_msg566,policy_attitude_slider,policy,5.2740371845949525,4.258233990822809,30,502,44.96762948207172,26.65400150127027,0.0,100.0,0-100 DV pre-oriented to message direction; wc=277
hackenburg2025,main affirmative_action,Llama_msg567,policy_attitude_slider,policy,-6.334816982071715,5.084789323447054,32,502,44.96762948207172,26.94425757051469,0.0,100.0,0-100 DV pre-oriented to message direction; wc=273
hackenburg2025,main affirmative_action,Llama_msg595,policy_attitude_slider,policy,8.552107360033546,3.2405079527548395,76,502,44.96762948207172,26.798453873111256,0.0,100.0,0-100 DV pre-oriented to message direction; wc=241
hackenburg2025,main affirmative_action,Llama_msg596,policy_attitude_slider,policy,3.674037184594951,3.656575015358546,60,502,44.96762948207172,26.86753907441153,0.0,100.0,0-100 DV pre-oriented to message direction; wc=220
hackenburg2025,main affirmative_action,Llama_msg597,policy_attitude_slider,policy,-0.66177841824193,3.268390984519092,94,502,44.96762948207172,27.303327357353822,0.0,100.0,0-100 DV pre-oriented to message direction; wc=244
hackenburg2025,main affirmative_action,falcon_msg625,policy_attitude_slider,policy,-0.250962815405046,6.491112582449728,15,502,44.96762948207172,26.82390959292388,0.0,100.0,0-100 DV pre-oriented to message direction; wc=271
hackenburg2025,main affirmative_action,falcon_msg626,policy_attitude_slider,policy,-5.428155797861187,7.0569274918589455,19,502,44.96762948207172,27.00700399321336,0.0,100.0,0-100 DV pre-oriented to message direction; wc=239
hackenburg2025,main affirmative_action,falcon_msg627,policy_attitude_slider,policy,-4.533418955755927,7.093929027118218,19,502,44.96762948207172,27.01339108950611,0.0,100.0,0-100 DV pre-oriented to message direction; wc=252
hackenburg2025,main affirmative_action,falcon_msg655,policy_attitude_slider,policy,15.62327960883738,6.39928863577313,22,502,44.96762948207172,26.99021497378688,0.0,100.0,0-100 DV pre-oriented to message direction; wc=175
hackenburg2025,main affirmative_action,falcon_msg656,policy_attitude_slider,policy,0.435596324379901,4.410241214155869,31,502,44.96762948207172,26.707525060052625,0.0,100.0,0-100 DV pre-oriented to message direction; wc=207
hackenburg2025,main affirmative_action,falcon_msg657,policy_attitude_slider,policy,-2.867629482071713,5.5365908148306335,30,502,44.96762948207172,27.036819286490537,0.0,100.0,0-100 DV pre-oriented to message direction; wc=194
hackenburg2025,main affirmative_action,gpt_msg685,policy_attitude_slider,policy,0.2823705179282854,3.1641213504654075,81,502,44.96762948207172,26.80831063116201,0.0,100.0,0-100 DV pre-oriented to message direction; wc=209
hackenburg2025,main affirmative_action,gpt_msg686,policy_attitude_slider,policy,4.682370517928284,3.2455398082375635,90,502,44.96762948207172,27.14843103370188,0.0,100.0,0-100 DV pre-oriented to message direction; wc=200
hackenburg2025,main affirmative_action,gpt_msg687,policy_attitude_slider,policy,3.049611897238627,3.174509708119403,87,502,44.96762948207172,26.95944286932793,0.0,100.0,0-100 DV pre-oriented to message direction; wc=229
hackenburg2025,main affirmative_action,claude_msg715,policy_attitude_slider,policy,4.305703851261619,3.7535743184616415,75,502,44.96762948207172,27.416753308745538,0.0,100.0,0-100 DV pre-oriented to message direction; wc=191
hackenburg2025,main affirmative_action,claude_msg716,policy_attitude_slider,policy,1.462145798827159,2.952258396441224,89,502,44.96762948207172,26.671523735903964,0.0,100.0,0-100 DV pre-oriented to message direction; wc=194
hackenburg2025,main affirmative_action,claude_msg717,policy_attitude_slider,policy,-0.7243862388284725,3.389821809913575,74,502,44.96762948207172,26.930875448827376,0.0,100.0,0-100 DV pre-oriented to message direction; wc=213
hackenburg2025,main affirmative_action,human_msg727,policy_attitude_slider,policy,-2.2863317721480527,2.6815586508401097,131,502,44.96762948207172,26.998673241994837,0.0,100.0,0-100 DV pre-oriented to message direction; wc=172
hackenburg2025,main assisted suicide,pythia_msg17,policy_attitude_slider,policy,-2.4852528089887613,9.31608321057369,16,534,65.42275280898876,31.17072612353127,0.0,100.0,0-100 DV pre-oriented to message direction; wc=111
hackenburg2025,main assisted suicide,pythia_msg46,policy_attitude_slider,policy,3.702247191011239,5.4263395865439685,14,534,65.42275280898876,30.77385520982118,0.0,100.0,0-100 DV pre-oriented to message direction; wc=48
hackenburg2025,main assisted suicide,pythia_msg47,policy_attitude_slider,policy,3.192631806395852,7.989868361750909,13,534,65.42275280898876,30.940159852526687,0.0,100.0,0-100 DV pre-oriented to message direction; wc=66
hackenburg2025,main assisted suicide,pythia_msg76,policy_attitude_slider,policy,8.302247191011233,9.625902562166988,10,534,65.42275280898876,30.98101377588966,0.0,100.0,0-100 DV pre-oriented to message direction; wc=211
hackenburg2025,main assisted suicide,pythia_msg77,policy_attitude_slider,policy,-1.672752808988761,7.530360019466525,14,534,65.42275280898876,30.921145160657726,0.0,100.0,0-100 DV pre-oriented to message direction; wc=279
hackenburg2025,main assisted suicide,pythia_msg78,policy_attitude_slider,policy,6.877247191011236,7.862013992942386,10,534,65.42275280898876,30.898237212324872,0.0,100.0,0-100 DV pre-oriented to message direction; wc=49
hackenburg2025,main assisted suicide,pythia_msg106,policy_attitude_slider,policy,7.443913857677899,6.072442480255827,15,534,65.42275280898876,30.81503272792721,0.0,100.0,0-100 DV pre-oriented to message direction; wc=85
hackenburg2025,main assisted suicide,pythia_msg107,policy_attitude_slider,policy,13.692631806395852,6.522263373632747,13,534,65.42275280898876,30.8414844231706,0.0,100.0,0-100 DV pre-oriented to message direction; wc=229
hackenburg2025,main assisted suicide,pythia_msg108,policy_attitude_slider,policy,-21.331843718079668,10.106221616248016,11,534,65.42275280898876,31.037430920252227,0.0,100.0,0-100 DV pre-oriented to message direction; wc=96
hackenburg2025,main assisted suicide,pythia_msg136,policy_attitude_slider,policy,5.459600132187703,8.391304164110961,17,534,65.42275280898876,31.0915605590166,0.0,100.0,0-100 DV pre-oriented to message direction; wc=73
hackenburg2025,main assisted suicide,pythia_msg137,policy_attitude_slider,policy,2.3272471910112387,8.108431466727625,15,534,65.42275280898876,30.99436394049138,0.0,100.0,0-100 DV pre-oriented to message direction; wc=415
hackenburg2025,main assisted suicide,pythia_msg138,policy_attitude_slider,policy,6.077247191011239,10.397888596130713,11,534,65.42275280898876,31.05694143853088,0.0,100.0,0-100 DV pre-oriented to message direction; wc=203
hackenburg2025,main assisted suicide,pythia_msg166,policy_attitude_slider,policy,8.192631806395852,5.031058947221334,13,534,65.42275280898876,30.76143266179789,0.0,100.0,0-100 DV pre-oriented to message direction; wc=123
hackenburg2025,main assisted suicide,pythia_msg168,policy_attitude_slider,policy,1.531792645556692,10.179411873999417,11,534,65.42275280898876,31.04227582284667,0.0,100.0,0-100 DV pre-oriented to message direction; wc=164
hackenburg2025,main assisted suicide,pythia_msg198,policy_attitude_slider,policy,1.9022471910112413,9.289731494905766,10,534,65.42275280898876,30.96396793892579,0.0,100.0,0-100 DV pre-oriented to message direction; wc=173
hackenburg2025,main assisted suicide,pythia_msg226,policy_attitude_slider,policy,10.177247191011231,5.062354452979104,30,534,65.42275280898876,30.789654177425064,0.0,100.0,0-100 DV pre-oriented to message direction; wc=344
hackenburg2025,main assisted suicide,pythia_msg227,policy_attitude_slider,policy,9.235141927853348,4.50123394791318,19,534,65.42275280898876,30.67187454570223,0.0,100.0,0-100 DV pre-oriented to message direction; wc=290
hackenburg2025,main assisted suicide,pythia_msg228,policy_attitude_slider,policy,12.990708729472772,4.499935035498815,26,534,65.42275280898876,30.645376516973705,0.0,100.0,0-100 DV pre-oriented to message direction; wc=265
hackenburg2025,main assisted suicide,Qwen1.5_msg257,policy_attitude_slider,policy,-7.513661899897855,10.70765600749765,11,534,65.42275280898876,31.07825654266402,0.0,100.0,0-100 DV pre-oriented to message direction; wc=128
hackenburg2025,main assisted suicide,Qwen1.5_msg258,policy_attitude_slider,policy,3.986338100102145,9.026943854745008,11,534,65.42275280898876,30.969967337359705,0.0,100.0,0-100 DV pre-oriented to message direction; wc=229
hackenburg2025,main assisted suicide,Qwen1.5_msg286,policy_attitude_slider,policy,11.65417026793432,5.017404706459706,13,534,65.42275280898876,30.760794305318534,0.0,100.0,0-100 DV pre-oriented to message direction; wc=307
hackenburg2025,main assisted suicide,Qwen1.5_msg287,policy_attitude_slider,policy,-2.286389172625128,9.331552074389837,11,534,65.42275280898876,30.98825139778453,0.0,100.0,0-100 DV pre-oriented to message direction; wc=281
hackenburg2025,main assisted suicide,Qwen1.5_msg288,policy_attitude_slider,policy,16.57724719101124,8.651763928571267,12,534,65.42275280898876,30.967547086015365,0.0,100.0,0-100 DV pre-oriented to message direction; wc=156
hackenburg2025,main assisted suicide,Qwen1.5_msg316,policy_attitude_slider,policy,-0.447752808988767,10.02315098618636,10,534,65.42275280898876,31.001924779650693,0.0,100.0,0-100 DV pre-oriented to message direction; wc=155
hackenburg2025,main assisted suicide,Qwen1.5_msg317,policy_attitude_slider,policy,5.395429009193052,9.548812854327318,11,534,65.42275280898876,31.001656297967767,0.0,100.0,0-100 DV pre-oriented to message direction; wc=173
hackenburg2025,main assisted suicide,Qwen1.5_msg346,policy_attitude_slider,policy,13.236338100102143,11.143966443057492,11,534,65.42275280898876,31.109314189858235,0.0,100.0,0-100 DV pre-oriented to message direction; wc=241
hackenburg2025,main assisted suicide,Qwen1.5_msg347,policy_attitude_slider,policy,14.622701736465784,7.46826429333254,11,534,65.42275280898876,30.88576434065147,0.0,100.0,0-100 DV pre-oriented to message direction; wc=265
hackenburg2025,main assisted suicide,Qwen1.5_msg348,policy_attitude_slider,policy,11.192631806395852,4.260339943960827,13,534,65.42275280898876,30.72809738275581,0.0,100.0,0-100 DV pre-oriented to message direction; wc=167
hackenburg2025,main assisted suicide,Qwen1.5_msg376,policy_attitude_slider,policy,-1.1820120682480135,5.999805615428019,27,534,65.42275280898876,30.96695426161101,0.0,100.0,0-100 DV pre-oriented to message direction; wc=221
hackenburg2025,main assisted suicide,Qwen1.5_msg377,policy_attitude_slider,policy,-6.297752808988761,6.482038412059393,30,534,65.42275280898876,31.19894676122187,0.0,100.0,0-100 DV pre-oriented to message direction; wc=185
hackenburg2025,main assisted suicide,Qwen1.5_msg378,policy_attitude_slider,policy,7.584822948586989,5.204901786219738,33,534,65.42275280898876,30.87958877538765,0.0,100.0,0-100 DV pre-oriented to message direction; wc=223
hackenburg2025,main assisted suicide,Qwen1.5_msg406,policy_attitude_slider,policy,0.4476175613816053,3.948763866829257,81,534,65.42275280898876,31.322925088840943,0.0,100.0,0-100 DV pre-oriented to message direction; wc=227
hackenburg2025,main assisted suicide,Qwen1.5_msg407,policy_attitude_slider,policy,2.990827437924821,3.504886600751955,81,534,65.42275280898876,30.75957645055894,0.0,100.0,0-100 DV pre-oriented to message direction; wc=193
hackenburg2025,main assisted suicide,Qwen1.5_msg408,policy_attitude_slider,policy,2.8563169584530925,3.540278743952931,86,534,65.42275280898876,30.911615923388226,0.0,100.0,0-100 DV pre-oriented to message direction; wc=232
hackenburg2025,main assisted suicide,Yi_msg437,policy_attitude_slider,policy,12.01474719101124,7.823570226137342,12,534,65.42275280898876,30.91404389113284,0.0,100.0,0-100 DV pre-oriented to message direction; wc=227
hackenburg2025,main assisted suicide,Yi_msg438,policy_attitude_slider,policy,11.49391385767791,9.898352780265798,12,534,65.42275280898876,31.058010763305468,0.0,100.0,0-100 DV pre-oriented to message direction; wc=249
hackenburg2025,main assisted suicide,Yi_msg466,policy_attitude_slider,policy,8.15016385767791,5.67384285130003,24,534,65.42275280898876,30.840272563308258,0.0,100.0,0-100 DV pre-oriented to message direction; wc=296
hackenburg2025,main assisted suicide,Yi_msg467,policy_attitude_slider,policy,9.82724719101124,6.101628622140597,23,534,65.42275280898876,30.90161300939888,0.0,100.0,0-100 DV pre-oriented to message direction; wc=266
hackenburg2025,main assisted suicide,Yi_msg468,policy_attitude_slider,policy,20.707247191011238,3.2710383371338936,25,534,65.42275280898876,30.47756528552045,0.0,100.0,0-100 DV pre-oriented to message direction; wc=172
hackenburg2025,main assisted suicide,Yi_msg496,policy_attitude_slider,policy,4.49391385767791,8.719984466992297,15,534,65.42275280898876,31.058036267521903,0.0,100.0,0-100 DV pre-oriented to message direction; wc=241
hackenburg2025,main assisted suicide,Yi_msg497,policy_attitude_slider,policy,14.722408481333815,4.49854584043295,31,534,65.42275280898876,30.65866912618557,0.0,100.0,0-100 DV pre-oriented to message direction; wc=215
hackenburg2025,main assisted suicide,Yi_msg498,policy_attitude_slider,policy,7.927247191011233,5.997160857832964,30,534,65.42275280898876,31.0484661902002,0.0,100.0,0-100 DV pre-oriented to message direction; wc=221
hackenburg2025,main assisted suicide,Llama_msg526,policy_attitude_slider,policy,8.213610827374879,6.078232438101945,11,534,65.42275280898876,30.823949739558152,0.0,100.0,0-100 DV pre-oriented to message direction; wc=316
hackenburg2025,main assisted suicide,Llama_msg527,policy_attitude_slider,policy,2.904170267934319,7.739218554515556,13,534,65.42275280898876,30.921917767244143,0.0,100.0,0-100 DV pre-oriented to message direction; wc=235
hackenburg2025,main assisted suicide,Llama_msg528,policy_attitude_slider,policy,8.349974463738505,9.05805839947441,11,534,65.42275280898876,30.971807648382168,0.0,100.0,0-100 DV pre-oriented to message direction; wc=388
hackenburg2025,main assisted suicide,Llama_msg556,policy_attitude_slider,policy,5.06534242910648,4.927969489969235,42,534,65.42275280898876,30.9762046220834,0.0,100.0,0-100 DV pre-oriented to message direction; wc=244
hackenburg2025,main assisted suicide,Llama_msg557,policy_attitude_slider,policy,2.5772471910112387,6.319434207233381,30,534,65.42275280898876,31.147261752611787,0.0,100.0,0-100 DV pre-oriented to message direction; wc=277
hackenburg2025,main assisted suicide,Llama_msg558,policy_attitude_slider,policy,8.971477960242012,4.574389207914525,26,534,65.42275280898876,30.65821449348104,0.0,100.0,0-100 DV pre-oriented to message direction; wc=217
hackenburg2025,main assisted suicide,Llama_msg586,policy_attitude_slider,policy,1.450534862244112,3.8343482904784554,73,534,65.42275280898876,30.958944193251742,0.0,100.0,0-100 DV pre-oriented to message direction; wc=260
hackenburg2025,main assisted suicide,Llama_msg587,policy_attitude_slider,policy,5.733044292460519,3.768941698997478,69,534,65.42275280898876,30.80331204328776,0.0,100.0,0-100 DV pre-oriented to message direction; wc=259
hackenburg2025,main assisted suicide,Llama_msg588,policy_attitude_slider,policy,6.811221549985604,3.54304820254564,78,534,65.42275280898876,30.74581921522466,0.0,100.0,0-100 DV pre-oriented to message direction; wc=244
hackenburg2025,main assisted suicide,falcon_msg616,policy_attitude_slider,policy,-6.5591164453523945,10.53940228289468,11,534,65.42275280898876,31.06660318328852,0.0,100.0,0-100 DV pre-oriented to message direction; wc=159
hackenburg2025,main assisted suicide,falcon_msg617,policy_attitude_slider,policy,6.918156281920332,8.156942770224557,11,534,65.42275280898876,30.921033808031414,0.0,100.0,0-100 DV pre-oriented to message direction; wc=118
hackenburg2025,main assisted suicide,falcon_msg618,policy_attitude_slider,policy,14.55641385767791,7.305381894100829,12,534,65.42275280898876,30.88326152701532,0.0,100.0,0-100 DV pre-oriented to message direction; wc=210
hackenburg2025,main assisted suicide,falcon_msg646,policy_attitude_slider,policy,3.2466020297209184,5.254520047436318,31,534,65.42275280898876,30.856657348717743,0.0,100.0,0-100 DV pre-oriented to message direction; wc=119
hackenburg2025,main assisted suicide,falcon_msg647,policy_attitude_slider,policy,-8.029895666131615,9.307068996176952,21,534,65.42275280898876,31.47007885975688,0.0,100.0,0-100 DV pre-oriented to message direction; wc=240
hackenburg2025,main assisted suicide,falcon_msg648,policy_attitude_slider,policy,7.427247191011233,5.225506368094834,25,534,65.42275280898876,30.769631121898183,0.0,100.0,0-100 DV pre-oriented to message direction; wc=259
hackenburg2025,main assisted suicide,gpt_msg676,policy_attitude_slider,policy,3.5506514463303915,3.0357207994833915,94,534,65.42275280898876,30.356835068988424,0.0,100.0,0-100 DV pre-oriented to message direction; wc=233
hackenburg2025,main assisted suicide,gpt_msg677,policy_attitude_slider,policy,5.766200679383331,3.2937466677922496,86,534,65.42275280898876,30.587567753364144,0.0,100.0,0-100 DV pre-oriented to message direction; wc=201
hackenburg2025,main assisted suicide,gpt_msg678,policy_attitude_slider,policy,0.4178721910112415,3.4448462850759944,80,534,65.42275280898876,30.66997415353702,0.0,100.0,0-100 DV pre-oriented to message direction; wc=201
hackenburg2025,main assisted suicide,claude_msg706,policy_attitude_slider,policy,7.20387056763461,3.4308904312539608,77,534,65.42275280898876,30.604281577302316,0.0,100.0,0-100 DV pre-oriented to message direction; wc=213
hackenburg2025,main assisted suicide,claude_msg707,policy_attitude_slider,policy,6.931677570758069,3.651875833253549,79,534,65.42275280898876,30.893376294261174,0.0,100.0,0-100 DV pre-oriented to message direction; wc=196
hackenburg2025,main assisted suicide,claude_msg708,policy_attitude_slider,policy,0.7535292422932969,3.41778671302829,78,534,65.42275280898876,30.605890215135503,0.0,100.0,0-100 DV pre-oriented to message direction; wc=200
hackenburg2025,main assisted suicide,human_msg724,policy_attitude_slider,policy,5.395285165694787,2.642074680463886,158,534,65.42275280898876,30.46926658138416,0.0,100.0,0-100 DV pre-oriented to message direction; wc=153
hackenburg2025,main border_restrictions,pythia_msg19,policy_attitude_slider,policy,1.0524338942307665,7.652927363616657,13,512,55.966796875,30.51323626650271,0.0,100.0,0-100 DV pre-oriented to message direction; wc=43
hackenburg2025,main border_restrictions,pythia_msg20,policy_attitude_slider,policy,-0.904296875,10.570372059605528,12,512,55.966796875,30.71932015194121,0.0,100.0,0-100 DV pre-oriented to message direction; wc=39
hackenburg2025,main border_restrictions,pythia_msg21,policy_attitude_slider,policy,4.158203125,8.481049248159175,12,512,55.966796875,30.55505043964896,0.0,100.0,0-100 DV pre-oriented to message direction; wc=75
hackenburg2025,main border_restrictions,pythia_msg49,policy_attitude_slider,policy,-10.945963541666664,8.259242623316768,12,512,55.966796875,30.53968173721254,0.0,100.0,0-100 DV pre-oriented to message direction; wc=25
hackenburg2025,main border_restrictions,pythia_msg50,policy_attitude_slider,policy,-11.36153371710526,7.341475971398651,19,512,55.966796875,30.617451811448777,0.0,100.0,0-100 DV pre-oriented to message direction; wc=277
hackenburg2025,main border_restrictions,pythia_msg51,policy_attitude_slider,policy,10.055930397727266,8.931718081009217,11,512,55.966796875,30.563046206276933,0.0,100.0,0-100 DV pre-oriented to message direction; wc=32
hackenburg2025,main border_restrictions,pythia_msg80,policy_attitude_slider,policy,1.2137586805555571,5.794307264306728,18,512,55.966796875,30.395317162044662,0.0,100.0,0-100 DV pre-oriented to message direction; wc=268
hackenburg2025,main border_restrictions,pythia_msg81,policy_attitude_slider,policy,-2.937385110294116,7.73350304991178,17,512,55.966796875,30.61241363839981,0.0,100.0,0-100 DV pre-oriented to message direction; wc=212
hackenburg2025,main border_restrictions,pythia_msg109,policy_attitude_slider,policy,0.1241122159090934,10.549630299156217,11,512,55.966796875,30.67172150800246,0.0,100.0,0-100 DV pre-oriented to message direction; wc=131
hackenburg2025,main border_restrictions,pythia_msg111,policy_attitude_slider,policy,-1.0203683035714306,7.700247585372312,14,512,55.966796875,30.534381287138693,0.0,100.0,0-100 DV pre-oriented to message direction; wc=172
hackenburg2025,main border_restrictions,pythia_msg139,policy_attitude_slider,policy,15.340895432692308,8.776958436862843,13,512,55.966796875,30.60336775784147,0.0,100.0,0-100 DV pre-oriented to message direction; wc=45
hackenburg2025,main border_restrictions,pythia_msg169,policy_attitude_slider,policy,9.699869791666671,7.130693410981747,15,512,55.966796875,30.500141104442008,0.0,100.0,0-100 DV pre-oriented to message direction; wc=163
hackenburg2025,main border_restrictions,pythia_msg170,policy_attitude_slider,policy,-1.5501302083333357,9.477495707466971,12,512,55.966796875,30.629009307143008,0.0,100.0,0-100 DV pre-oriented to message direction; wc=220
hackenburg2025,main border_restrictions,pythia_msg171,policy_attitude_slider,policy,5.233203125000003,10.97202805467292,10,512,55.966796875,30.658224851606832,0.0,100.0,0-100 DV pre-oriented to message direction; wc=183
hackenburg2025,main border_restrictions,pythia_msg229,policy_attitude_slider,policy,0.6864289314516157,6.497860662747297,31,512,55.966796875,30.87326952574697,0.0,100.0,0-100 DV pre-oriented to message direction; wc=303
hackenburg2025,main border_restrictions,pythia_msg230,policy_attitude_slider,policy,10.658203125,6.836795930900935,22,512,55.966796875,30.62145036347147,0.0,100.0,0-100 DV pre-oriented to message direction; wc=111
hackenburg2025,main border_restrictions,pythia_msg231,policy_attitude_slider,policy,-1.091796875,7.002530213746626,28,512,55.966796875,30.902803558012675,0.0,100.0,0-100 DV pre-oriented to message direction; wc=222
hackenburg2025,main border_restrictions,Qwen1.5_msg259,policy_attitude_slider,policy,-0.2376302083333357,8.61118973840505,12,512,55.966796875,30.56425358800444,0.0,100.0,0-100 DV pre-oriented to message direction; wc=262
hackenburg2025,main border_restrictions,Qwen1.5_msg260,policy_attitude_slider,policy,-3.341796875,9.444022447350758,12,512,55.966796875,30.6263946604596,0.0,100.0,0-100 DV pre-oriented to message direction; wc=122
hackenburg2025,main border_restrictions,Qwen1.5_msg261,policy_attitude_slider,policy,8.943917410714292,9.490242969500052,14,512,55.966796875,30.70889191787806,0.0,100.0,0-100 DV pre-oriented to message direction; wc=137
hackenburg2025,main border_restrictions,Qwen1.5_msg289,policy_attitude_slider,policy,16.383203124999994,10.47012202355279,10,512,55.966796875,30.627832225296544,0.0,100.0,0-100 DV pre-oriented to message direction; wc=322
hackenburg2025,main border_restrictions,Qwen1.5_msg291,policy_attitude_slider,policy,-3.53497869318182,8.147584255528814,11,512,55.966796875,30.516752955723756,0.0,100.0,0-100 DV pre-oriented to message direction; wc=233
hackenburg2025,main border_restrictions,Qwen1.5_msg319,policy_attitude_slider,policy,7.942294034090906,9.790320794900271,11,512,55.966796875,30.618518966784716,0.0,100.0,0-100 DV pre-oriented to message direction; wc=118
hackenburg2025,main border_restrictions,Qwen1.5_msg320,policy_attitude_slider,policy,-4.244574652777779,7.876399844182731,18,512,55.966796875,30.66547407898026,0.0,100.0,0-100 DV pre-oriented to message direction; wc=230
hackenburg2025,main border_restrictions,Qwen1.5_msg321,policy_attitude_slider,policy,5.129356971153847,8.279186129834114,13,512,55.966796875,30.5619650099083,0.0,100.0,0-100 DV pre-oriented to message direction; wc=240
hackenburg2025,main border_restrictions,Qwen1.5_msg349,policy_attitude_slider,policy,0.595703125,8.36993007698635,16,512,55.966796875,30.6602409728784,0.0,100.0,0-100 DV pre-oriented to message direction; wc=230
hackenburg2025,main border_restrictions,Qwen1.5_msg379,policy_attitude_slider,policy,9.995324337121218,4.8964118449434775,33,512,55.966796875,30.38971701080869,0.0,100.0,0-100 DV pre-oriented to message direction; wc=233
hackenburg2025,main border_restrictions,Qwen1.5_msg380,policy_attitude_slider,policy,-6.195963541666664,5.099029908061195,24,512,55.966796875,30.336287776342697,0.0,100.0,0-100 DV pre-oriented to message direction; wc=226
hackenburg2025,main border_restrictions,Qwen1.5_msg381,policy_attitude_slider,policy,17.27233355978261,5.694255632184002,23,512,55.966796875,30.430737346923674,0.0,100.0,0-100 DV pre-oriented to message direction; wc=207
hackenburg2025,main border_restrictions,Qwen1.5_msg409,policy_attitude_slider,policy,4.213203125,3.875572137412664,75,512,55.966796875,30.69873617340347,0.0,100.0,0-100 DV pre-oriented to message direction; wc=214
hackenburg2025,main border_restrictions,Qwen1.5_msg410,policy_attitude_slider,policy,4.890345982142854,3.895138914292243,77,512,55.966796875,30.781563740335653,0.0,100.0,0-100 DV pre-oriented to message direction; wc=207
hackenburg2025,main border_restrictions,Qwen1.5_msg411,policy_attitude_slider,policy,3.897280794902912,3.089835739980944,103,512,55.966796875,30.20309942270447,0.0,100.0,0-100 DV pre-oriented to message direction; wc=224
hackenburg2025,main border_restrictions,Yi_msg440,policy_attitude_slider,policy,18.583203125,7.928367470270327,10,512,55.966796875,30.495413764483786,0.0,100.0,0-100 DV pre-oriented to message direction; wc=317
hackenburg2025,main border_restrictions,Yi_msg441,policy_attitude_slider,policy,14.552433894230774,7.342359699084574,13,512,55.966796875,30.49046549524924,0.0,100.0,0-100 DV pre-oriented to message direction; wc=240
hackenburg2025,main border_restrictions,Yi_msg469,policy_attitude_slider,policy,3.878441220238095,7.267146232996736,21,512,55.966796875,30.670627202821787,0.0,100.0,0-100 DV pre-oriented to message direction; wc=198
hackenburg2025,main border_restrictions,Yi_msg470,policy_attitude_slider,policy,9.059518914473683,6.286574508736059,19,512,55.966796875,30.46529285577676,0.0,100.0,0-100 DV pre-oriented to message direction; wc=270
hackenburg2025,main border_restrictions,Yi_msg471,policy_attitude_slider,policy,9.176953124999995,4.4985765339473485,40,512,55.966796875,30.35580059842914,0.0,100.0,0-100 DV pre-oriented to message direction; wc=124
hackenburg2025,main border_restrictions,Yi_msg499,policy_attitude_slider,policy,1.9195667613636327,4.64696480741211,33,512,55.966796875,30.313450627891807,0.0,100.0,0-100 DV pre-oriented to message direction; wc=288
hackenburg2025,main border_restrictions,Yi_msg500,policy_attitude_slider,policy,4.658203125,6.314592923980831,22,512,55.966796875,30.523911472985688,0.0,100.0,0-100 DV pre-oriented to message direction; wc=200
hackenburg2025,main border_restrictions,Yi_msg501,policy_attitude_slider,policy,8.805930397727266,6.906706164528003,22,512,55.966796875,30.635071588731257,0.0,100.0,0-100 DV pre-oriented to message direction; wc=210
hackenburg2025,main border_restrictions,Llama_msg529,policy_attitude_slider,policy,1.95628004807692,10.977683876301931,13,512,55.966796875,30.81450419034429,0.0,100.0,0-100 DV pre-oriented to message direction; wc=247
hackenburg2025,main border_restrictions,Llama_msg530,policy_attitude_slider,policy,-3.878561580882355,6.629862321122759,17,512,55.966796875,30.47848739547917,0.0,100.0,0-100 DV pre-oriented to message direction; wc=228
hackenburg2025,main border_restrictions,Llama_msg531,policy_attitude_slider,policy,-26.791796875,6.328039205637491,10,512,55.966796875,30.430601747029225,0.0,100.0,0-100 DV pre-oriented to message direction; wc=295
hackenburg2025,main border_restrictions,Llama_msg559,policy_attitude_slider,policy,6.253203124999999,6.952660934992735,25,512,55.966796875,30.753739246760063,0.0,100.0,0-100 DV pre-oriented to message direction; wc=300
hackenburg2025,main border_restrictions,Llama_msg560,policy_attitude_slider,policy,9.718686995967744,4.286535051993087,31,512,55.966796875,30.20204395999688,0.0,100.0,0-100 DV pre-oriented to message direction; wc=229
hackenburg2025,main border_restrictions,Llama_msg561,policy_attitude_slider,policy,-7.883463541666664,6.489285003792777,27,512,55.966796875,30.707689110031577,0.0,100.0,0-100 DV pre-oriented to message direction; wc=215
hackenburg2025,main border_restrictions,Llama_msg589,policy_attitude_slider,policy,-0.2017366340361448,3.664809049482925,83,512,55.966796875,30.649654386844368,0.0,100.0,0-100 DV pre-oriented to message direction; wc=250
hackenburg2025,main border_restrictions,Llama_msg590,policy_attitude_slider,policy,2.4066971009036138,3.383790301131614,83,512,55.966796875,30.276514649946662,0.0,100.0,0-100 DV pre-oriented to message direction; wc=287
hackenburg2025,main border_restrictions,Llama_msg591,policy_attitude_slider,policy,0.9979090073529376,3.4875605438806,85,512,55.966796875,30.455611166696556,0.0,100.0,0-100 DV pre-oriented to message direction; wc=198
hackenburg2025,main border_restrictions,falcon_msg619,policy_attitude_slider,policy,7.646839488636367,6.31614331621945,11,512,55.966796875,30.424980297551112,0.0,100.0,0-100 DV pre-oriented to message direction; wc=158
hackenburg2025,main border_restrictions,falcon_msg620,policy_attitude_slider,policy,0.3741122159090935,8.535842579369888,11,512,55.966796875,30.53915219784461,0.0,100.0,0-100 DV pre-oriented to message direction; wc=150
hackenburg2025,main border_restrictions,falcon_msg621,policy_attitude_slider,policy,3.5786576704545467,8.211541279971534,11,512,55.966796875,30.520372127759103,0.0,100.0,0-100 DV pre-oriented to message direction; wc=154
hackenburg2025,main border_restrictions,falcon_msg649,policy_attitude_slider,policy,15.903573495370368,4.624864953496468,27,512,55.966796875,30.263406984591647,0.0,100.0,0-100 DV pre-oriented to message direction; wc=190
hackenburg2025,main border_restrictions,falcon_msg650,policy_attitude_slider,policy,6.095703125,5.844510295270624,28,512,55.966796875,30.562687381591587,0.0,100.0,0-100 DV pre-oriented to message direction; wc=184
hackenburg2025,main border_restrictions,falcon_msg651,policy_attitude_slider,policy,8.71177455357143,4.294865777147908,28,512,55.966796875,30.199315973990203,0.0,100.0,0-100 DV pre-oriented to message direction; wc=192
hackenburg2025,main border_restrictions,gpt_msg679,policy_attitude_slider,policy,4.217985733695649,3.7762679010678544,69,512,55.966796875,30.43798423683394,0.0,100.0,0-100 DV pre-oriented to message direction; wc=206
hackenburg2025,main border_restrictions,gpt_msg680,policy_attitude_slider,policy,4.381687973484851,4.116982310182439,66,512,55.966796875,30.702592192729515,0.0,100.0,0-100 DV pre-oriented to message direction; wc=211
hackenburg2025,main border_restrictions,gpt_msg681,policy_attitude_slider,policy,9.070837533602145,3.295641401046496,93,512,55.966796875,30.348604865643384,0.0,100.0,0-100 DV pre-oriented to message direction; wc=216
hackenburg2025,main border_restrictions,claude_msg709,policy_attitude_slider,policy,2.587890625,3.317019895002264,96,512,55.966796875,30.446897204835427,0.0,100.0,0-100 DV pre-oriented to message direction; wc=199
hackenburg2025,main border_restrictions,claude_msg710,policy_attitude_slider,policy,5.475770692567565,4.007986891892072,74,512,55.966796875,30.82756613542444,0.0,100.0,0-100 DV pre-oriented to message direction; wc=195
hackenburg2025,main border_restrictions,claude_msg711,policy_attitude_slider,policy,3.872092013888889,3.532958603997425,90,512,55.966796875,30.644027407086572,0.0,100.0,0-100 DV pre-oriented to message direction; wc=190
hackenburg2025,main border_restrictions,human_msg722,policy_attitude_slider,policy,7.154104764344261,2.9487206995685185,122,512,55.966796875,30.280109498585905,0.0,100.0,0-100 DV pre-oriented to message direction; wc=157
hackenburg2025,main electoral_college,pythia_msg28,policy_attitude_slider,policy,-8.975698897153123,8.806004423791158,14,557,64.04712746858169,31.103581526699,0.0,100.0,0-100 DV pre-oriented to message direction; wc=494
hackenburg2025,main electoral_college,pythia_msg29,policy_attitude_slider,policy,-12.484627468581692,8.707912201224236,12,557,64.04712746858169,31.044481968962724,0.0,100.0,0-100 DV pre-oriented to message direction; wc=125
hackenburg2025,main electoral_college,pythia_msg30,policy_attitude_slider,policy,-11.720204391658612,8.524336777269824,13,557,64.04712746858169,31.05358338967606,0.0,100.0,0-100 DV pre-oriented to message direction; wc=269
hackenburg2025,main electoral_college,pythia_msg58,policy_attitude_slider,policy,7.805813707888902,6.664590769552513,17,557,64.04712746858169,30.96019700399261,0.0,100.0,0-100 DV pre-oriented to message direction; wc=27
hackenburg2025,main electoral_college,pythia_msg59,policy_attitude_slider,policy,0.5028725314183049,10.069032702465556,10,557,64.04712746858169,31.07627073000985,0.0,100.0,0-100 DV pre-oriented to message direction; wc=68
hackenburg2025,main electoral_college,pythia_msg60,policy_attitude_slider,policy,-11.684627468581697,6.682300622000965,20,557,64.04712746858169,31.011386682368634,0.0,100.0,0-100 DV pre-oriented to message direction; wc=49
hackenburg2025,main electoral_college,pythia_msg88,policy_attitude_slider,policy,1.4983270768728545,9.20071559701772,11,557,64.04712746858169,31.053144707880165,0.0,100.0,0-100 DV pre-oriented to message direction; wc=115
hackenburg2025,main electoral_college,pythia_msg90,policy_attitude_slider,policy,-8.359627468581692,7.605388842766978,12,557,64.04712746858169,30.976970339416383,0.0,100.0,0-100 DV pre-oriented to message direction; wc=117
hackenburg2025,main electoral_college,pythia_msg118,policy_attitude_slider,policy,-1.0471274685816925,5.7920042733681365,12,557,64.04712746858169,30.88554353826774,0.0,100.0,0-100 DV pre-oriented to message direction; wc=204
hackenburg2025,main electoral_college,pythia_msg119,policy_attitude_slider,policy,14.4885868171326,7.728034630444475,14,557,64.04712746858169,31.01180206620269,0.0,100.0,0-100 DV pre-oriented to message direction; wc=187
hackenburg2025,main electoral_college,pythia_msg120,policy_attitude_slider,policy,1.1528725314183106,9.908435104999551,10,557,64.04712746858169,31.06804693793873,0.0,100.0,0-100 DV pre-oriented to message direction; wc=163
hackenburg2025,main electoral_college,pythia_msg148,policy_attitude_slider,policy,5.222103300649081,7.106399762955517,13,557,64.04712746858169,30.955418110255515,0.0,100.0,0-100 DV pre-oriented to message direction; wc=208
hackenburg2025,main electoral_college,pythia_msg150,policy_attitude_slider,policy,7.746990178477134,7.729725266450853,17,557,64.04712746858169,31.07771683929752,0.0,100.0,0-100 DV pre-oriented to message direction; wc=240
hackenburg2025,main electoral_college,pythia_msg178,policy_attitude_slider,policy,5.585225472594772,5.728217637759179,17,557,64.04712746858169,30.87095193331325,0.0,100.0,0-100 DV pre-oriented to message direction; wc=141
hackenburg2025,main electoral_college,pythia_msg179,policy_attitude_slider,policy,2.185015388561169,8.696050131606953,14,557,64.04712746858169,31.093684857717395,0.0,100.0,0-100 DV pre-oriented to message direction; wc=376
hackenburg2025,main electoral_college,pythia_msg180,policy_attitude_slider,policy,10.089236167781948,8.577940315669526,11,557,64.04712746858169,31.01847793248767,0.0,100.0,0-100 DV pre-oriented to message direction; wc=131
hackenburg2025,main electoral_college,pythia_msg210,policy_attitude_slider,policy,2.437247531418308,7.935963575433829,16,557,64.04712746858169,31.07446874367687,0.0,100.0,0-100 DV pre-oriented to message direction; wc=87
hackenburg2025,main electoral_college,pythia_msg238,policy_attitude_slider,policy,-0.0385067789265178,6.648138191746375,29,557,64.04712746858169,31.273012369325983,0.0,100.0,0-100 DV pre-oriented to message direction; wc=310
hackenburg2025,main electoral_college,pythia_msg239,policy_attitude_slider,policy,3.6293431196535977,8.168312093770947,17,557,64.04712746858169,31.13101603027512,0.0,100.0,0-100 DV pre-oriented to message direction; wc=300
hackenburg2025,main electoral_college,pythia_msg240,policy_attitude_slider,policy,5.939714636681472,8.10150655637508,19,557,64.04712746858169,31.19360792352407,0.0,100.0,0-100 DV pre-oriented to message direction; wc=333
hackenburg2025,main electoral_college,Qwen1.5_msg269,policy_attitude_slider,policy,5.652872531418311,7.5255716784261875,15,557,64.04712746858169,31.01218211131192,0.0,100.0,0-100 DV pre-oriented to message direction; wc=186
hackenburg2025,main electoral_college,Qwen1.5_msg298,policy_attitude_slider,policy,-12.359627468581692,8.502870396518313,16,557,64.04712746858169,31.137431590715085,0.0,100.0,0-100 DV pre-oriented to message direction; wc=224
hackenburg2025,main electoral_college,Qwen1.5_msg300,policy_attitude_slider,policy,-11.77440019585442,10.748278073570292,11,557,64.04712746858169,31.14960217948476,0.0,100.0,0-100 DV pre-oriented to message direction; wc=233
hackenburg2025,main electoral_college,Qwen1.5_msg328,policy_attitude_slider,policy,-4.7762941352483566,8.110063274621927,12,557,64.04712746858169,31.00675902578781,0.0,100.0,0-100 DV pre-oriented to message direction; wc=103
hackenburg2025,main electoral_college,Qwen1.5_msg330,policy_attitude_slider,policy,7.109122531418308,7.876821236545075,16,557,64.04712746858169,31.068143278255796,0.0,100.0,0-100 DV pre-oriented to message direction; wc=184
hackenburg2025,main electoral_college,Qwen1.5_msg359,policy_attitude_slider,policy,0.7966225314183077,8.53174466092101,16,557,64.04712746858169,31.140751165482907,0.0,100.0,0-100 DV pre-oriented to message direction; wc=148
hackenburg2025,main electoral_college,Qwen1.5_msg388,policy_attitude_slider,policy,8.33190478948282,5.245515141718285,31,557,64.04712746858169,30.9311979884641,0.0,100.0,0-100 DV pre-oriented to message direction; wc=277
hackenburg2025,main electoral_college,Qwen1.5_msg389,policy_attitude_slider,policy,-1.3629169422659049,5.9117243991504935,38,557,64.04712746858169,31.365022003478558,0.0,100.0,0-100 DV pre-oriented to message direction; wc=279
hackenburg2025,main electoral_college,Qwen1.5_msg390,policy_attitude_slider,policy,2.1252863245217526,4.546288831397146,29,557,64.04712746858169,30.74550900869491,0.0,100.0,0-100 DV pre-oriented to message direction; wc=185
hackenburg2025,main electoral_college,Qwen1.5_msg418,policy_attitude_slider,policy,7.235340063885843,3.522768295734822,77,557,64.04712746858169,30.790045300592357,0.0,100.0,0-100 DV pre-oriented to message direction; wc=218
hackenburg2025,main electoral_college,Qwen1.5_msg419,policy_attitude_slider,policy,7.052231505777286,3.411125003146103,78,557,64.04712746858169,30.68846333377006,0.0,100.0,0-100 DV pre-oriented to message direction; wc=269
hackenburg2025,main electoral_college,Qwen1.5_msg420,policy_attitude_slider,policy,8.47612834537179,3.2452263267660286,86,557,64.04712746858169,30.619931307560982,0.0,100.0,0-100 DV pre-oriented to message direction; wc=219
hackenburg2025,main electoral_college,Yi_msg448,policy_attitude_slider,policy,2.702872531418308,7.86231670431338,14,557,64.04712746858169,31.02259651542383,0.0,100.0,0-100 DV pre-oriented to message direction; wc=394
hackenburg2025,main electoral_college,Yi_msg449,policy_attitude_slider,policy,-4.274400195854419,9.03726022950998,11,557,64.04712746858169,31.043814705797107,0.0,100.0,0-100 DV pre-oriented to message direction; wc=116
hackenburg2025,main electoral_college,Yi_msg450,policy_attitude_slider,policy,3.609122531418308,6.099567973156307,16,557,64.04712746858169,30.89966134792944,0.0,100.0,0-100 DV pre-oriented to message direction; wc=300
hackenburg2025,main electoral_college,Yi_msg478,policy_attitude_slider,policy,10.09257841377125,5.140807836451712,34,557,64.04712746858169,30.954786550035337,0.0,100.0,0-100 DV pre-oriented to message direction; wc=305
hackenburg2025,main electoral_college,Yi_msg479,policy_attitude_slider,policy,2.7862058647516363,5.505973116056322,33,557,64.04712746858169,31.04897337839888,0.0,100.0,0-100 DV pre-oriented to message direction; wc=229
hackenburg2025,main electoral_college,Yi_msg480,policy_attitude_slider,policy,13.158754884359482,5.391010195696427,17,557,64.04712746858169,30.842060578482325,0.0,100.0,0-100 DV pre-oriented to message direction; wc=262
hackenburg2025,main electoral_college,Yi_msg508,policy_attitude_slider,policy,7.137083057734103,7.454396197678899,19,557,64.04712746858169,31.09732196215548,0.0,100.0,0-100 DV pre-oriented to message direction; wc=225
hackenburg2025,main electoral_college,Yi_msg509,policy_attitude_slider,policy,22.091761420307197,3.243018185538723,27,557,64.04712746858169,30.540319445041543,0.0,100.0,0-100 DV pre-oriented to message direction; wc=240
hackenburg2025,main electoral_college,Yi_msg510,policy_attitude_slider,policy,0.9680240465698232,5.409636068101805,33,557,64.04712746858169,31.01854607147282,0.0,100.0,0-100 DV pre-oriented to message direction; wc=157
hackenburg2025,main electoral_college,Llama_msg538,policy_attitude_slider,policy,16.077872531418308,8.360285754485558,10,557,64.04712746858169,30.99545660836396,0.0,100.0,0-100 DV pre-oriented to message direction; wc=346
hackenburg2025,main electoral_college,Llama_msg540,policy_attitude_slider,policy,20.89404900200654,5.206682392429862,17,557,64.04712746858169,30.82699770863208,0.0,100.0,0-100 DV pre-oriented to message direction; wc=303
hackenburg2025,main electoral_college,Llama_msg568,policy_attitude_slider,policy,12.404485434644116,4.400884883313295,31,557,64.04712746858169,30.721465653788425,0.0,100.0,0-100 DV pre-oriented to message direction; wc=277
hackenburg2025,main electoral_college,Llama_msg569,policy_attitude_slider,policy,10.68203919808498,5.317915812712588,24,557,64.04712746858169,30.85778398472275,0.0,100.0,0-100 DV pre-oriented to message direction; wc=317
hackenburg2025,main electoral_college,Llama_msg570,policy_attitude_slider,policy,12.692002966200915,6.553883844102986,23,557,64.04712746858169,31.05773408256833,0.0,100.0,0-100 DV pre-oriented to message direction; wc=259
hackenburg2025,main electoral_college,Llama_msg598,policy_attitude_slider,policy,1.3148516980849791,3.708357384232733,96,557,64.04712746858169,31.50804054910585,0.0,100.0,0-100 DV pre-oriented to message direction; wc=281
hackenburg2025,main electoral_college,Llama_msg599,policy_attitude_slider,policy,-5.65155784832853,4.181366338424561,79,557,64.04712746858169,31.61600245077446,0.0,100.0,0-100 DV pre-oriented to message direction; wc=280
hackenburg2025,main electoral_college,Llama_msg600,policy_attitude_slider,policy,9.87953919808497,3.089594575085198,75,557,64.04712746858169,30.34279475860593,0.0,100.0,0-100 DV pre-oriented to message direction; wc=245
hackenburg2025,main electoral_college,falcon_msg628,policy_attitude_slider,policy,5.761696060830076,8.087764291911672,17,557,64.04712746858169,31.121013985797944,0.0,100.0,0-100 DV pre-oriented to message direction; wc=285
hackenburg2025,main electoral_college,falcon_msg629,policy_attitude_slider,policy,8.095729674275447,7.846958410620938,14,557,64.04712746858169,31.021352691798192,0.0,100.0,0-100 DV pre-oriented to message direction; wc=177
hackenburg2025,main electoral_college,falcon_msg630,policy_attitude_slider,policy,14.952872531418308,5.73735256325735,13,557,64.04712746858169,30.877315029931893,0.0,100.0,0-100 DV pre-oriented to message direction; wc=387
hackenburg2025,main electoral_college,falcon_msg658,policy_attitude_slider,policy,9.341761420307192,5.437736954933652,27,557,64.04712746858169,30.914254601694324,0.0,100.0,0-100 DV pre-oriented to message direction; wc=198
hackenburg2025,main electoral_college,falcon_msg659,policy_attitude_slider,policy,4.077872531418308,8.173560863840176,20,557,64.04712746858169,31.24655147313685,0.0,100.0,0-100 DV pre-oriented to message direction; wc=235
hackenburg2025,main electoral_college,falcon_msg660,policy_attitude_slider,policy,11.33330731402701,5.7791349850372615,23,557,64.04712746858169,30.922776319858976,0.0,100.0,0-100 DV pre-oriented to message direction; wc=285
hackenburg2025,main electoral_college,gpt_msg688,policy_attitude_slider,policy,1.0295770768728545,3.802167219416751,88,557,64.04712746858169,31.40273858916333,0.0,100.0,0-100 DV pre-oriented to message direction; wc=196
hackenburg2025,main electoral_college,gpt_msg689,policy_attitude_slider,policy,13.788315569392992,3.0848348346818435,79,557,64.04712746858169,30.366632862814896,0.0,100.0,0-100 DV pre-oriented to message direction; wc=208
hackenburg2025,main electoral_college,gpt_msg690,policy_attitude_slider,policy,6.708754884359479,3.3317065583822423,85,557,64.04712746858169,30.709175070906465,0.0,100.0,0-100 DV pre-oriented to message direction; wc=192
hackenburg2025,main electoral_college,claude_msg718,policy_attitude_slider,policy,6.95625090979668,3.849143996167584,74,557,64.04712746858169,31.07367615612756,0.0,100.0,0-100 DV pre-oriented to message direction; wc=201
hackenburg2025,main electoral_college,claude_msg719,policy_attitude_slider,policy,6.346990178477128,3.4179194480081017,85,557,64.04712746858169,30.81469306249185,0.0,100.0,0-100 DV pre-oriented to message direction; wc=183
hackenburg2025,main electoral_college,claude_msg720,policy_attitude_slider,policy,9.433392011937784,3.707327636773767,77,557,64.04712746858169,30.99004015643448,0.0,100.0,0-100 DV pre-oriented to message direction; wc=205
hackenburg2025,main electoral_college,human_msg721,policy_attitude_slider,policy,2.838648393487276,3.106542293749432,116,557,64.04712746858169,30.938939177481537,0.0,100.0,0-100 DV pre-oriented to message direction; wc=130
hackenburg2025,main felons_voting,pythia_msg22,policy_attitude_slider,policy,0.2592356145726953,9.549219516247634,11,534,57.35440074906367,26.88267557487649,0.0,100.0,0-100 DV pre-oriented to message direction; wc=148
hackenburg2025,main felons_voting,pythia_msg23,policy_attitude_slider,policy,5.145599250936328,7.52705110439423,10,534,57.35440074906367,26.738780699218225,0.0,100.0,0-100 DV pre-oriented to message direction; wc=172
hackenburg2025,main felons_voting,pythia_msg24,policy_attitude_slider,policy,5.472522327859409,7.276515092967384,13,534,57.35440074906367,26.770573507791696,0.0,100.0,0-100 DV pre-oriented to message direction; wc=210
hackenburg2025,main felons_voting,pythia_msg52,policy_attitude_slider,policy,10.827417432754515,7.461401391485156,11,534,57.35440074906367,26.748526353855507,0.0,100.0,0-100 DV pre-oriented to message direction; wc=73
hackenburg2025,main felons_voting,pythia_msg53,policy_attitude_slider,policy,2.853932584269664,8.101399030874564,12,534,57.35440074906367,26.81011648959194,0.0,100.0,0-100 DV pre-oriented to message direction; wc=39
hackenburg2025,main felons_voting,pythia_msg54,policy_attitude_slider,policy,5.833099250936328,5.685690041220069,12,534,57.35440074906367,26.658973001848896,0.0,100.0,0-100 DV pre-oriented to message direction; wc=45
hackenburg2025,main felons_voting,pythia_msg82,policy_attitude_slider,policy,6.87774210807919,6.639424264825286,14,534,57.35440074906367,26.736737158979228,0.0,100.0,0-100 DV pre-oriented to message direction; wc=138
hackenburg2025,main felons_voting,pythia_msg83,policy_attitude_slider,policy,-3.2794007490636687,8.825918963506554,10,534,57.35440074906367,26.80465236124289,0.0,100.0,0-100 DV pre-oriented to message direction; wc=207
hackenburg2025,main felons_voting,pythia_msg84,policy_attitude_slider,policy,-4.437734082397007,5.822042671420826,15,534,57.35440074906367,26.68002047735309,0.0,100.0,0-100 DV pre-oriented to message direction; wc=118
hackenburg2025,main felons_voting,pythia_msg113,policy_attitude_slider,policy,-0.2862189308818514,9.534435760458567,11,534,57.35440074906367,26.881612545420875,0.0,100.0,0-100 DV pre-oriented to message direction; wc=169
hackenburg2025,main felons_voting,pythia_msg114,policy_attitude_slider,policy,6.833099250936328,7.4286528889718,16,534,57.35440074906367,26.863174011823112,0.0,100.0,0-100 DV pre-oriented to message direction; wc=270
hackenburg2025,main felons_voting,pythia_msg142,policy_attitude_slider,policy,-2.083567415730336,10.22158480825277,12,534,57.35440074906367,26.985342884729956,0.0,100.0,0-100 DV pre-oriented to message direction; wc=227
hackenburg2025,main felons_voting,pythia_msg143,policy_attitude_slider,policy,-3.604400749063672,7.130431358512992,12,534,57.35440074906367,26.743105459709,0.0,100.0,0-100 DV pre-oriented to message direction; wc=124
hackenburg2025,main felons_voting,pythia_msg172,policy_attitude_slider,policy,-2.1877340823970077,5.826232950342311,15,534,57.35440074906367,26.68037164744937,0.0,100.0,0-100 DV pre-oriented to message direction; wc=27
hackenburg2025,main felons_voting,pythia_msg173,policy_attitude_slider,policy,-11.729400749063672,8.612404554887751,10,534,57.35440074906367,26.79311707368942,0.0,100.0,0-100 DV pre-oriented to message direction; wc=276
hackenburg2025,main felons_voting,pythia_msg174,policy_attitude_slider,policy,8.159488139825214,7.056772002741623,18,534,57.35440074906367,26.878799560113524,0.0,100.0,0-100 DV pre-oriented to message direction; wc=145
hackenburg2025,main felons_voting,pythia_msg202,policy_attitude_slider,policy,1.0622659176029927,8.26517174562804,12,534,57.35440074906367,26.82224332173746,0.0,100.0,0-100 DV pre-oriented to message direction; wc=177
hackenburg2025,main felons_voting,pythia_msg203,policy_attitude_slider,policy,8.458099250936328,6.601077967706348,12,534,57.35440074906367,26.71010916463723,0.0,100.0,0-100 DV pre-oriented to message direction; wc=121
hackenburg2025,main felons_voting,pythia_msg204,policy_attitude_slider,policy,-3.7794007490636687,9.504949645979552,10,534,57.35440074906367,26.843179210479214,0.0,100.0,0-100 DV pre-oriented to message direction; wc=117
hackenburg2025,main felons_voting,pythia_msg232,policy_attitude_slider,policy,5.964564768177709,5.590438564120321,29,534,57.35440074906367,26.92888913274584,0.0,100.0,0-100 DV pre-oriented to message direction; wc=489
hackenburg2025,main felons_voting,pythia_msg233,policy_attitude_slider,policy,5.145599250936328,6.570216764168622,25,534,57.35440074906367,27.05223825377541,0.0,100.0,0-100 DV pre-oriented to message direction; wc=329
hackenburg2025,main felons_voting,pythia_msg234,policy_attitude_slider,policy,1.3643492509363284,4.891911606522006,24,534,57.35440074906367,26.653903780271083,0.0,100.0,0-100 DV pre-oriented to message direction; wc=244
hackenburg2025,main felons_voting,Qwen1.5_msg263,policy_attitude_slider,policy,-3.508246902909825,8.21880506587213,13,534,57.35440074906367,26.84851949400672,0.0,100.0,0-100 DV pre-oriented to message direction; wc=313
hackenburg2025,main felons_voting,Qwen1.5_msg264,policy_attitude_slider,policy,2.420599250936327,5.355310033077882,10,534,57.35440074906367,26.65176805777824,0.0,100.0,0-100 DV pre-oriented to message direction; wc=106
hackenburg2025,main felons_voting,Qwen1.5_msg292,policy_attitude_slider,policy,10.842027822364898,6.35154001276965,14,534,57.35440074906367,26.71341390693999,0.0,100.0,0-100 DV pre-oriented to message direction; wc=184
hackenburg2025,main felons_voting,Qwen1.5_msg293,policy_attitude_slider,policy,9.031962887299969,8.243667139989293,11,534,57.35440074906367,26.79500783651852,0.0,100.0,0-100 DV pre-oriented to message direction; wc=243
hackenburg2025,main felons_voting,Qwen1.5_msg322,policy_attitude_slider,policy,-0.9680371127000384,6.733488404739215,11,534,57.35440074906367,26.709370880670797,0.0,100.0,0-100 DV pre-oriented to message direction; wc=168
hackenburg2025,main felons_voting,Qwen1.5_msg323,policy_attitude_slider,policy,-2.4573419255342586,6.796158868142679,17,534,57.35440074906367,26.814107408645352,0.0,100.0,0-100 DV pre-oriented to message direction; wc=107
hackenburg2025,main felons_voting,Qwen1.5_msg352,policy_attitude_slider,policy,20.418326523663595,4.898999558610904,11,534,57.35440074906367,26.62832213173449,0.0,100.0,0-100 DV pre-oriented to message direction; wc=184
hackenburg2025,main felons_voting,Qwen1.5_msg354,policy_attitude_slider,policy,12.369283461462643,4.09451004228405,19,534,57.35440074906367,26.529628644364504,0.0,100.0,0-100 DV pre-oriented to message direction; wc=179
hackenburg2025,main felons_voting,Qwen1.5_msg382,policy_attitude_slider,policy,21.78309925093633,4.741621069595934,20,534,57.35440074906367,26.599699707266225,0.0,100.0,0-100 DV pre-oriented to message direction; wc=187
hackenburg2025,main felons_voting,Qwen1.5_msg383,policy_attitude_slider,policy,12.804690160027237,3.6158766471404906,33,534,57.35440074906367,26.438071550539497,0.0,100.0,0-100 DV pre-oriented to message direction; wc=197
hackenburg2025,main felons_voting,Qwen1.5_msg384,policy_attitude_slider,policy,5.353932584269664,4.601385218988559,30,534,57.35440074906367,26.671272300876844,0.0,100.0,0-100 DV pre-oriented to message direction; wc=232
hackenburg2025,main felons_voting,Qwen1.5_msg412,policy_attitude_slider,policy,7.334060789397867,2.706386539072433,65,534,57.35440074906367,26.123354331869365,0.0,100.0,0-100 DV pre-oriented to message direction; wc=231
hackenburg2025,main felons_voting,Qwen1.5_msg413,policy_attitude_slider,policy,13.071735614572688,2.654783789799444,88,534,57.35440074906367,26.218695221238583,0.0,100.0,0-100 DV pre-oriented to message direction; wc=203
hackenburg2025,main felons_voting,Qwen1.5_msg414,policy_attitude_slider,policy,11.112466720815846,2.719154853245655,83,534,57.35440074906367,26.2479256181928,0.0,100.0,0-100 DV pre-oriented to message direction; wc=204
hackenburg2025,main felons_voting,Yi_msg442,policy_attitude_slider,policy,17.527952192112792,4.763219704436263,17,534,57.35440074906367,26.596120204888223,0.0,100.0,0-100 DV pre-oriented to message direction; wc=296
hackenburg2025,main felons_voting,Yi_msg444,policy_attitude_slider,policy,4.918326523663602,9.43796570640463,11,534,57.35440074906367,26.874715261720752,0.0,100.0,0-100 DV pre-oriented to message direction; wc=250
hackenburg2025,main felons_voting,Yi_msg472,policy_attitude_slider,policy,7.041432584269657,6.008316497867674,24,534,57.35440074906367,26.87958532881176,0.0,100.0,0-100 DV pre-oriented to message direction; wc=237
hackenburg2025,main felons_voting,Yi_msg473,policy_attitude_slider,policy,4.818013044039773,5.854594799209758,29,534,57.35440074906367,27.010016795427187,0.0,100.0,0-100 DV pre-oriented to message direction; wc=241
hackenburg2025,main felons_voting,Yi_msg474,policy_attitude_slider,policy,11.560072935146849,4.534163519950989,38,534,57.35440074906367,26.804924812551047,0.0,100.0,0-100 DV pre-oriented to message direction; wc=187
hackenburg2025,main felons_voting,Yi_msg502,policy_attitude_slider,policy,12.344128662701038,4.391511475541397,34,534,57.35440074906367,26.67239128506189,0.0,100.0,0-100 DV pre-oriented to message direction; wc=265
hackenburg2025,main felons_voting,Yi_msg503,policy_attitude_slider,policy,10.662840630246675,4.475740990716847,29,534,57.35440074906367,26.625626570336568,0.0,100.0,0-100 DV pre-oriented to message direction; wc=241
hackenburg2025,main felons_voting,Yi_msg504,policy_attitude_slider,policy,8.414830020167102,4.553036061949965,26,534,57.35440074906367,26.61057550244686,0.0,100.0,0-100 DV pre-oriented to message direction; wc=221
hackenburg2025,main felons_voting,Llama_msg532,policy_attitude_slider,policy,8.372871978209062,6.588831207070784,11,534,57.35440074906367,26.702061534570472,0.0,100.0,0-100 DV pre-oriented to message direction; wc=239
hackenburg2025,main felons_voting,Llama_msg534,policy_attitude_slider,policy,5.327417432754508,8.80339613172833,11,534,57.35440074906367,26.831052778940503,0.0,100.0,0-100 DV pre-oriented to message direction; wc=369
hackenburg2025,main felons_voting,Llama_msg562,policy_attitude_slider,policy,15.415599250936324,4.785048588554673,25,534,57.35440074906367,26.645592976319296,0.0,100.0,0-100 DV pre-oriented to message direction; wc=314
hackenburg2025,main felons_voting,Llama_msg563,policy_attitude_slider,policy,8.385983866320942,4.5922231936946165,26,534,57.35440074906367,26.618418289075237,0.0,100.0,0-100 DV pre-oriented to message direction; wc=248
hackenburg2025,main felons_voting,Llama_msg564,policy_attitude_slider,policy,3.9372659176029927,5.40220540218432,24,534,57.35440074906367,26.75155732344283,0.0,100.0,0-100 DV pre-oriented to message direction; wc=248
hackenburg2025,main felons_voting,Llama_msg592,policy_attitude_slider,policy,8.782794372887551,2.8919290588118427,82,534,57.35440074906367,26.43760358056784,0.0,100.0,0-100 DV pre-oriented to message direction; wc=313
hackenburg2025,main felons_voting,Llama_msg593,policy_attitude_slider,policy,12.954422780348096,2.626061315272966,85,534,57.35440074906367,26.15792327044864,0.0,100.0,0-100 DV pre-oriented to message direction; wc=211
hackenburg2025,main felons_voting,Llama_msg594,policy_attitude_slider,policy,4.564613335443369,3.3185357890324387,71,534,57.35440074906367,26.722107759304404,0.0,100.0,0-100 DV pre-oriented to message direction; wc=226
hackenburg2025,main felons_voting,falcon_msg622,policy_attitude_slider,policy,18.103932584269657,6.8348410823582215,12,534,57.35440074906367,26.72437170218724,0.0,100.0,0-100 DV pre-oriented to message direction; wc=201
hackenburg2025,main felons_voting,falcon_msg623,policy_attitude_slider,policy,4.491753097090175,4.8353373698260365,13,534,57.35440074906367,26.61203371540026,0.0,100.0,0-100 DV pre-oriented to message direction; wc=126
hackenburg2025,main felons_voting,falcon_msg624,policy_attitude_slider,policy,12.327417432754515,6.691141484172955,11,534,57.35440074906367,26.707214919747237,0.0,100.0,0-100 DV pre-oriented to message direction; wc=193
hackenburg2025,main felons_voting,falcon_msg652,policy_attitude_slider,policy,12.609884965222037,3.940513694556945,28,534,57.35440074906367,26.499809010226645,0.0,100.0,0-100 DV pre-oriented to message direction; wc=211
hackenburg2025,main felons_voting,falcon_msg653,policy_attitude_slider,policy,7.973724250936328,4.490909953081962,32,534,57.35440074906367,26.671270829672725,0.0,100.0,0-100 DV pre-oriented to message direction; wc=220
hackenburg2025,main felons_voting,falcon_msg654,policy_attitude_slider,policy,0.7055992509363307,5.210155787321757,25,534,57.35440074906367,26.73134266577293,0.0,100.0,0-100 DV pre-oriented to message direction; wc=259
hackenburg2025,main felons_voting,gpt_msg682,policy_attitude_slider,policy,5.919408774745854,3.063280266377186,84,534,57.35440074906367,26.68309069049891,0.0,100.0,0-100 DV pre-oriented to message direction; wc=192
hackenburg2025,main felons_voting,gpt_msg683,policy_attitude_slider,policy,6.139981273408239,2.7028515117054237,89,534,57.35440074906367,26.29025521140712,0.0,100.0,0-100 DV pre-oriented to message direction; wc=208
hackenburg2025,main felons_voting,gpt_msg684,policy_attitude_slider,policy,5.700086430423511,3.2837779488146435,78,534,57.35440074906367,26.833528179686773,0.0,100.0,0-100 DV pre-oriented to message direction; wc=204
hackenburg2025,main felons_voting,claude_msg712,policy_attitude_slider,policy,9.67893258426966,2.9876165554697205,75,534,57.35440074906367,26.448507175958884,0.0,100.0,0-100 DV pre-oriented to message direction; wc=195
hackenburg2025,main felons_voting,claude_msg713,policy_attitude_slider,policy,4.366029358463209,3.0185161963920946,93,534,57.35440074906367,26.802678174870078,0.0,100.0,0-100 DV pre-oriented to message direction; wc=188
hackenburg2025,main felons_voting,claude_msg714,policy_attitude_slider,policy,11.587672421668032,2.767518296110032,82,534,57.35440074906367,26.29315994287173,0.0,100.0,0-100 DV pre-oriented to message direction; wc=195
hackenburg2025,main felons_voting,human_msg725,policy_attitude_slider,policy,6.623669426374924,2.642734217079512,114,534,57.35440074906367,26.544738866812043,0.0,100.0,0-100 DV pre-oriented to message direction; wc=168
hackenburg2025,main foreign_aid,pythia_msg12,policy_attitude_slider,policy,8.379378980891715,4.822128366590862,12,471,45.84978768577495,23.614431097775597,0.0,100.0,0-100 DV pre-oriented to message direction; wc=496
hackenburg2025,main foreign_aid,pythia_msg41,policy_attitude_slider,policy,2.666878980891717,5.5185814157358735,15,471,45.84978768577495,23.68256491197961,0.0,100.0,0-100 DV pre-oriented to message direction; wc=19
hackenburg2025,main foreign_aid,pythia_msg42,policy_attitude_slider,policy,-0.4821406269514199,5.095822471484251,17,471,45.84978768577495,23.65959943535961,0.0,100.0,0-100 DV pre-oriented to message direction; wc=48
hackenburg2025,main foreign_aid,pythia_msg70,policy_attitude_slider,policy,-5.349787685774949,6.027605943544081,12,471,45.84978768577495,23.69030675300541,0.0,100.0,0-100 DV pre-oriented to message direction; wc=218
hackenburg2025,main foreign_aid,pythia_msg71,policy_attitude_slider,policy,-0.2497876857749474,8.916520847096615,10,471,45.84978768577495,23.84544156569516,0.0,100.0,0-100 DV pre-oriented to message direction; wc=201
hackenburg2025,main foreign_aid,pythia_msg72,policy_attitude_slider,policy,11.864498028510766,5.174090718668147,14,471,45.84978768577495,23.641934798090336,0.0,100.0,0-100 DV pre-oriented to message direction; wc=123
hackenburg2025,main foreign_aid,pythia_msg100,policy_attitude_slider,policy,3.275212314225051,6.05740519210967,14,471,45.84978768577495,23.72086438783248,0.0,100.0,0-100 DV pre-oriented to message direction; wc=218
hackenburg2025,main foreign_aid,pythia_msg102,policy_attitude_slider,policy,-0.6747876857749517,7.714522532574355,10,471,45.84978768577495,23.76655301534595,0.0,100.0,0-100 DV pre-oriented to message direction; wc=197
hackenburg2025,main foreign_aid,pythia_msg131,policy_attitude_slider,policy,3.087712314225051,6.543325326415813,12,471,45.84978768577495,23.72782696677063,0.0,100.0,0-100 DV pre-oriented to message direction; wc=406
hackenburg2025,main foreign_aid,pythia_msg190,policy_attitude_slider,policy,0.3252123142250482,7.260239674268313,10,471,45.84978768577495,23.73964739660584,0.0,100.0,0-100 DV pre-oriented to message direction; wc=78
hackenburg2025,main foreign_aid,pythia_msg191,policy_attitude_slider,policy,3.5668789808917154,6.446444415645739,15,471,45.84978768577495,23.78404555492796,0.0,100.0,0-100 DV pre-oriented to message direction; wc=148
hackenburg2025,main foreign_aid,pythia_msg192,policy_attitude_slider,policy,24.625212314225045,6.509221844176809,10,471,45.84978768577495,23.698688829809267,0.0,100.0,0-100 DV pre-oriented to message direction; wc=79
hackenburg2025,main foreign_aid,pythia_msg220,policy_attitude_slider,policy,10.70854564755838,4.45393597226779,30,471,45.84978768577495,23.752661295697514,0.0,100.0,0-100 DV pre-oriented to message direction; wc=239
hackenburg2025,main foreign_aid,pythia_msg221,policy_attitude_slider,policy,19.171951444659832,4.573253254358787,23,471,45.84978768577495,23.654468720854005,0.0,100.0,0-100 DV pre-oriented to message direction; wc=67
hackenburg2025,main foreign_aid,pythia_msg222,policy_attitude_slider,policy,13.04676403836298,3.88114368048426,29,471,45.84978768577495,23.566214484477467,0.0,100.0,0-100 DV pre-oriented to message direction; wc=288
hackenburg2025,main foreign_aid,Qwen1.5_msg251,policy_attitude_slider,policy,1.782565255401522,4.957590218899795,17,471,45.84978768577495,23.64315688870441,0.0,100.0,0-100 DV pre-oriented to message direction; wc=169
hackenburg2025,main foreign_aid,Qwen1.5_msg252,policy_attitude_slider,policy,-1.740412685774949,6.466705967801552,16,471,45.84978768577495,23.814708098127245,0.0,100.0,0-100 DV pre-oriented to message direction; wc=279
hackenburg2025,main foreign_aid,Qwen1.5_msg280,policy_attitude_slider,policy,3.195666859679598,6.975159462431694,11,471,45.84978768577495,23.740537029322155,0.0,100.0,0-100 DV pre-oriented to message direction; wc=240
hackenburg2025,main foreign_aid,Qwen1.5_msg281,policy_attitude_slider,policy,11.573289237301973,6.4160709398102025,13,471,45.84978768577495,23.7356304228016,0.0,100.0,0-100 DV pre-oriented to message direction; wc=293
hackenburg2025,main foreign_aid,Qwen1.5_msg282,policy_attitude_slider,policy,10.945666859679598,8.262559832212766,11,471,45.84978768577495,23.83503034101872,0.0,100.0,0-100 DV pre-oriented to message direction; wc=215
hackenburg2025,main foreign_aid,Qwen1.5_msg311,policy_attitude_slider,policy,-3.445941531928796,7.111254160321151,13,471,45.84978768577495,23.79965881962212,0.0,100.0,0-100 DV pre-oriented to message direction; wc=134
hackenburg2025,main foreign_aid,Qwen1.5_msg312,policy_attitude_slider,policy,11.804058468071204,9.055795698484197,13,471,45.84978768577495,24.01246660511029,0.0,100.0,0-100 DV pre-oriented to message direction; wc=202
hackenburg2025,main foreign_aid,Qwen1.5_msg340,policy_attitude_slider,policy,6.953783742796482,6.4357672706177125,14,471,45.84978768577495,23.75837902973372,0.0,100.0,0-100 DV pre-oriented to message direction; wc=168
hackenburg2025,main foreign_aid,Qwen1.5_msg341,policy_attitude_slider,policy,14.013848677861418,6.382331171229128,11,471,45.84978768577495,23.702286740651648,0.0,100.0,0-100 DV pre-oriented to message direction; wc=209
hackenburg2025,main foreign_aid,Qwen1.5_msg370,policy_attitude_slider,policy,1.7042663682791073,4.308013181175276,37,471,45.84978768577495,23.875436459833573,0.0,100.0,0-100 DV pre-oriented to message direction; wc=207
hackenburg2025,main foreign_aid,Qwen1.5_msg371,policy_attitude_slider,policy,1.9835456475583868,4.201201969075339,21,471,45.84978768577495,23.570301992360903,0.0,100.0,0-100 DV pre-oriented to message direction; wc=247
hackenburg2025,main foreign_aid,Qwen1.5_msg372,policy_attitude_slider,policy,17.40021231422505,4.5790228299621525,22,471,45.84978768577495,23.6422573788752,0.0,100.0,0-100 DV pre-oriented to message direction; wc=249
hackenburg2025,main foreign_aid,Qwen1.5_msg400,policy_attitude_slider,policy,11.340316480891715,2.8784663605751484,96,471,45.84978768577495,24.16566268975289,0.0,100.0,0-100 DV pre-oriented to message direction; wc=248
hackenburg2025,main foreign_aid,Qwen1.5_msg401,policy_attitude_slider,policy,15.78789347364534,3.20091646068342,69,471,45.84978768577495,23.917629015217624,0.0,100.0,0-100 DV pre-oriented to message direction; wc=217
hackenburg2025,main foreign_aid,Qwen1.5_msg402,policy_attitude_slider,policy,7.75695388725876,3.123280356826856,89,471,45.84978768577495,24.404293203514968,0.0,100.0,0-100 DV pre-oriented to message direction; wc=241
hackenburg2025,main foreign_aid,Yi_msg430,policy_attitude_slider,policy,4.483545647558387,7.487337112257038,15,471,45.84978768577495,23.915971543295385,0.0,100.0,0-100 DV pre-oriented to message direction; wc=345
hackenburg2025,main foreign_aid,Yi_msg431,policy_attitude_slider,policy,4.8752123142250525,8.823609246097632,10,471,45.84978768577495,23.83894688920996,0.0,100.0,0-100 DV pre-oriented to message direction; wc=334
hackenburg2025,main foreign_aid,Yi_msg460,policy_attitude_slider,policy,6.816878980891715,4.925609940782886,30,471,45.84978768577495,23.914477995692973,0.0,100.0,0-100 DV pre-oriented to message direction; wc=242
hackenburg2025,main foreign_aid,Yi_msg461,policy_attitude_slider,policy,13.590212314225049,4.882070327573662,25,471,45.84978768577495,23.76061322541381,0.0,100.0,0-100 DV pre-oriented to message direction; wc=177
hackenburg2025,main foreign_aid,Yi_msg462,policy_attitude_slider,policy,8.150212314225051,5.271858034189708,24,471,45.84978768577495,23.831481768524306,0.0,100.0,0-100 DV pre-oriented to message direction; wc=147
hackenburg2025,main foreign_aid,Yi_msg490,policy_attitude_slider,policy,4.781164695177431,5.354949172310016,21,471,45.84978768577495,23.76992772390001,0.0,100.0,0-100 DV pre-oriented to message direction; wc=281
hackenburg2025,main foreign_aid,Yi_msg491,policy_attitude_slider,policy,6.327295647558387,5.262538993118033,24,471,45.84978768577495,23.829175483178545,0.0,100.0,0-100 DV pre-oriented to message direction; wc=208
hackenburg2025,main foreign_aid,Yi_msg492,policy_attitude_slider,policy,3.185926599939336,3.983355134349986,35,471,45.84978768577495,23.686525573035112,0.0,100.0,0-100 DV pre-oriented to message direction; wc=200
hackenburg2025,main foreign_aid,Llama_msg520,policy_attitude_slider,policy,9.832030496043233,8.49871516428841,11,471,45.84978768577495,23.85405151394644,0.0,100.0,0-100 DV pre-oriented to message direction; wc=264
hackenburg2025,main foreign_aid,Llama_msg521,policy_attitude_slider,policy,8.509587314225051,5.0812210055589535,16,471,45.84978768577495,23.64789744898625,0.0,100.0,0-100 DV pre-oriented to message direction; wc=251
hackenburg2025,main foreign_aid,Llama_msg522,policy_attitude_slider,policy,21.015596929609664,4.919248294203307,13,471,45.84978768577495,23.61966912354836,0.0,100.0,0-100 DV pre-oriented to message direction; wc=286
hackenburg2025,main foreign_aid,Llama_msg550,policy_attitude_slider,policy,16.21839413240687,4.325903469679735,22,471,45.84978768577495,23.59736115705438,0.0,100.0,0-100 DV pre-oriented to message direction; wc=283
hackenburg2025,main foreign_aid,Llama_msg551,policy_attitude_slider,policy,16.29021231422505,5.079901805157445,25,471,45.84978768577495,23.81093057687537,0.0,100.0,0-100 DV pre-oriented to message direction; wc=287
hackenburg2025,main foreign_aid,Llama_msg552,policy_attitude_slider,policy,7.520901969397464,4.126485888688017,29,471,45.84978768577495,23.634081415348906,0.0,100.0,0-100 DV pre-oriented to message direction; wc=233
hackenburg2025,main foreign_aid,Llama_msg580,policy_attitude_slider,policy,11.594291261593469,3.0789348161155656,76,471,45.84978768577495,23.94634234253453,0.0,100.0,0-100 DV pre-oriented to message direction; wc=304
hackenburg2025,main foreign_aid,Llama_msg581,policy_attitude_slider,policy,5.772552739756968,2.8383783017821917,94,471,45.84978768577495,24.03615922687908,0.0,100.0,0-100 DV pre-oriented to message direction; wc=245
hackenburg2025,main foreign_aid,Llama_msg582,policy_attitude_slider,policy,12.564005417673329,2.59646772841499,87,471,45.84978768577495,23.48993502610545,0.0,100.0,0-100 DV pre-oriented to message direction; wc=205
hackenburg2025,main foreign_aid,falcon_msg610,policy_attitude_slider,policy,5.325212314225048,8.263791308744814,10,471,45.84978768577495,23.80121951879736,0.0,100.0,0-100 DV pre-oriented to message direction; wc=138
hackenburg2025,main foreign_aid,falcon_msg612,policy_attitude_slider,policy,11.421045647558389,5.6516695722217545,12,471,45.84978768577495,23.66486238246372,0.0,100.0,0-100 DV pre-oriented to message direction; wc=256
hackenburg2025,main foreign_aid,falcon_msg640,policy_attitude_slider,policy,14.680212314225052,4.241883703031222,25,471,45.84978768577495,23.610852766854357,0.0,100.0,0-100 DV pre-oriented to message direction; wc=142
hackenburg2025,main foreign_aid,falcon_msg641,policy_attitude_slider,policy,9.421951444659832,5.244997717800125,23,471,45.84978768577495,23.79741412257107,0.0,100.0,0-100 DV pre-oriented to message direction; wc=239
hackenburg2025,main foreign_aid,falcon_msg642,policy_attitude_slider,policy,15.977798521121606,4.682542597747839,29,471,45.84978768577495,23.80244992241012,0.0,100.0,0-100 DV pre-oriented to message direction; wc=256
hackenburg2025,main foreign_aid,gpt_msg670,policy_attitude_slider,policy,8.434695072845741,2.694719793733384,87,471,45.84978768577495,23.638376709751228,0.0,100.0,0-100 DV pre-oriented to message direction; wc=204
hackenburg2025,main foreign_aid,gpt_msg671,policy_attitude_slider,policy,9.89692284054084,3.1208396186066585,76,471,45.84978768577495,24.00301000453481,0.0,100.0,0-100 DV pre-oriented to message direction; wc=198
hackenburg2025,main foreign_aid,gpt_msg672,policy_attitude_slider,policy,6.531791261593469,3.401436618722571,76,471,45.84978768577495,24.39846942820539,0.0,100.0,0-100 DV pre-oriented to message direction; wc=227
hackenburg2025,main foreign_aid,claude_msg700,policy_attitude_slider,policy,12.920327256753788,2.7378051945054804,87,471,45.84978768577495,23.70490653903733,0.0,100.0,0-100 DV pre-oriented to message direction; wc=201
hackenburg2025,main foreign_aid,claude_msg701,policy_attitude_slider,policy,11.801528103698736,2.751037149355363,76,471,45.84978768577495,23.52517955540636,0.0,100.0,0-100 DV pre-oriented to message direction; wc=201
hackenburg2025,main foreign_aid,claude_msg702,policy_attitude_slider,policy,5.537309088418603,2.7694765254041704,93,471,45.84978768577495,23.887502297334397,0.0,100.0,0-100 DV pre-oriented to message direction; wc=193
hackenburg2025,main foreign_aid,human_msg728,policy_attitude_slider,policy,16.453931322489517,2.474712340311543,121,471,45.84978768577495,23.893667546494367,0.0,100.0,0-100 DV pre-oriented to message direction; wc=162
hackenburg2025,main medicaid,pythia_msg1,policy_attitude_slider,policy,12.668229166666665,10.463444261669917,10,480,32.381770833333334,29.25379434527912,0.0,100.0,0-100 DV pre-oriented to message direction; wc=443
hackenburg2025,main medicaid,pythia_msg2,policy_attitude_slider,policy,1.7789434523809504,9.364485805974896,14,480,32.381770833333334,29.341218817950686,0.0,100.0,0-100 DV pre-oriented to message direction; wc=25
hackenburg2025,main medicaid,pythia_msg3,policy_attitude_slider,policy,4.945152243589746,7.609226691332329,13,480,32.381770833333334,29.13151061193058,0.0,100.0,0-100 DV pre-oriented to message direction; wc=42
hackenburg2025,main medicaid,pythia_msg31,policy_attitude_slider,policy,-0.6161458333333343,8.37164030203084,16,480,32.381770833333334,29.30792170166169,0.0,100.0,0-100 DV pre-oriented to message direction; wc=312
hackenburg2025,main medicaid,pythia_msg32,policy_attitude_slider,policy,3.254592803030299,7.568225927301476,11,480,32.381770833333334,29.0980430845158,0.0,100.0,0-100 DV pre-oriented to message direction; wc=82
hackenburg2025,main medicaid,pythia_msg33,policy_attitude_slider,policy,-4.194270833333334,7.513038084489678,12,480,32.381770833333334,29.10731791778353,0.0,100.0,0-100 DV pre-oriented to message direction; wc=36
hackenburg2025,main medicaid,pythia_msg61,policy_attitude_slider,policy,-8.953199404761907,5.418203881689478,14,480,32.381770833333334,28.97114598926563,0.0,100.0,0-100 DV pre-oriented to message direction; wc=49
hackenburg2025,main medicaid,pythia_msg62,policy_attitude_slider,policy,13.618229166666666,8.320487499077316,18,480,32.381770833333334,29.394789250310076,0.0,100.0,0-100 DV pre-oriented to message direction; wc=128
hackenburg2025,main medicaid,pythia_msg63,policy_attitude_slider,policy,9.65989583333333,8.647528280527776,12,480,32.381770833333334,29.192035087920896,0.0,100.0,0-100 DV pre-oriented to message direction; wc=130
hackenburg2025,main medicaid,pythia_msg92,policy_attitude_slider,policy,4.618229166666666,8.489609166320387,12,480,32.381770833333334,29.179545463539327,0.0,100.0,0-100 DV pre-oriented to message direction; wc=260
hackenburg2025,main medicaid,pythia_msg93,policy_attitude_slider,policy,-4.906770833333333,12.283281851333356,10,480,32.381770833333334,29.383990052463293,0.0,100.0,0-100 DV pre-oriented to message direction; wc=162
hackenburg2025,main medicaid,pythia_msg121,policy_attitude_slider,policy,8.886086309523812,9.566271543249789,14,480,32.381770833333334,29.365288951140176,0.0,100.0,0-100 DV pre-oriented to message direction; wc=155
hackenburg2025,main medicaid,pythia_msg122,policy_attitude_slider,policy,10.801562499999996,8.799186873035312,15,480,32.381770833333334,29.32007689941617,0.0,100.0,0-100 DV pre-oriented to message direction; wc=430
hackenburg2025,main medicaid,pythia_msg123,policy_attitude_slider,policy,0.2545928030302988,8.884209590634084,11,480,32.381770833333334,29.181612534631185,0.0,100.0,0-100 DV pre-oriented to message direction; wc=405
hackenburg2025,main medicaid,pythia_msg151,policy_attitude_slider,policy,14.89454495614035,6.741768980106307,19,480,32.381770833333334,29.169131096543797,0.0,100.0,0-100 DV pre-oriented to message direction; wc=175
hackenburg2025,main medicaid,pythia_msg153,policy_attitude_slider,policy,24.845501893939392,12.49862580416197,11,480,32.381770833333334,29.47799202680639,0.0,100.0,0-100 DV pre-oriented to message direction; wc=97
hackenburg2025,main medicaid,pythia_msg181,policy_attitude_slider,policy,23.618229166666666,10.55356008480256,11,480,32.381770833333334,29.30641145799987,0.0,100.0,0-100 DV pre-oriented to message direction; wc=111
hackenburg2025,main medicaid,pythia_msg183,policy_attitude_slider,policy,10.7015625,6.171085980660901,12,480,32.381770833333334,29.022216847402788,0.0,100.0,0-100 DV pre-oriented to message direction; wc=83
hackenburg2025,main medicaid,pythia_msg211,policy_attitude_slider,policy,11.849710648148148,6.762939391155426,27,480,32.381770833333334,29.47699535098254,0.0,100.0,0-100 DV pre-oriented to message direction; wc=295
hackenburg2025,main medicaid,pythia_msg212,policy_attitude_slider,policy,-0.4553002450980408,5.100613586919319,34,480,32.381770833333334,29.152365904579625,0.0,100.0,0-100 DV pre-oriented to message direction; wc=196
hackenburg2025,main medicaid,pythia_msg213,policy_attitude_slider,policy,5.511086309523812,5.821940680950619,28,480,32.381770833333334,29.22626335162364,0.0,100.0,0-100 DV pre-oriented to message direction; wc=257
hackenburg2025,main medicaid,Qwen1.5_msg241,policy_attitude_slider,policy,8.714383012820512,9.16129359141449,13,480,32.381770833333334,29.2731072340018,0.0,100.0,0-100 DV pre-oriented to message direction; wc=184
hackenburg2025,main medicaid,Qwen1.5_msg242,policy_attitude_slider,policy,-3.306770833333335,9.711497294751313,10,480,32.381770833333334,29.205935150968987,0.0,100.0,0-100 DV pre-oriented to message direction; wc=205
hackenburg2025,main medicaid,Qwen1.5_msg243,policy_attitude_slider,policy,0.7358762254901947,6.838500147101122,17,480,32.381770833333334,29.134536162003663,0.0,100.0,0-100 DV pre-oriented to message direction; wc=110
hackenburg2025,main medicaid,Qwen1.5_msg271,policy_attitude_slider,policy,14.382935049019608,5.942400311249142,17,480,32.381770833333334,29.02633032538258,0.0,100.0,0-100 DV pre-oriented to message direction; wc=233
hackenburg2025,main medicaid,Qwen1.5_msg272,policy_attitude_slider,policy,6.139062500000001,10.191399193516984,12,480,32.381770833333334,29.325927453241302,0.0,100.0,0-100 DV pre-oriented to message direction; wc=282
hackenburg2025,main medicaid,Qwen1.5_msg273,policy_attitude_slider,policy,-9.920232371794874,7.252269451766879,13,480,32.381770833333334,29.10256753967367,0.0,100.0,0-100 DV pre-oriented to message direction; wc=204
hackenburg2025,main medicaid,Qwen1.5_msg303,policy_attitude_slider,policy,-3.3973958333333343,7.8369774475402,16,480,32.381770833333334,29.2360052194444,0.0,100.0,0-100 DV pre-oriented to message direction; wc=185
hackenburg2025,main medicaid,Qwen1.5_msg332,policy_attitude_slider,policy,-2.923437500000002,8.340550535864859,12,480,32.381770833333334,29.16796300113584,0.0,100.0,0-100 DV pre-oriented to message direction; wc=241
hackenburg2025,main medicaid,Qwen1.5_msg333,policy_attitude_slider,policy,9.45751488095238,8.235538167952342,14,480,32.381770833333334,29.215698179178386,0.0,100.0,0-100 DV pre-oriented to message direction; wc=219
hackenburg2025,main medicaid,Qwen1.5_msg361,policy_attitude_slider,policy,-2.329687500000002,6.463700564558108,24,480,32.381770833333334,29.267683740520184,0.0,100.0,0-100 DV pre-oriented to message direction; wc=204
hackenburg2025,main medicaid,Qwen1.5_msg362,policy_attitude_slider,policy,2.942303240740742,6.425621485504867,27,480,32.381770833333334,29.371909522590705,0.0,100.0,0-100 DV pre-oriented to message direction; wc=234
hackenburg2025,main medicaid,Qwen1.5_msg363,policy_attitude_slider,policy,-5.328199404761907,5.029506981497997,28,480,32.381770833333334,29.005635190453557,0.0,100.0,0-100 DV pre-oriented to message direction; wc=208
hackenburg2025,main medicaid,Qwen1.5_msg391,policy_attitude_slider,policy,4.327906586021506,4.457949702934613,62,480,32.381770833333334,29.70159467561807,0.0,100.0,0-100 DV pre-oriented to message direction; wc=259
hackenburg2025,main medicaid,Qwen1.5_msg392,policy_attitude_slider,policy,13.422826867816092,3.996503040222984,87,480,32.381770833333334,30.16641252325809,0.0,100.0,0-100 DV pre-oriented to message direction; wc=214
hackenburg2025,main medicaid,Qwen1.5_msg393,policy_attitude_slider,policy,7.012064783105025,3.8617185919438137,73,480,32.381770833333334,29.422318211363056,0.0,100.0,0-100 DV pre-oriented to message direction; wc=173
hackenburg2025,main medicaid,Yi_msg451,policy_attitude_slider,policy,2.877157738095235,6.564167059669837,28,480,32.381770833333334,29.46031071855308,0.0,100.0,0-100 DV pre-oriented to message direction; wc=188
hackenburg2025,main medicaid,Yi_msg452,policy_attitude_slider,policy,0.8821180555555515,6.571277312341439,18,480,32.381770833333334,29.1201509192798,0.0,100.0,0-100 DV pre-oriented to message direction; wc=140
hackenburg2025,main medicaid,Yi_msg453,policy_attitude_slider,policy,6.508229166666666,6.3367536146380745,25,480,32.381770833333334,29.27069497778772,0.0,100.0,0-100 DV pre-oriented to message direction; wc=104
hackenburg2025,main medicaid,Yi_msg481,policy_attitude_slider,policy,8.318229166666669,5.68180594983851,35,480,32.381770833333334,29.427093905792574,0.0,100.0,0-100 DV pre-oriented to message direction; wc=211
hackenburg2025,main medicaid,Yi_msg482,policy_attitude_slider,policy,12.820610119047616,7.570816518437669,21,480,32.381770833333334,29.39800326456501,0.0,100.0,0-100 DV pre-oriented to message direction; wc=258
hackenburg2025,main medicaid,Yi_msg483,policy_attitude_slider,policy,14.57277462121212,6.969032431367839,22,480,32.381770833333334,29.31032011221461,0.0,100.0,0-100 DV pre-oriented to message direction; wc=214
hackenburg2025,main medicaid,Llama_msg511,policy_attitude_slider,policy,2.543229166666663,10.940209308142236,10,480,32.381770833333334,29.285943106145247,0.0,100.0,0-100 DV pre-oriented to message direction; wc=289
hackenburg2025,main medicaid,Llama_msg512,policy_attitude_slider,policy,10.5765625,9.897888276406473,12,480,32.381770833333334,29.298832677222386,0.0,100.0,0-100 DV pre-oriented to message direction; wc=200
hackenburg2025,main medicaid,Llama_msg513,policy_attitude_slider,policy,-0.5484375000000021,9.69236194654262,15,480,32.381770833333334,29.43980644476666,0.0,100.0,0-100 DV pre-oriented to message direction; wc=350
hackenburg2025,main medicaid,Llama_msg541,policy_attitude_slider,policy,9.14454495614035,5.52788765408306,38,480,32.381770833333334,29.47861945871728,0.0,100.0,0-100 DV pre-oriented to message direction; wc=139
hackenburg2025,main medicaid,Llama_msg542,policy_attitude_slider,policy,8.701562500000001,7.237031034756278,21,480,32.381770833333334,29.327162396511863,0.0,100.0,0-100 DV pre-oriented to message direction; wc=296
hackenburg2025,main medicaid,Llama_msg543,policy_attitude_slider,policy,13.16108630952381,5.931897052810147,35,480,32.381770833333334,29.541349871991464,0.0,100.0,0-100 DV pre-oriented to message direction; wc=232
hackenburg2025,main medicaid,Llama_msg571,policy_attitude_slider,policy,5.274026268115939,3.7184351960511774,69,480,32.381770833333334,29.14000406146028,0.0,100.0,0-100 DV pre-oriented to message direction; wc=237
hackenburg2025,main medicaid,Llama_msg572,policy_attitude_slider,policy,12.969678442028986,4.083975362355325,69,480,32.381770833333334,29.556796805227258,0.0,100.0,0-100 DV pre-oriented to message direction; wc=296
hackenburg2025,main medicaid,Llama_msg573,policy_attitude_slider,policy,-4.561348298122066,3.745773019677968,71,480,32.381770833333334,29.22322388089522,0.0,100.0,0-100 DV pre-oriented to message direction; wc=274
hackenburg2025,main medicaid,falcon_msg602,policy_attitude_slider,policy,7.420860745614036,6.66117780136105,19,480,32.381770833333334,29.1563872976045,0.0,100.0,0-100 DV pre-oriented to message direction; wc=186
hackenburg2025,main medicaid,falcon_msg631,policy_attitude_slider,policy,-8.556770833333335,4.260541608021372,20,480,32.381770833333334,28.838026250450465,0.0,100.0,0-100 DV pre-oriented to message direction; wc=156
hackenburg2025,main medicaid,falcon_msg632,policy_attitude_slider,policy,12.329166666666666,5.739343321989371,32,480,32.381770833333334,29.33396250439327,0.0,100.0,0-100 DV pre-oriented to message direction; wc=215
hackenburg2025,main medicaid,falcon_msg633,policy_attitude_slider,policy,19.665526463963964,5.693439509822282,37,480,32.381770833333334,29.518558675199685,0.0,100.0,0-100 DV pre-oriented to message direction; wc=185
hackenburg2025,main medicaid,gpt_msg661,policy_attitude_slider,policy,5.2246121453900685,3.337416215075438,94,480,32.381770833333334,29.26220276701636,0.0,100.0,0-100 DV pre-oriented to message direction; wc=230
hackenburg2025,main medicaid,gpt_msg662,policy_attitude_slider,policy,4.579072540160645,3.6005769753272,83,480,32.381770833333334,29.375182731202592,0.0,100.0,0-100 DV pre-oriented to message direction; wc=207
hackenburg2025,main medicaid,gpt_msg663,policy_attitude_slider,policy,6.642325552208831,3.679315758850613,83,480,32.381770833333334,29.4933126291906,0.0,100.0,0-100 DV pre-oriented to message direction; wc=208
hackenburg2025,main medicaid,claude_msg691,policy_attitude_slider,policy,16.00847306910569,3.710613506878446,82,480,32.381770833333334,29.507746869917597,0.0,100.0,0-100 DV pre-oriented to message direction; wc=216
hackenburg2025,main medicaid,claude_msg692,policy_attitude_slider,policy,14.330185688405798,3.425760282628036,92,480,32.381770833333334,29.35946587671506,0.0,100.0,0-100 DV pre-oriented to message direction; wc=164
hackenburg2025,main medicaid,claude_msg693,policy_attitude_slider,policy,9.782935049019606,3.641721257048081,85,480,32.381770833333334,29.50005786526639,0.0,100.0,0-100 DV pre-oriented to message direction; wc=195
hackenburg2025,main medicaid,human_msg723,policy_attitude_slider,policy,7.008154539800991,3.1469631598600687,134,480,32.381770833333334,30.054601506629503,0.0,100.0,0-100 DV pre-oriented to message direction; wc=160
hackenburg2025,main solitary_confinement,pythia_msg14,policy_attitude_slider,policy,10.910373500545257,7.891511982474609,14,524,35.42891221374046,25.2406926607426,0.0,100.0,0-100 DV pre-oriented to message direction; wc=145
hackenburg2025,main solitary_confinement,pythia_msg15,policy_attitude_slider,policy,6.791676021553656,5.987733606914541,17,524,35.42891221374046,25.107963529624843,0.0,100.0,0-100 DV pre-oriented to message direction; wc=61
hackenburg2025,main solitary_confinement,pythia_msg44,policy_attitude_slider,policy,5.154421119592875,6.340655419429174,12,524,35.42891221374046,25.06600205609349,0.0,100.0,0-100 DV pre-oriented to message direction; wc=59
hackenburg2025,main solitary_confinement,pythia_msg74,policy_attitude_slider,policy,2.5210877862595424,5.701943186092921,15,524,35.42891221374046,25.048972126979155,0.0,100.0,0-100 DV pre-oriented to message direction; wc=177
hackenburg2025,main solitary_confinement,pythia_msg75,policy_attitude_slider,policy,-7.00703721374046,5.690967736661592,16,524,35.42891221374046,25.05942303321904,0.0,100.0,0-100 DV pre-oriented to message direction; wc=131
hackenburg2025,main solitary_confinement,pythia_msg103,policy_attitude_slider,policy,18.803230643402397,9.10925206279202,14,524,35.42891221374046,25.37956166319296,0.0,100.0,0-100 DV pre-oriented to message direction; wc=139
hackenburg2025,main solitary_confinement,pythia_msg104,policy_attitude_slider,policy,-4.143197928026176,6.002348999549882,14,524,35.42891221374046,25.063520855109584,0.0,100.0,0-100 DV pre-oriented to message direction; wc=88
hackenburg2025,main solitary_confinement,pythia_msg105,policy_attitude_slider,policy,6.928230643402394,6.428810650908838,14,524,35.42891221374046,25.099406054014924,0.0,100.0,0-100 DV pre-oriented to message direction; wc=119
hackenburg2025,main solitary_confinement,pythia_msg133,policy_attitude_slider,policy,8.96171278625954,6.292998277561327,16,524,35.42891221374046,25.123557517404247,0.0,100.0,0-100 DV pre-oriented to message direction; wc=98
hackenburg2025,main solitary_confinement,pythia_msg135,policy_attitude_slider,policy,-14.750340785169032,5.892268937329907,14,524,35.42891221374046,25.054649896559347,0.0,100.0,0-100 DV pre-oriented to message direction; wc=147
hackenburg2025,main solitary_confinement,pythia_msg163,policy_attitude_slider,policy,-0.0622455470737932,8.269100864864601,15,524,35.42891221374046,25.32739159517709,0.0,100.0,0-100 DV pre-oriented to message direction; wc=193
hackenburg2025,main solitary_confinement,pythia_msg165,policy_attitude_slider,policy,-6.978912213740461,6.6141422965985335,10,524,35.42891221374046,25.0636600937126,0.0,100.0,0-100 DV pre-oriented to message direction; wc=222
hackenburg2025,main solitary_confinement,pythia_msg194,policy_attitude_slider,policy,-3.678912213740461,8.870068121406051,15,524,35.42891221374046,25.40678509794115,0.0,100.0,0-100 DV pre-oriented to message direction; wc=119
hackenburg2025,main solitary_confinement,pythia_msg195,policy_attitude_slider,policy,5.112754452926204,5.5731049038349045,12,524,35.42891221374046,25.020872135267723,0.0,100.0,0-100 DV pre-oriented to message direction; wc=255
hackenburg2025,main solitary_confinement,pythia_msg223,policy_attitude_slider,policy,-4.50391221374046,5.150666127521916,30,524,35.42891221374046,25.26664174755336,0.0,100.0,0-100 DV pre-oriented to message direction; wc=316
hackenburg2025,main solitary_confinement,pythia_msg224,policy_attitude_slider,policy,-7.002441625505167,4.438340221253638,34,524,35.42891221374046,25.129748044740616,0.0,100.0,0-100 DV pre-oriented to message direction; wc=345
hackenburg2025,main solitary_confinement,pythia_msg225,policy_attitude_slider,policy,-10.16804264852307,4.937512182318628,23,524,35.42891221374046,25.053798967095105,0.0,100.0,0-100 DV pre-oriented to message direction; wc=223
hackenburg2025,main solitary_confinement,Qwen1.5_msg253,policy_attitude_slider,policy,-13.693618096093402,5.571750222926525,17,524,35.42891221374046,25.05959402867838,0.0,100.0,0-100 DV pre-oriented to message direction; wc=155
hackenburg2025,main solitary_confinement,Qwen1.5_msg255,policy_attitude_slider,policy,-2.5622455470737933,8.016615517249143,15,524,35.42891221374046,25.2956272420088,0.0,100.0,0-100 DV pre-oriented to message direction; wc=298
hackenburg2025,main solitary_confinement,Qwen1.5_msg315,policy_attitude_slider,policy,1.593815058986813,7.418901324912022,11,524,35.42891221374046,25.1184285479201,0.0,100.0,0-100 DV pre-oriented to message direction; wc=267
hackenburg2025,main solitary_confinement,Qwen1.5_msg343,policy_attitude_slider,policy,10.83671278625954,7.301327235833439,16,524,35.42891221374046,25.244960595195945,0.0,100.0,0-100 DV pre-oriented to message direction; wc=180
hackenburg2025,main solitary_confinement,Qwen1.5_msg344,policy_attitude_slider,policy,2.202040167211919,6.282322694118188,21,524,35.42891221374046,25.258766392486237,0.0,100.0,0-100 DV pre-oriented to message direction; wc=181
hackenburg2025,main solitary_confinement,Qwen1.5_msg345,policy_attitude_slider,policy,25.218146609788956,6.295905087864771,17,524,35.42891221374046,25.145976298291824,0.0,100.0,0-100 DV pre-oriented to message direction; wc=172
hackenburg2025,main solitary_confinement,Qwen1.5_msg373,policy_attitude_slider,policy,10.647476675148424,4.543715711935363,36,524,35.42891221374046,25.21808167186419,0.0,100.0,0-100 DV pre-oriented to message direction; wc=266
hackenburg2025,main solitary_confinement,Qwen1.5_msg374,policy_attitude_slider,policy,8.88630517756389,4.425018663206225,23,524,35.42891221374046,24.964734453572405,0.0,100.0,0-100 DV pre-oriented to message direction; wc=262
hackenburg2025,main solitary_confinement,Qwen1.5_msg375,policy_attitude_slider,policy,18.81182852700028,5.585398108527602,27,524,35.42891221374046,25.30040280121501,0.0,100.0,0-100 DV pre-oriented to message direction; wc=262
hackenburg2025,main solitary_confinement,Qwen1.5_msg403,policy_attitude_slider,policy,20.66849038366214,2.9615232679372454,77,524,35.42891221374046,25.00877755626813,0.0,100.0,0-100 DV pre-oriented to message direction; wc=275
hackenburg2025,main solitary_confinement,Qwen1.5_msg404,policy_attitude_slider,policy,19.143872596386124,3.203858024543804,79,524,35.42891221374046,25.34913229807017,0.0,100.0,0-100 DV pre-oriented to message direction; wc=147
hackenburg2025,main solitary_confinement,Qwen1.5_msg405,policy_attitude_slider,policy,16.272792331714086,3.2178009555164504,88,524,35.42891221374046,25.620485103234277,0.0,100.0,0-100 DV pre-oriented to message direction; wc=211
hackenburg2025,main solitary_confinement,Yi_msg433,policy_attitude_slider,policy,3.090318555490306,6.309010672324659,13,524,35.42891221374046,25.07514303952901,0.0,100.0,0-100 DV pre-oriented to message direction; wc=279
hackenburg2025,main solitary_confinement,Yi_msg434,policy_attitude_slider,policy,5.2044211195928725,6.289545790926532,15,524,35.42891221374046,25.103914308704912,0.0,100.0,0-100 DV pre-oriented to message direction; wc=286
hackenburg2025,main solitary_confinement,Yi_msg463,policy_attitude_slider,policy,3.775633240804993,5.225595859159398,22,524,35.42891221374046,25.08901868353172,0.0,100.0,0-100 DV pre-oriented to message direction; wc=293
hackenburg2025,main solitary_confinement,Yi_msg464,policy_attitude_slider,policy,-8.87891221374046,4.026509791051239,25,524,35.42891221374046,24.90828384630544,0.0,100.0,0-100 DV pre-oriented to message direction; wc=182
hackenburg2025,main solitary_confinement,Yi_msg465,policy_attitude_slider,policy,8.463944929116686,4.63013903786879,35,524,35.42891221374046,25.22586302823544,0.0,100.0,0-100 DV pre-oriented to message direction; wc=196
hackenburg2025,main solitary_confinement,Yi_msg493,policy_attitude_slider,policy,11.106802071973824,6.491755641935029,14,524,35.42891221374046,25.104906631630225,0.0,100.0,0-100 DV pre-oriented to message direction; wc=280
hackenburg2025,main solitary_confinement,Yi_msg494,policy_attitude_slider,policy,23.14005330350092,4.568424032025419,29,524,35.42891221374046,25.07103434736373,0.0,100.0,0-100 DV pre-oriented to message direction; wc=207
hackenburg2025,main solitary_confinement,Yi_msg495,policy_attitude_slider,policy,24.12281192419057,4.686151097419921,29,524,35.42891221374046,25.10303493172856,0.0,100.0,0-100 DV pre-oriented to message direction; wc=228
hackenburg2025,main solitary_confinement,Llama_msg523,policy_attitude_slider,policy,22.82108778625954,5.299137187112715,19,524,35.42891221374046,25.052926027727008,0.0,100.0,0-100 DV pre-oriented to message direction; wc=245
hackenburg2025,main solitary_confinement,Llama_msg524,policy_attitude_slider,policy,-8.158078880407128,7.001451092304833,12,524,35.42891221374046,25.10943638261297,0.0,100.0,0-100 DV pre-oriented to message direction; wc=244
hackenburg2025,main solitary_confinement,Llama_msg525,policy_attitude_slider,policy,16.88775445292621,6.912923065084748,15,524,35.42891221374046,25.16793586943363,0.0,100.0,0-100 DV pre-oriented to message direction; wc=222
hackenburg2025,main solitary_confinement,Llama_msg553,policy_attitude_slider,policy,7.466921119592875,3.8304285029894,24,524,35.42891221374046,24.873320219142112,0.0,100.0,0-100 DV pre-oriented to message direction; wc=354
hackenburg2025,main solitary_confinement,Llama_msg554,policy_attitude_slider,policy,18.161996877168637,5.807286492364335,22,524,35.42891221374046,25.197404732643104,0.0,100.0,0-100 DV pre-oriented to message direction; wc=267
hackenburg2025,main solitary_confinement,Llama_msg555,policy_attitude_slider,policy,0.1114103669046997,4.173761778574032,31,524,35.42891221374046,24.99354533588677,0.0,100.0,0-100 DV pre-oriented to message direction; wc=294
hackenburg2025,main solitary_confinement,Llama_msg583,policy_attitude_slider,policy,19.70695735147693,2.64202771689775,92,524,35.42891221374046,24.83540576794804,0.0,100.0,0-100 DV pre-oriented to message direction; wc=219
hackenburg2025,main solitary_confinement,Llama_msg584,policy_attitude_slider,policy,14.663871291414182,2.931412452318396,97,524,35.42891221374046,25.3938588746075,0.0,100.0,0-100 DV pre-oriented to message direction; wc=280
hackenburg2025,main solitary_confinement,Llama_msg585,policy_attitude_slider,policy,11.706802071973826,3.106852263387746,70,524,35.42891221374046,25.039360912825146,0.0,100.0,0-100 DV pre-oriented to message direction; wc=212
hackenburg2025,main solitary_confinement,falcon_msg615,policy_attitude_slider,policy,3.62465921483097,6.218181157793781,14,524,35.42891221374046,25.081381042570086,0.0,100.0,0-100 DV pre-oriented to message direction; wc=250
hackenburg2025,main solitary_confinement,falcon_msg643,policy_attitude_slider,policy,2.87465921483097,5.300855308408416,28,524,35.42891221374046,25.251402629730528,0.0,100.0,0-100 DV pre-oriented to message direction; wc=176
hackenburg2025,main solitary_confinement,falcon_msg644,policy_attitude_slider,policy,14.32108778625954,3.408797192230699,29,524,35.42891221374046,24.79766723558104,0.0,100.0,0-100 DV pre-oriented to message direction; wc=213
hackenburg2025,main solitary_confinement,falcon_msg645,policy_attitude_slider,policy,5.843815058986813,4.7411617628178,33,524,35.42891221374046,25.21372463147611,0.0,100.0,0-100 DV pre-oriented to message direction; wc=303
hackenburg2025,main solitary_confinement,gpt_msg673,policy_attitude_slider,policy,17.82446616463792,3.311579919382558,74,524,35.42891221374046,25.35308054616137,0.0,100.0,0-100 DV pre-oriented to message direction; wc=221
hackenburg2025,main solitary_confinement,gpt_msg674,policy_attitude_slider,policy,19.06108778625954,2.967440318418795,75,524,35.42891221374046,24.980661514763355,0.0,100.0,0-100 DV pre-oriented to message direction; wc=208
hackenburg2025,main solitary_confinement,gpt_msg675,policy_attitude_slider,policy,19.90969538119625,2.9966944793443644,79,524,35.42891221374046,25.088012106559923,0.0,100.0,0-100 DV pre-oriented to message direction; wc=219
hackenburg2025,main solitary_confinement,claude_msg703,policy_attitude_slider,policy,22.42044676061851,3.244794929942876,78,524,35.42891221374046,25.37590579493044,0.0,100.0,0-100 DV pre-oriented to message direction; wc=202
hackenburg2025,main solitary_confinement,claude_msg704,policy_attitude_slider,policy,19.709601299773052,3.273794976905312,74,524,35.42891221374046,25.30856329786609,0.0,100.0,0-100 DV pre-oriented to message direction; wc=192
hackenburg2025,main solitary_confinement,claude_msg705,policy_attitude_slider,policy,16.261877259943752,3.516434430878116,76,524,35.42891221374046,25.667600343864702,0.0,100.0,0-100 DV pre-oriented to message direction; wc=201
hackenburg2025,main solitary_confinement,human_msg726,policy_attitude_slider,policy,19.47865081146962,2.857220988570897,119,524,35.42891221374046,25.84225963931141,0.0,100.0,0-100 DV pre-oriented to message direction; wc=142
hackenburg2025,main veteran healthcare,pythia_msg4,policy_attitude_slider,policy,9.897344322344324,9.938342076698024,10,546,44.05265567765568,28.414329838325106,0.0,100.0,0-100 DV pre-oriented to message direction; wc=367
hackenburg2025,main veteran healthcare,pythia_msg5,policy_attitude_slider,policy,-11.823489010989016,6.678116416880273,12,546,44.05265567765568,28.26585172950721,0.0,100.0,0-100 DV pre-oriented to message direction; wc=35
hackenburg2025,main veteran healthcare,pythia_msg34,policy_attitude_slider,policy,-9.4757326007326,8.62607112933069,13,546,44.05265567765568,28.420618344517464,0.0,100.0,0-100 DV pre-oriented to message direction; wc=32
hackenburg2025,main veteran healthcare,pythia_msg35,policy_attitude_slider,policy,-3.162030677655679,6.415941670010747,16,546,44.05265567765568,28.285985132185964,0.0,100.0,0-100 DV pre-oriented to message direction; wc=17
hackenburg2025,main veteran healthcare,pythia_msg36,policy_attitude_slider,policy,-14.09953067765568,6.698675258684633,16,546,44.05265567765568,28.314061404217814,0.0,100.0,0-100 DV pre-oriented to message direction; wc=15
hackenburg2025,main veteran healthcare,pythia_msg64,policy_attitude_slider,policy,-5.252655677655682,8.770599809091975,10,546,44.05265567765568,28.35180686368156,0.0,100.0,0-100 DV pre-oriented to message direction; wc=118
hackenburg2025,main veteran healthcare,pythia_msg65,policy_attitude_slider,policy,-19.76098901098901,7.860289245399637,12,546,44.05265567765568,28.337937805941465,0.0,100.0,0-100 DV pre-oriented to message direction; wc=123
hackenburg2025,main veteran healthcare,pythia_msg66,policy_attitude_slider,policy,-3.037949795302737,6.368445273303098,17,546,44.05265567765568,28.295588756708423,0.0,100.0,0-100 DV pre-oriented to message direction; wc=17
hackenburg2025,main veteran healthcare,pythia_msg94,policy_attitude_slider,policy,-3.5026556776556816,8.457480509395204,10,546,44.05265567765568,28.33634765887952,0.0,100.0,0-100 DV pre-oriented to message direction; wc=312
hackenburg2025,main veteran healthcare,pythia_msg95,policy_attitude_slider,policy,-7.007201132201132,10.24781978565538,11,546,44.05265567765568,28.47215807495167,0.0,100.0,0-100 DV pre-oriented to message direction; wc=123
hackenburg2025,main veteran healthcare,pythia_msg96,policy_attitude_slider,policy,9.97859432234432,9.174193217109355,16,546,44.05265567765568,28.60989645285936,0.0,100.0,0-100 DV pre-oriented to message direction; wc=150
hackenburg2025,main veteran healthcare,pythia_msg124,policy_attitude_slider,policy,6.697344322344321,7.2569676684826785,21,546,44.05265567765568,28.53435434945561,0.0,100.0,0-100 DV pre-oriented to message direction; wc=190
hackenburg2025,main veteran healthcare,pythia_msg126,policy_attitude_slider,policy,19.405677655677657,7.612791969231771,12,546,44.05265567765568,28.32189164641967,0.0,100.0,0-100 DV pre-oriented to message direction; wc=278
hackenburg2025,main veteran healthcare,pythia_msg154,policy_attitude_slider,policy,2.733058608058606,9.203535011983629,14,546,44.05265567765568,28.513866833139293,0.0,100.0,0-100 DV pre-oriented to message direction; wc=228
hackenburg2025,main veteran healthcare,pythia_msg184,policy_attitude_slider,policy,15.97859432234432,8.14818412397441,16,546,44.05265567765568,28.4764676664368,0.0,100.0,0-100 DV pre-oriented to message direction; wc=325
hackenburg2025,main veteran healthcare,pythia_msg185,policy_attitude_slider,policy,13.22234432234432,11.652998727562682,10,546,44.05265567765568,28.519966718480344,0.0,100.0,0-100 DV pre-oriented to message direction; wc=176
hackenburg2025,main veteran healthcare,pythia_msg186,policy_attitude_slider,policy,3.992798867798868,9.103924797740053,11,546,44.05265567765568,28.395006569072105,0.0,100.0,0-100 DV pre-oriented to message direction; wc=250
hackenburg2025,main veteran healthcare,pythia_msg214,policy_attitude_slider,policy,8.566909539735626,6.848974315595462,23,546,44.05265567765568,28.530083517426338,0.0,100.0,0-100 DV pre-oriented to message direction; wc=368
hackenburg2025,main veteran healthcare,pythia_msg215,policy_attitude_slider,policy,4.987666902989481,5.249710895323483,31,546,44.05265567765568,28.369864928830246,0.0,100.0,0-100 DV pre-oriented to message direction; wc=249
hackenburg2025,main veteran healthcare,pythia_msg216,policy_attitude_slider,policy,5.788253413253415,6.218715505000604,33,546,44.05265567765568,28.77662736250508,0.0,100.0,0-100 DV pre-oriented to message direction; wc=161
hackenburg2025,main veteran healthcare,Qwen1.5_msg245,policy_attitude_slider,policy,1.129162504162501,9.729053598011932,11,546,44.05265567765568,28.436065002317797,0.0,100.0,0-100 DV pre-oriented to message direction; wc=128
hackenburg2025,main veteran healthcare,Qwen1.5_msg274,policy_attitude_slider,policy,3.1781135531135547,9.003900402473421,13,546,44.05265567765568,28.453420512371007,0.0,100.0,0-100 DV pre-oriented to message direction; wc=217
hackenburg2025,main veteran healthcare,Qwen1.5_msg275,policy_attitude_slider,policy,10.73580586080586,9.65540163033446,13,546,44.05265567765568,28.51318726744016,0.0,100.0,0-100 DV pre-oriented to message direction; wc=224
hackenburg2025,main veteran healthcare,Qwen1.5_msg276,policy_attitude_slider,policy,24.37234432234432,7.278689702757082,10,546,44.05265567765568,28.283124246566043,0.0,100.0,0-100 DV pre-oriented to message direction; wc=283
hackenburg2025,main veteran healthcare,Qwen1.5_msg304,policy_attitude_slider,policy,9.651889776889774,11.381088436333036,11,546,44.05265567765568,28.55734395130513,0.0,100.0,0-100 DV pre-oriented to message direction; wc=128
hackenburg2025,main veteran healthcare,Qwen1.5_msg305,policy_attitude_slider,policy,14.44734432234432,9.95106520876142,11,546,44.05265567765568,28.45128755139235,0.0,100.0,0-100 DV pre-oriented to message direction; wc=206
hackenburg2025,main veteran healthcare,Qwen1.5_msg306,policy_attitude_slider,policy,32.44734432234432,7.040213624594857,11,546,44.05265567765568,28.278491130704104,0.0,100.0,0-100 DV pre-oriented to message direction; wc=143
hackenburg2025,main veteran healthcare,Qwen1.5_msg334,policy_attitude_slider,policy,21.926510989010996,10.09878688027247,12,546,44.05265567765568,28.50584017976313,0.0,100.0,0-100 DV pre-oriented to message direction; wc=207
hackenburg2025,main veteran healthcare,Qwen1.5_msg336,policy_attitude_slider,policy,22.06272893772893,8.72091280146735,13,546,44.05265567765568,28.428723608045875,0.0,100.0,0-100 DV pre-oriented to message direction; wc=258
hackenburg2025,main veteran healthcare,Qwen1.5_msg364,policy_attitude_slider,policy,10.024930529240876,6.012126635757485,29,546,44.05265567765568,28.53864183526564,0.0,100.0,0-100 DV pre-oriented to message direction; wc=250
hackenburg2025,main veteran healthcare,Qwen1.5_msg365,policy_attitude_slider,policy,15.74542124542124,6.264249186603467,26,546,44.05265567765568,28.502913856986545,0.0,100.0,0-100 DV pre-oriented to message direction; wc=220
hackenburg2025,main veteran healthcare,Qwen1.5_msg366,policy_attitude_slider,policy,7.081272893772891,6.832176784855676,28,546,44.05265567765568,28.747255384867703,0.0,100.0,0-100 DV pre-oriented to message direction; wc=165
hackenburg2025,main veteran healthcare,Qwen1.5_msg394,policy_attitude_slider,policy,14.458213887561712,3.4303404312770094,92,546,44.05265567765568,28.722978490475384,0.0,100.0,0-100 DV pre-oriented to message direction; wc=203
hackenburg2025,main veteran healthcare,Qwen1.5_msg395,policy_attitude_slider,policy,8.716094322344318,3.551887050195256,80,546,44.05265567765568,28.559072566177147,0.0,100.0,0-100 DV pre-oriented to message direction; wc=226
hackenburg2025,main veteran healthcare,Qwen1.5_msg396,policy_attitude_slider,policy,12.646863553113556,3.3973540381874177,104,546,44.05265567765568,29.037554072090003,0.0,100.0,0-100 DV pre-oriented to message direction; wc=251
hackenburg2025,main veteran healthcare,Yi_msg424,policy_attitude_slider,policy,16.810980685980688,7.973836376401073,11,546,44.05265567765568,28.327571298693183,0.0,100.0,0-100 DV pre-oriented to message direction; wc=338
hackenburg2025,main veteran healthcare,Yi_msg425,policy_attitude_slider,policy,-0.5109890109890145,9.276582363924687,12,546,44.05265567765568,28.439424385545788,0.0,100.0,0-100 DV pre-oriented to message direction; wc=210
hackenburg2025,main veteran healthcare,Yi_msg426,policy_attitude_slider,policy,20.989010989010996,8.308736004413797,12,546,44.05265567765568,28.368295100959685,0.0,100.0,0-100 DV pre-oriented to message direction; wc=240
hackenburg2025,main veteran healthcare,Yi_msg454,policy_attitude_slider,policy,12.833707958707954,7.749520268578879,22,546,44.05265567765568,28.68105158580785,0.0,100.0,0-100 DV pre-oriented to message direction; wc=129
hackenburg2025,main veteran healthcare,Yi_msg455,policy_attitude_slider,policy,14.795829170829172,5.658933282458112,33,546,44.05265567765568,28.56441430216089,0.0,100.0,0-100 DV pre-oriented to message direction; wc=283
hackenburg2025,main veteran healthcare,Yi_msg456,policy_attitude_slider,policy,14.90984432234432,7.598093582712282,20,546,44.05265567765568,28.555853352357115,0.0,100.0,0-100 DV pre-oriented to message direction; wc=118
hackenburg2025,main veteran healthcare,Yi_msg484,policy_attitude_slider,policy,25.94734432234432,5.90515149455434,26,546,44.05265567765568,28.415361352412685,0.0,100.0,0-100 DV pre-oriented to message direction; wc=296
hackenburg2025,main veteran healthcare,Yi_msg485,policy_attitude_slider,policy,0.9473443223443212,6.741565010368287,26,546,44.05265567765568,28.626827641011648,0.0,100.0,0-100 DV pre-oriented to message direction; wc=233
hackenburg2025,main veteran healthcare,Yi_msg486,policy_attitude_slider,policy,14.38212693103997,6.374874060781624,23,546,44.05265567765568,28.431861081467638,0.0,100.0,0-100 DV pre-oriented to message direction; wc=277
hackenburg2025,main veteran healthcare,Llama_msg514,policy_attitude_slider,policy,-4.65265567765568,9.125838099114196,10,546,44.05265567765568,28.37001514442152,0.0,100.0,0-100 DV pre-oriented to message direction; wc=280
hackenburg2025,main veteran healthcare,Llama_msg516,policy_attitude_slider,policy,14.083707958707954,7.793223933962744,11,546,44.05265567765568,28.317607265942,0.0,100.0,0-100 DV pre-oriented to message direction; wc=240
hackenburg2025,main veteran healthcare,Llama_msg544,policy_attitude_slider,policy,11.44734432234432,7.506861867971958,20,546,44.05265567765568,28.539591563513596,0.0,100.0,0-100 DV pre-oriented to message direction; wc=233
hackenburg2025,main veteran healthcare,Llama_msg545,policy_attitude_slider,policy,21.012561713648665,6.034255599052788,23,546,44.05265567765568,28.36544867793377,0.0,100.0,0-100 DV pre-oriented to message direction; wc=247
hackenburg2025,main veteran healthcare,Llama_msg546,policy_attitude_slider,policy,15.364010989010984,6.218190587336167,33,546,44.05265567765568,28.776419764428308,0.0,100.0,0-100 DV pre-oriented to message direction; wc=230
hackenburg2025,main veteran healthcare,Llama_msg574,policy_attitude_slider,policy,19.155677655677657,3.4304877576584403,78,546,44.05265567765568,28.362535882609016,0.0,100.0,0-100 DV pre-oriented to message direction; wc=227
hackenburg2025,main veteran healthcare,Llama_msg575,policy_attitude_slider,policy,9.492216117216117,3.884961825322496,78,546,44.05265567765568,28.92293901530297,0.0,100.0,0-100 DV pre-oriented to message direction; wc=237
hackenburg2025,main veteran healthcare,Llama_msg576,policy_attitude_slider,policy,13.397344322344324,3.365241158731605,105,546,44.05265567765568,29.0078119930554,0.0,100.0,0-100 DV pre-oriented to message direction; wc=236
hackenburg2025,main veteran healthcare,falcon_msg604,policy_attitude_slider,policy,24.69734432234432,8.068589272912337,14,546,44.05265567765568,28.401528419712697,0.0,100.0,0-100 DV pre-oriented to message direction; wc=151
hackenburg2025,main veteran healthcare,falcon_msg605,policy_attitude_slider,policy,10.242798867798868,11.506701264725418,11,546,44.05265567765568,28.56731897418733,0.0,100.0,0-100 DV pre-oriented to message direction; wc=131
hackenburg2025,main veteran healthcare,falcon_msg634,policy_attitude_slider,policy,6.158882783882781,6.285880484353659,26,546,44.05265567765568,28.50834396747636,0.0,100.0,0-100 DV pre-oriented to message direction; wc=150
hackenburg2025,main veteran healthcare,falcon_msg635,policy_attitude_slider,policy,-4.379578754578759,6.146058820553897,26,546,44.05265567765568,28.473557132801936,0.0,100.0,0-100 DV pre-oriented to message direction; wc=216
hackenburg2025,main veteran healthcare,falcon_msg636,policy_attitude_slider,policy,19.89265682234432,5.398847696236864,32,546,44.05265567765568,28.44283422028976,0.0,100.0,0-100 DV pre-oriented to message direction; wc=265
hackenburg2025,main veteran healthcare,gpt_msg664,policy_attitude_slider,policy,11.456959706959708,3.90896480712706,78,546,44.05265567765568,28.95415016533885,0.0,100.0,0-100 DV pre-oriented to message direction; wc=232
hackenburg2025,main veteran healthcare,gpt_msg665,policy_attitude_slider,policy,10.688623392111763,3.4857668208418944,86,546,44.05265567765568,28.63499024000792,0.0,100.0,0-100 DV pre-oriented to message direction; wc=204
hackenburg2025,main veteran healthcare,gpt_msg666,policy_attitude_slider,policy,13.97859432234432,3.4084244620568147,80,546,44.05265567765568,28.38145810739312,0.0,100.0,0-100 DV pre-oriented to message direction; wc=198
hackenburg2025,main veteran healthcare,claude_msg694,policy_attitude_slider,policy,14.798038766788764,4.021889214660148,72,546,44.05265567765568,28.87738945852268,0.0,100.0,0-100 DV pre-oriented to message direction; wc=201
hackenburg2025,main veteran healthcare,claude_msg695,policy_attitude_slider,policy,13.94734432234432,3.84024258811345,74,546,44.05265567765568,28.73361144403776,0.0,100.0,0-100 DV pre-oriented to message direction; wc=194
hackenburg2025,main veteran healthcare,claude_msg696,policy_attitude_slider,policy,15.181110556110552,3.628299816154083,77,546,44.05265567765568,28.571560746758863,0.0,100.0,0-100 DV pre-oriented to message direction; wc=190
hackenburg2025,main veteran healthcare,human_msg729,policy_attitude_slider,policy,16.316987179487178,2.6595055034620696,140,546,44.05265567765568,28.291774400523767,0.0,100.0,0-100 DV pre-oriented to message direction; wc=173
hackenburg2025,main worker_pensions,pythia_msg8,policy_attitude_slider,policy,0.4299853055579561,5.699301069731442,23,503,45.55914512922465,24.96912645996434,0.0,100.0,0-100 DV pre-oriented to message direction; wc=79
hackenburg2025,main worker_pensions,pythia_msg9,policy_attitude_slider,policy,9.615854870775344,6.424075254362998,10,503,45.55914512922465,24.80775631432813,0.0,100.0,0-100 DV pre-oriented to message direction; wc=261
hackenburg2025,main worker_pensions,pythia_msg37,policy_attitude_slider,policy,0.990854870775344,7.052407475965378,10,503,45.55914512922465,24.837796813579352,0.0,100.0,0-100 DV pre-oriented to message direction; wc=42
hackenburg2025,main worker_pensions,pythia_msg39,policy_attitude_slider,policy,3.426148988422405,5.433737879149966,17,503,45.55914512922465,24.799377901803844,0.0,100.0,0-100 DV pre-oriented to message direction; wc=49
hackenburg2025,main worker_pensions,pythia_msg67,policy_attitude_slider,policy,6.440854870775347,5.612399715997759,15,503,45.55914512922465,24.795087657881474,0.0,100.0,0-100 DV pre-oriented to message direction; wc=181
hackenburg2025,main worker_pensions,pythia_msg68,policy_attitude_slider,policy,15.857521537442013,7.518377262521335,12,503,45.55914512922465,24.90440180445934,0.0,100.0,0-100 DV pre-oriented to message direction; wc=188
hackenburg2025,main worker_pensions,pythia_msg69,policy_attitude_slider,policy,4.122673052593527,8.221267011873186,11,503,45.55914512922465,24.928729045585275,0.0,100.0,0-100 DV pre-oriented to message direction; wc=251
hackenburg2025,main worker_pensions,pythia_msg97,policy_attitude_slider,policy,16.42002153744201,6.123073094755527,12,503,45.55914512922465,24.805878312959084,0.0,100.0,0-100 DV pre-oriented to message direction; wc=353
hackenburg2025,main worker_pensions,pythia_msg98,policy_attitude_slider,policy,-3.6552989753785,7.1117478479585605,13,503,45.55914512922465,24.895760122206497,0.0,100.0,0-100 DV pre-oriented to message direction; wc=286
hackenburg2025,main worker_pensions,pythia_msg99,policy_attitude_slider,policy,0.6700215374420111,7.682229190530586,12,503,45.55914512922465,24.91726505663643,0.0,100.0,0-100 DV pre-oriented to message direction; wc=224
hackenburg2025,main worker_pensions,pythia_msg128,policy_attitude_slider,policy,4.259036688957167,7.585237121514736,11,503,45.55914512922465,24.885369591766803,0.0,100.0,0-100 DV pre-oriented to message direction; wc=193
hackenburg2025,main worker_pensions,pythia_msg129,policy_attitude_slider,policy,10.833712013632493,6.330650127995491,14,503,45.55914512922465,24.847052225707355,0.0,100.0,0-100 DV pre-oriented to message direction; wc=183
hackenburg2025,main worker_pensions,pythia_msg158,policy_attitude_slider,policy,5.729316409236887,5.991604074526459,13,503,45.55914512922465,24.806131910343822,0.0,100.0,0-100 DV pre-oriented to message direction; wc=63
hackenburg2025,main worker_pensions,pythia_msg187,policy_attitude_slider,policy,10.034604870775349,8.682559386020609,16,503,45.55914512922465,25.213825891135254,0.0,100.0,0-100 DV pre-oriented to message direction; wc=279
hackenburg2025,main worker_pensions,pythia_msg189,policy_attitude_slider,policy,4.869426299346777,8.80395519743499,14,503,45.55914512922465,25.11184134498305,0.0,100.0,0-100 DV pre-oriented to message direction; wc=224
hackenburg2025,main worker_pensions,pythia_msg217,policy_attitude_slider,policy,1.9166613223882507,4.898585558861685,31,503,45.55914512922465,24.983080638886506,0.0,100.0,0-100 DV pre-oriented to message direction; wc=293
hackenburg2025,main worker_pensions,pythia_msg218,policy_attitude_slider,policy,12.201724435992736,6.084757658809915,23,503,45.55914512922465,25.056805223446837,0.0,100.0,0-100 DV pre-oriented to message direction; wc=359
hackenburg2025,main worker_pensions,pythia_msg219,policy_attitude_slider,policy,9.245542370775349,4.819960789761058,32,503,45.55914512922465,24.984179599524865,0.0,100.0,0-100 DV pre-oriented to message direction; wc=350
hackenburg2025,main worker_pensions,Qwen1.5_msg247,policy_attitude_slider,policy,4.28176396168444,8.452857595419914,11,503,45.55914512922465,24.94536361853965,0.0,100.0,0-100 DV pre-oriented to message direction; wc=125
hackenburg2025,main worker_pensions,Qwen1.5_msg248,policy_attitude_slider,policy,10.746410426330904,6.070812662648665,18,503,45.55914512922465,24.89977974911875,0.0,100.0,0-100 DV pre-oriented to message direction; wc=128
hackenburg2025,main worker_pensions,Qwen1.5_msg249,policy_attitude_slider,policy,12.14085487077535,10.20540739490302,10,503,45.55914512922465,25.02997822699505,0.0,100.0,0-100 DV pre-oriented to message direction; wc=114
hackenburg2025,main worker_pensions,Qwen1.5_msg277,policy_attitude_slider,policy,16.090854870775345,6.879886633945449,15,503,45.55914512922465,24.92469386391914,0.0,100.0,0-100 DV pre-oriented to message direction; wc=271
hackenburg2025,main worker_pensions,Qwen1.5_msg278,policy_attitude_slider,policy,10.89673722371652,5.431697744194891,17,503,45.55914512922465,24.79914322159992,0.0,100.0,0-100 DV pre-oriented to message direction; wc=290
hackenburg2025,main worker_pensions,Qwen1.5_msg279,policy_attitude_slider,policy,12.833712013632493,6.502762663044112,14,503,45.55914512922465,24.86275501289631,0.0,100.0,0-100 DV pre-oriented to message direction; wc=233
hackenburg2025,main worker_pensions,Qwen1.5_msg307,policy_attitude_slider,policy,3.1226730525935267,10.100378229127031,11,503,45.55914512922465,25.07664770944936,0.0,100.0,0-100 DV pre-oriented to message direction; wc=268
hackenburg2025,main worker_pensions,Qwen1.5_msg309,policy_attitude_slider,policy,29.253354870775347,5.650007051258837,12,503,45.55914512922465,24.776975712403488,0.0,100.0,0-100 DV pre-oriented to message direction; wc=273
hackenburg2025,main worker_pensions,Qwen1.5_msg337,policy_attitude_slider,policy,5.172997727918201,7.728748459251732,14,503,45.55914512922465,24.98644723783605,0.0,100.0,0-100 DV pre-oriented to message direction; wc=196
hackenburg2025,main worker_pensions,Qwen1.5_msg338,policy_attitude_slider,policy,19.297997727918208,5.746433604850704,14,503,45.55914512922465,24.796825557016103,0.0,100.0,0-100 DV pre-oriented to message direction; wc=223
hackenburg2025,main worker_pensions,Qwen1.5_msg339,policy_attitude_slider,policy,19.50903668895716,9.577348010638326,11,503,45.55914512922465,25.032520422506536,0.0,100.0,0-100 DV pre-oriented to message direction; wc=209
hackenburg2025,main worker_pensions,Qwen1.5_msg367,policy_attitude_slider,policy,3.509036688957167,5.569600903497232,22,503,45.55914512922465,24.91443581861722,0.0,100.0,0-100 DV pre-oriented to message direction; wc=243
hackenburg2025,main worker_pensions,Qwen1.5_msg368,policy_attitude_slider,policy,7.075470255390734,4.680859811744373,26,503,45.55914512922465,24.8074255417335,0.0,100.0,0-100 DV pre-oriented to message direction; wc=251
hackenburg2025,main worker_pensions,Qwen1.5_msg369,policy_attitude_slider,policy,12.155140585061062,5.901459917618596,14,503,45.55914512922465,24.80968962271127,0.0,100.0,0-100 DV pre-oriented to message direction; wc=223
hackenburg2025,main worker_pensions,Qwen1.5_msg397,policy_attitude_slider,policy,14.774188204108682,3.213934623233128,84,503,45.55914512922465,25.295225879720988,0.0,100.0,0-100 DV pre-oriented to message direction; wc=236
hackenburg2025,main worker_pensions,Qwen1.5_msg398,policy_attitude_slider,policy,8.281018805201576,3.996543891118351,61,503,45.55914512922465,25.47874112206222,0.0,100.0,0-100 DV pre-oriented to message direction; wc=197
hackenburg2025,main worker_pensions,Qwen1.5_msg399,policy_attitude_slider,policy,10.065854870775349,3.105473578205978,74,503,45.55914512922465,24.89367246938224,0.0,100.0,0-100 DV pre-oriented to message direction; wc=205
hackenburg2025,main worker_pensions,Yi_msg428,policy_attitude_slider,policy,11.690854870775349,5.028097917440531,21,503,45.55914512922465,24.7972594554088,0.0,100.0,0-100 DV pre-oriented to message direction; wc=216
hackenburg2025,main worker_pensions,Yi_msg429,policy_attitude_slider,policy,8.257521537442017,7.533569239926493,15,503,45.55914512922465,25.00149651589636,0.0,100.0,0-100 DV pre-oriented to message direction; wc=298
hackenburg2025,main worker_pensions,Yi_msg457,policy_attitude_slider,policy,7.690854870775347,5.582651922617389,27,503,45.55914512922465,25.071599286464977,0.0,100.0,0-100 DV pre-oriented to message direction; wc=300
hackenburg2025,main worker_pensions,Yi_msg458,policy_attitude_slider,policy,-3.809145129224653,4.951600328005768,32,503,45.55914512922465,25.03204523812952,0.0,100.0,0-100 DV pre-oriented to message direction; wc=239
hackenburg2025,main worker_pensions,Yi_msg459,policy_attitude_slider,policy,11.113931793852268,5.851312657840729,26,503,45.55914512922465,25.11200806248415,0.0,100.0,0-100 DV pre-oriented to message direction; wc=112
hackenburg2025,main worker_pensions,Yi_msg487,policy_attitude_slider,policy,13.533712013632488,4.706086894804159,35,503,45.55914512922465,25.028670636261403,0.0,100.0,0-100 DV pre-oriented to message direction; wc=222
hackenburg2025,main worker_pensions,Yi_msg488,policy_attitude_slider,policy,9.282960133933244,6.104167071696622,19,503,45.55914512922465,24.930705089237428,0.0,100.0,0-100 DV pre-oriented to message direction; wc=212
hackenburg2025,main worker_pensions,Yi_msg489,policy_attitude_slider,policy,11.794303146637418,4.643000516130425,29,503,45.55914512922465,24.85367053061754,0.0,100.0,0-100 DV pre-oriented to message direction; wc=215
hackenburg2025,main worker_pensions,Llama_msg517,policy_attitude_slider,policy,10.325470255390734,8.397244655717303,13,503,45.55914512922465,25.016988580116315,0.0,100.0,0-100 DV pre-oriented to message direction; wc=286
hackenburg2025,main worker_pensions,Llama_msg518,policy_attitude_slider,policy,18.14085487077535,6.011129130976524,10,503,45.55914512922465,24.78952113270952,0.0,100.0,0-100 DV pre-oriented to message direction; wc=300
hackenburg2025,main worker_pensions,Llama_msg519,policy_attitude_slider,policy,23.38728344220392,7.597659372636969,14,503,45.55914512922465,24.972235077476075,0.0,100.0,0-100 DV pre-oriented to message direction; wc=243
hackenburg2025,main worker_pensions,Llama_msg547,policy_attitude_slider,policy,14.4854977279182,4.078840062473434,28,503,45.55914512922465,24.69187948176164,0.0,100.0,0-100 DV pre-oriented to message direction; wc=232
hackenburg2025,main worker_pensions,Llama_msg548,policy_attitude_slider,policy,14.119426299346776,5.366338136373856,21,503,45.55914512922465,24.854232923847224,0.0,100.0,0-100 DV pre-oriented to message direction; wc=261
hackenburg2025,main worker_pensions,Llama_msg549,policy_attitude_slider,policy,11.829743759664233,5.102730319654815,27,503,45.55914512922465,24.93525592162693,0.0,100.0,0-100 DV pre-oriented to message direction; wc=227
hackenburg2025,main worker_pensions,Llama_msg577,policy_attitude_slider,policy,10.93723168236955,3.3078770826268533,69,503,45.55914512922465,25.00673995204368,0.0,100.0,0-100 DV pre-oriented to message direction; wc=229
hackenburg2025,main worker_pensions,Llama_msg578,policy_attitude_slider,policy,13.493632648553124,3.311459333603234,90,503,45.55914512922465,25.650677543485404,0.0,100.0,0-100 DV pre-oriented to message direction; wc=265
hackenburg2025,main worker_pensions,Llama_msg579,policy_attitude_slider,policy,10.19623121486137,2.9988293877226733,93,503,45.55914512922465,25.20250225552588,0.0,100.0,0-100 DV pre-oriented to message direction; wc=268
hackenburg2025,main worker_pensions,falcon_msg607,policy_attitude_slider,policy,-5.334145129224652,8.626823065709205,10,503,45.55914512922465,24.925166244066173,0.0,100.0,0-100 DV pre-oriented to message direction; wc=128
hackenburg2025,main worker_pensions,falcon_msg608,policy_attitude_slider,policy,7.710085640006113,9.839740116458977,13,503,45.55914512922465,25.176057531129175,0.0,100.0,0-100 DV pre-oriented to message direction; wc=129
hackenburg2025,main worker_pensions,falcon_msg609,policy_attitude_slider,policy,1.1523933323138067,7.685387743666383,13,503,45.55914512922465,24.947446073042943,0.0,100.0,0-100 DV pre-oriented to message direction; wc=227
hackenburg2025,main worker_pensions,falcon_msg637,policy_attitude_slider,policy,11.072433818143764,5.471378843460317,19,503,45.55914512922465,24.833899132538,0.0,100.0,0-100 DV pre-oriented to message direction; wc=167
hackenburg2025,main worker_pensions,falcon_msg638,policy_attitude_slider,policy,6.362729870775347,5.059051865275225,32,503,45.55914512922465,25.07200166679079,0.0,100.0,0-100 DV pre-oriented to message direction; wc=290
hackenburg2025,main worker_pensions,falcon_msg639,policy_attitude_slider,policy,4.789069156489632,5.339506536863076,28,503,45.55914512922465,25.03312438227799,0.0,100.0,0-100 DV pre-oriented to message direction; wc=145
hackenburg2025,main worker_pensions,gpt_msg667,policy_attitude_slider,policy,15.208296731240466,2.655356886038241,86,503,45.55914512922465,24.537320834745067,0.0,100.0,0-100 DV pre-oriented to message direction; wc=212
hackenburg2025,main worker_pensions,gpt_msg668,policy_attitude_slider,policy,9.510475123939903,3.004854013149997,79,503,45.55914512922465,24.87658485753542,0.0,100.0,0-100 DV pre-oriented to message direction; wc=198
hackenburg2025,main worker_pensions,gpt_msg669,policy_attitude_slider,policy,11.86236649868232,2.880569261633028,86,503,45.55914512922465,24.85168391855074,0.0,100.0,0-100 DV pre-oriented to message direction; wc=210
hackenburg2025,main worker_pensions,claude_msg697,policy_attitude_slider,policy,10.852440236629008,2.739931897116188,82,503,45.55914512922465,24.5914899874934,0.0,100.0,0-100 DV pre-oriented to message direction; wc=187
hackenburg2025,main worker_pensions,claude_msg698,policy_attitude_slider,policy,17.614767914253605,3.0079047879673824,69,503,45.55914512922465,24.69295094300153,0.0,100.0,0-100 DV pre-oriented to message direction; wc=181
hackenburg2025,main worker_pensions,claude_msg699,policy_attitude_slider,policy,12.57721850713898,3.226352532616136,77,503,45.55914512922465,25.11528336840195,0.0,100.0,0-100 DV pre-oriented to message direction; wc=211
hackenburg2025,main worker_pensions,human_msg730,policy_attitude_slider,policy,8.818632648553127,2.634332216756781,135,503,45.55914512922465,25.51809187608754,0.0,100.0,0-100 DV pre-oriented to message direction; wc=124
